1.436352715215658211e-06 1.201785062586284758e-06 9.750524481667666778e-07 7.840069032750601649e-07 6.253154367195033008e-07 4.968068948695061828e-07 3.942477285530603065e-07 3.113573401712867801e-07 2.452379131014012166e-07 1.930863714041522236e-07 1.514101188796233688e-07 1.186008721177516913e-07 9.309594825889737917e-08 7.276645072947056683e-08 5.604384796181787228e-08 4.123140101379256093e-08 2.672944019665570087e-08 1.220876457310529581e-08 -1.769940969766818375e-09 -1.449814059748201954e-08 -2.501257413305418552e-08 -3.289309452042508198e-08 -3.838155454026024802e-08 -4.176261997687838227e-08 1.140238282472982576e-07 9.614904928106128337e-08 7.772895980116979666e-08 6.196688993294057324e-08 4.888950073622224666e-08 3.837017315883120876e-08 3.005554456420518673e-08 2.341058435853744626e-08 1.817727552512262801e-08 1.410784672898801726e-08 1.090643616875522628e-08 8.423867399766575200e-09 6.502958176587690351e-09 4.931752714202677559e-09 3.553831709495705501e-09 2.252456980617585127e-09 9.590653297124091101e-10 -2.773964459000916490e-10 -1.365821418419044915e-09 -2.254414914918358048e-09 -2.907600534419982375e-09 -3.336681762587359417e-09 -3.585401785534993988e-09 -3.691079253730728291e-09 1.572427153051707134e-09 1.320039137863969455e-09 1.060854143928281296e-09 8.405493519139076064e-10 6.590782042988293207e-10 5.141261801853642520e-10 4.003343355939909310e-10 3.100060832350024691e-10 2.393521938689551709e-10 1.847805143540094239e-10 1.420554264400450492e-10 1.088313431440155506e-10 8.264800661169321881e-11 6.057256090725312578e-11 4.086973490754442576e-11 2.255958772592971335e-11 5.165855756194087898e-12 -1.058453196951194448e-11 -2.382661323557692810e-11 -3.428903250723306032e-11 -4.177954360781361751e-11 -4.653680535548949451e-11 -4.910804176704471027e-11 -4.995386128019029307e-11 3.398657556104823985e-10 2.855636229045379013e-10 2.298671696662117477e-10 1.825548222411113198e-10 1.435617420880546982e-10 1.123757289884062241e-10 8.784833770780168880e-11 6.833133929682598432e-11 5.301216113029644959e-11 4.110013586046098952e-11 3.164227950393248213e-11 2.413521354820812458e-11 1.814199221588388521e-11 1.317109803732947878e-11 8.961790921706664052e-12 5.290314237954252539e-12 1.922942999316590081e-12 -1.156681362399186407e-12 -3.865463602225323883e-12 -6.144823384798216881e-12 -7.898001908083585335e-12 -9.111844501549204122e-12 -9.863576031497677377e-12 -1.022784099960350658e-11 3.919137941941464757e-10 3.297735210139088860e-10 2.660272217267379089e-10 2.118082454421859448e-10 1.670349550924210850e-10 1.311432511608206566e-10 1.028420355537890278e-10 8.025500861265538208e-11 6.245182996180188304e-11 4.850923662124918533e-11 3.733732420282082512e-11 2.842635775376342134e-11 2.135842131991339191e-11 1.562999148734468288e-11 1.093716740351580159e-11 6.932025516379090678e-12 3.241650922313897522e-12 -2.242860198575986726e-13 -3.384393022401219458e-12 -6.142763682587258503e-12 -8.342499158936226391e-12 -9.929103064389776828e-12 -1.097183161112043463e-11 -1.154433068459044949e-11 5.896191919429034195e-10 4.976386734197095329e-10 4.031051766014469251e-10 3.223708328756349491e-10 2.553865687665481372e-10 2.014324974668093585e-10 1.586839208173896143e-10 1.243940538636885940e-10 9.720789005847078964e-11 7.578748244352186061e-11 5.857982675997356681e-11 4.490112335057564535e-11 3.415195069389475892e-11 2.554634247014508734e-11 1.854619549631197092e-11 1.255175727395812751e-11 6.960425097900753796e-12 1.617476664670664485e-12 -3.357243209045095366e-12 -7.809918535257544329e-12 -1.146729120255637299e-11 -1.420054939736779716e-11 -1.608527952906098589e-11 -1.721126256929858067e-11
1.201785062586284758e-06 1.122788528632154206e-06 9.512287584255025769e-07 7.799279899130029774e-07 6.296550751746746744e-07 5.043050733866027399e-07 4.025347678065541686e-07 3.193684367986360504e-07 2.525438782574909177e-07 1.995552294906608542e-07 1.570292456713126915e-07 1.233632602330505617e-07 9.685911099367466197e-08 7.517359896297852905e-08 5.681470557904496239e-08 4.064492662490459912e-08 2.568853460210318924e-08 1.178148849751356948e-08 -1.042410507878821380e-09 -1.277068784497115010e-08 -2.281343856819713690e-08 -3.069735962760589133e-08 -3.645376756903435687e-08 -4.019331905013357109e-08 9.614904928106128337e-08 8.885754633562875344e-08 7.555839542722044038e-08 6.165804031925526240e-08 4.932943192679069415e-08 3.907274481726689890e-08 3.080824278550380366e-08 2.412392238862707381e-08 1.881728627290265762e-08 1.466596436172121859e-08 1.137871678924153467e-08 8.797169939045464874e-09 6.748280351474630071e-09 5.024199200124716331e-09 3.519210165288235738e-09 2.175520350407021725e-09 9.364673735145506733e-10 -1.968729003433418713e-10 -1.199826927231037669e-09 -2.051260161914540647e-09 -2.709877051150454422e-09 -3.166779908317276313e-09 -3.450103848949114072e-09 -3.588361587396159978e-09 1.320039137863969042e-09 1.218438287536738870e-09 1.032112411755852408e-09 8.377120078140727177e-10 6.663015360757630463e-10 5.246508967555087657e-10 4.112857516740858360e-10 3.202139930738026534e-10 2.483867239371450821e-10 1.924984167618962076e-10 1.482911219210231222e-10 1.133281076694981811e-10 8.522244308360898550e-11 6.140609375986337258e-11 4.071227533337985175e-11 2.243260404370991452e-11 5.838530934549631638e-12 -8.921272874611537380e-12 -2.147390877291789898e-11 -3.170630192124270959e-11 -3.934757190269686973e-11 -4.446199760568659247e-11 -4.745707452467186177e-11 -4.870327986730606797e-11 2.855636229045379530e-10 2.638007872964072267e-10 2.237194986611698953e-10 1.819194796249319479e-10 1.450684083590486354e-10 1.145899614941831842e-10 9.015866451169914178e-11 7.048218299587014427e-11 5.489127448710848668e-11 4.265111043526572484e-11 3.285036384256138123e-11 2.504351117531649358e-11 1.881008755310459753e-11 1.362402530722842701e-11 9.209468545307720946e-12 5.392278319145722478e-12 2.004543036542874479e-12 -9.711634465868680564e-13 -3.532723542353761275e-12 -5.705588850080726313e-12 -7.429704688010347837e-12 -8.678403264273209997e-12 -9.498840603197244400e-12 -9.939921298488004173e-12 3.297735210139087826e-10 3.048492674255221890e-10 2.589034572751342605e-10 2.109794523140446756e-10 1.686735581778605010e-10 1.336121869531323022e-10 1.054368657773551101e-10 8.266866765513362065e-11 6.453419503569694758e-11 5.020844404102567720e-11 3.870069042061832716e-11 2.955563364685966438e-11 2.230379033237111267e-11 1.632910278124790837e-11 1.130817209093771038e-11 7.019494093075791408e-12 3.226477268413980938e-12 -1.379405471013649909e-13 -3.099552295711818732e-12 -5.690349329114660411e-12 -7.819397450609003370e-12 -9.423500013017628050e-12 -1.053407105187027714e-11 -1.119092884364902721e-11 4.976386734197096363e-10 4.604790378742969001e-10 3.921364383895126050e-10 3.207800008899645544e-10 2.575558725963923963e-10 2.049221425064767023e-10 1.624212662350980041e-10 1.278933185397846184e-10 1.002442848416433217e-10 7.833389695105403967e-11 6.073446672575157026e-11 4.676636122314843310e-11 3.570777551883117112e-11 2.663921535278719376e-11 1.907259181497008072e-11 1.261459357003947412e-11 6.844198358690879043e-12 1.638923173582159987e-12 -3.027763422036190432e-12 -7.191288829025709392e-12 -1.069583925816666994e-11 -1.341916322191740299e-11 -1.538605299344139879e-11 -1.663297138744704747e-11
9.750524481667666778e-07 9.512287584255025769e-07 8.938458339137061385e-07 7.660975794007991197e-07 6.322979192793662220e-07 5.136357620574472216e-07 4.139851324326933741e-07 3.309099801971417007e-07 2.632780005802172613e-07 2.091611169246864925e-07 1.653678743194454480e-07 1.302897590745280302e-07 1.020821933467952063e-07 7.838806622153653214e-08 5.810067710212275050e-08 4.059812891833556375e-08 2.518109626196867220e-08 1.170421908344552072e-08 -7.971316812609681669e-11 -1.066252728085387484e-08 -1.995726652370083408e-08 -2.766163636082919267e-08 -3.366169487278617900e-08 -3.784855099173370896e-08 7.772895980116979666e-08 7.555839542722044038e-08 7.029062988820530779e-08 6.042506064862467036e-08 4.962676676487583669e-08 3.995225385938396869e-08 3.185274470246397625e-08 2.515437220422972286e-08 1.975943854365456363e-08 1.549144803421687206e-08 1.206659287141924792e-08 9.319111668186269489e-09 7.080583594776290197e-09 5.174911393463586438e-09 3.543993806206979530e-09 2.156097278132020944e-09 9.528097319361830842e-10 -9.008508505705943134e-11 -9.958362018558530903e-10 -1.786441815598982787e-09 -2.435407105074628852e-09 -2.919628922716269976e-09 -3.246875721053310927e-09 -3.430770832628522226e-09 1.060854143928281089e-09 1.032112411755852408e-09 9.597554158517825657e-10 8.223858155898569736e-10 6.720371047019784214e-10 5.380413981239248680e-10 4.265791015814570020e-10 3.349964622285610858e-10 2.616517345452426166e-10 2.037906588712138212e-10 1.572510442559792428e-10 1.197139270096432632e-10 8.911053475079443900e-11 6.327594937770051088e-11 4.143516051550133480e-11 2.300392113013153351e-11 7.064075995761929670e-12 -6.682799506400859565e-12 -1.837514433668999396e-11 -2.819626725336654977e-11 -3.591162975372402607e-11 -4.143022967318386385e-11 -4.497889991505150532e-11 -4.678749868434193747e-11 2.298671696662117219e-10 2.237194986611698953e-10 2.081956376907291805e-10 1.786126457761874992e-10 1.462476897010551269e-10 1.174024396741251565e-10 9.337742225158358705e-11 7.357595237987043933e-11 5.761967563408266265e-11 4.492773660760966645e-11 3.467261041756284361e-11 2.644302077162015394e-11 1.981989971725608559e-11 1.429047264305501067e-11 9.621988652217775334e-12 5.663543337413911245e-12 2.249872559616455503e-12 -6.463040042194341374e-13 -3.070673176411524440e-12 -5.119380934019906647e-12 -6.789158899457060833e-12 -8.062845017710909561e-12 -8.962947326531547485e-12 -9.505675027742690086e-12 2.660272217267379089e-10 2.589034572751342605e-10 2.410496931363533903e-10 2.070698730006454979e-10 1.699019769590602466e-10 1.367319154371763045e-10 1.090349220853040944e-10 8.611588150135163862e-11 6.756075663266987417e-11 5.276326145700188468e-11 4.082237753104190427e-11 3.128223561684610720e-11 2.364097601098736557e-11 1.727067153175759833e-11 1.188242950380946278e-11 7.317738912805732150e-12 3.402318043489452918e-12 9.079360069837740372e-14 -2.698866181711053638e-12 -5.101317124662888229e-12 -7.118380473170930877e-12 -8.715043423296553148e-12 -9.896706930711219250e-12 -1.066185085972202897e-11 4.031051766014469251e-10 3.921364383895127084e-10 3.652631949537537827e-10 3.145065934836463254e-10 2.589912694381695431e-10 2.092766790456017974e-10 1.675682098628236341e-10 1.328833475492267148e-10 1.047066566839178820e-10 8.220724102308756406e-11 6.404109367202851340e-11 4.951246323839688299e-11 3.785934693065315514e-11 2.813623533463067303e-11 1.992044830247030485e-11 1.296764320928334592e-11 6.975353875026246399e-12 1.845330072138676659e-12 -2.545026860179952169e-12 -6.387610740473066556e-12 -9.672631530212840749e-12 -1.233698902391586567e-11 -1.437887837480910312e-11 -1.577501223009191213e-11
7.840069032750601649e-07 7.799279899130029774e-07 7.660975794007991197e-07 7.262201553392920507e-07 6.273921731037996554e-07 5.217720874140850726e-07 4.270518852737328428e-07 3.451619923792450540e-07 2.770167646800658548e-07 2.216266611852468378e-07 1.761425505282836494e-07 1.389890993305151841e-07 1.084332890613694743e-07 8.241308921380680264e-08 6.027897242536101789e-08 4.163680051342869671e-08 2.576480843094139017e-08 1.243027549455683685e-08 1.269476853233563241e-09 -8.397413837738542387e-09 -1.685090165694663869e-08 -2.412957682477046188e-08 -3.019881537115448027e-08 -3.479671124826554977e-08 6.196688993294057324e-08 6.165804031925526240e-08 6.042506064862467036e-08 5.677367895400504186e-08 4.920124490574905610e-08 4.072806308062869174e-08 3.304938695239923118e-08 2.643135432941779408e-08 2.096423928139595380e-08 1.655157980256051771e-08 1.293210277287361198e-08 9.958541547865114979e-09 7.500439963509172745e-09 5.418931941331860440e-09 3.677874900026380184e-09 2.243963605866836897e-09 1.048025185831843744e-09 5.562793825043146835e-11 -7.750551929009998391e-10 -1.496916946841597873e-09 -2.114588676018441134e-09 -2.611453046444637369e-09 -2.980744162246075891e-09 -3.217378457726279509e-09 8.405493519139076064e-10 8.377120078140728211e-10 8.223858155898571804e-10 7.729213648741256881e-10 6.679694768398900385e-10 5.503637764479200161e-10 4.442846635799747395e-10 3.533551289444374326e-10 2.785197761826845038e-10 2.181401115791441228e-10 1.685403056401131309e-10 1.278772703570359577e-10 9.455801431000772395e-11 6.669623650375721767e-11 4.365864750968581861e-11 2.482409272089109769e-11 9.138151365664161906e-12 -3.920454891949332536e-12 -1.483612975887447583e-11 -2.412841033150347892e-11 -3.175667800530224429e-11 -3.759745534916439669e-11 -4.172446368909916249e-11 -4.419638621099603610e-11 1.825548222411113198e-10 1.819194796249319220e-10 1.786126457761874992e-10 1.679683089115678678e-10 1.453302459523215457e-10 1.199740133078293553e-10 9.707939965762525776e-11 7.737909648072695076e-11 6.107626882552722217e-11 4.788323782467057310e-11 3.708464774087124670e-11 2.831096337000412141e-11 2.117998322046219443e-11 1.522640535238237032e-11 1.027253969730411619e-11 6.173699856451909169e-12 2.723987744624048894e-12 -1.388615238966948696e-13 -2.482176193213354315e-12 -4.433208301084131746e-12 -6.037644994087608804e-12 -7.312832104167379599e-12 -8.280780238096630995e-12 -8.931840506707287218e-12 2.118082454421859706e-10 2.109794523140446756e-10 2.070698730006454462e-10 1.947678681814356569e-10 1.687127714933278629e-10 1.395379836398201673e-10 1.131346550338456264e-10 9.033866539968257609e-11 7.143625049705789118e-11 5.614888158884287346e-11 4.366907539624562645e-11 3.355851578300074156e-11 2.534672574671644855e-11 1.846964903586645078e-11 1.271018800434544880e-11 7.914006589144950197e-12 3.876657279576747319e-12 5.487087027068585344e-13 -2.159304458092088255e-12 -4.422321225758411513e-12 -6.316617579932718323e-12 -7.869186688231195776e-12 -9.096993608451515206e-12 -9.970289642612431894e-12 3.223708328756349491e-10 3.207800008899645544e-10 3.145065934836463254e-10 2.958115957983583900e-10 2.567560319879136868e-10 2.130577997998645640e-10 1.733810792634403353e-10 1.390167787607327704e-10 1.104659921148470817e-10 8.733756000459379206e-11 6.841725631194693476e-11 5.305111963737164567e-11 4.053691933101498692e-11 3.001850791677449731e-11 2.116845176826125212e-11 1.377515343357416920e-11 7.543248321931808622e-12 2.382793337955600515e-12 -1.860798490641885051e-12 -5.456965581080683232e-12 -8.512368446857462014e-12 -1.106210092349653019e-11 -1.313258216048850496e-11 -1.466728674814843571e-11
6.253154367195031949e-07 6.296550751746745685e-07 6.322979192793662220e-07 6.273921731037996554e-07 6.002489229120470657e-07 5.235193724074821568e-07 4.392432816034134584e-07 3.610416669575011485e-07 2.932966420021382892e-07 2.367145999263753311e-07 1.890884669704488523e-07 1.492676604656903974e-07 1.160000831923476726e-07 8.766249474597814442e-08 6.385221729001862966e-08 4.417712469013053506e-08 2.776866628206487462e-08 1.429007049532174130e-08 3.313654552503476425e-09 -5.874170539734967319e-09 -1.367219853950230828e-08 -2.040141745682517318e-08 -2.628428880374551523e-08 -3.112191132226690687e-08 4.888950073622224666e-08 4.932943192679070077e-08 4.962676676487583669e-08 4.920124490574906933e-08 4.671345592338168364e-08 4.088943143258566678e-08 3.416783884036202672e-08 2.785390886962456625e-08 2.238274379700272466e-08 1.781154814318575726e-08 1.395290448134686735e-08 1.072364169685833714e-08 8.046636081492355575e-09 5.803527521941204954e-09 3.959132209509293173e-09 2.468943003956470301e-09 1.251827471359300843e-09 2.679646233003868244e-10 -5.280038893078838117e-10 -1.198886282709424468e-09 -1.774094065996626943e-09 -2.261376227143899055e-09 -2.658117378399267614e-09 -2.945681011643623860e-09 6.590782042988293207e-10 6.663015360757630463e-10 6.720371047019783180e-10 6.679694768398900385e-10 6.347957130999082912e-10 5.543457957213519906e-10 4.611610965992757582e-10 3.738245656582751652e-10 2.982606203530433562e-10 2.351856167773304633e-10 1.821495602841116640e-10 1.381510847959941083e-10 1.020946598371398422e-10 7.221711252090429606e-11 4.787469338368940084e-11 2.833866584621574854e-11 1.243832450381316371e-11 -4.303308568677071538e-13 -1.089770777694178543e-11 -1.971936148065156102e-11 -2.712132887045703488e-11 -3.311455346333475173e-11 -3.773367013551975343e-11 -4.088990306214206892e-11 1.435617420880546724e-10 1.450684083590486613e-10 1.462476897010551269e-10 1.453302459523215199e-10 1.381531210801879947e-10 1.207405206174250359e-10 1.005532057729736702e-10 8.158811934464803919e-11 6.516375423803207152e-11 5.149926070088342205e-11 4.008496487677400804e-11 3.066825432755754752e-11 2.295855316779552179e-11 1.654263630769802244e-11 1.127261375598263882e-11 6.996914243332545357e-12 3.472502507277088143e-12 5.934669438296269860e-13 -1.734186082692840545e-12 -3.645357883251556068e-12 -5.204887372666278072e-12 -6.465784849354547407e-12 -7.475910117170544732e-12 -8.222759404678393039e-12 1.670349550924210333e-10 1.686735581778604493e-10 1.699019769590601949e-10 1.687127714933278629e-10 1.603533634458127685e-10 1.402369552897128284e-10 1.169305444980152363e-10 9.502961241475773213e-11 7.607795027374270882e-11 6.033847377955116432e-11 4.721142886890655085e-11 3.638004567977318372e-11 2.748777512229811575e-11 2.005057167913219611e-11 1.390170845001167510e-11 8.875804917396219990e-12 4.708532144236916310e-12 1.308424315057029195e-12 -1.415798280662263843e-12 -3.633466409479334126e-12 -5.446114257249261179e-12 -6.937684166818178813e-12 -8.172680844941043299e-12 -9.128847102051364464e-12 2.553865687665481888e-10 2.575558725963924480e-10 2.589912694381694914e-10 2.567560319879136868e-10 2.438940958005317638e-10 2.136377438170129805e-10 1.787003703227490804e-10 1.458473414875532575e-10 1.173644062922700972e-10 9.364524144976096960e-11 7.380084158291020389e-11 5.737117259183186577e-11 4.382702055838115502e-11 3.243728005924116984e-11 2.295803003706128539e-11 1.515992754431923799e-11 8.673013734906671805e-12 3.380121914595940199e-12 -8.719990087465139401e-13 -4.364834639888311497e-12 -7.257888069319973669e-12 -9.674314574568564744e-12 -1.171352218261795781e-11 -1.333942749619679158e-11
4.968068948695061828e-07 5.043050733866027399e-07 5.136357620574472216e-07 5.217720874140851785e-07 5.235193724074820510e-07 5.062088516700297880e-07 4.456619624306393375e-07 3.759285466982225711e-07 3.106281261965838014e-07 2.533801991385482167e-07 2.035136209139451121e-07 1.608779366511835765e-07 1.249898654231677834e-07 9.452474951359765708e-08 6.917091623678757484e-08 4.844039298572599783e-08 3.133567037048700073e-08 1.743557198015071327e-08 6.269500189981668571e-09 -2.881175762991582545e-09 -1.041173472376337599e-08 -1.672630096259006893e-08 -2.227755770481507360e-08 -2.709800239445893508e-08 3.837017315883120876e-08 3.907274481726689890e-08 3.995225385938396207e-08 4.072806308062869174e-08 4.088943143258566678e-08 3.927182773558410115e-08 3.472587890245047178e-08 2.917132724600449882e-08 2.386721703798981903e-08 1.918153739733359066e-08 1.509538539246391902e-08 1.162832675171107511e-08 8.753158635001841525e-09 6.359223138436159027e-09 4.407129465408094369e-09 2.843233720108484675e-09 1.577342164164155582e-09 5.662409486115178818e-10 -2.357259263594343880e-10 -8.910806337425323617e-10 -1.436667960926912925e-09 -1.901212383569980981e-09 -2.302897362327728642e-09 -2.626761139213574418e-09 5.141261801853642520e-10 5.246508967555087657e-10 5.380413981239248680e-10 5.503637764479201195e-10 5.543457957213519906e-10 5.331291014975421749e-10 4.702306576622517059e-10 3.928186813267561958e-10 3.189450432606467654e-10 2.540039115727165311e-10 1.978719044680835931e-10 1.507531729721094982e-10 1.120792156639796951e-10 8.016294825616900157e-11 5.433195102011775942e-11 3.376892165628173196e-11 1.720701741064055901e-11 4.010816742179408591e-12 -6.480033942458129939e-12 -1.511221097595247671e-11 -2.230549743882038136e-11 -2.829278493593705410e-11 -3.322328119040190353e-11 -3.696582844613688896e-11 1.123757289884062241e-10 1.145899614941831842e-10 1.174024396741251565e-10 1.199740133078293811e-10 1.207405206174250359e-10 1.160506341364022835e-10 1.023225688588713990e-10 8.550109260064668018e-11 6.953474555743446569e-11 5.558460415203079346e-11 4.357833504483416645e-11 3.350402825918022287e-11 2.520658000402888598e-11 1.831719987225801690e-11 1.269916755736090387e-11 8.188336512601782222e-12 4.518584845466164791e-12 1.560326637670453080e-12 -8.107337533364265017e-13 -2.745165045922562688e-12 -4.308477116389436545e-12 -5.567160616602706210e-12 -6.599037369505906175e-12 -7.413815576415782504e-12 1.311432511608206566e-10 1.336121869531323022e-10 1.367319154371763045e-10 1.395379836398201673e-10 1.402369552897128284e-10 1.346788455274816699e-10 1.187890704914356312e-10 9.942190590239140101e-11 8.108622784950047973e-11 6.508435772202302611e-11 5.130383155426979323e-11 3.971000620847044718e-11 3.011995391338432933e-11 2.211565710908715159e-11 1.555126094716929733e-11 1.024816602503000193e-11 5.905003834325381556e-12 2.386254691414216775e-12 -4.267622281490542395e-13 -2.696073791537435458e-12 -4.509992474731152231e-12 -5.970893290061101119e-12 -7.190613720180463183e-12 -8.188679685869326939e-12 2.014324974668093068e-10 2.049221425064766506e-10 2.092766790456017974e-10 2.130577997998645640e-10 2.136377438170130063e-10 2.050013400158417634e-10 1.811558123162303312e-10 1.522120324097879319e-10 1.247645994323157265e-10 1.007325692712021892e-10 7.995793452729413711e-11 6.240204461002085042e-11 4.780154451174737558e-11 3.553862702460765052e-11 2.541401261004210406e-11 1.717974818608265948e-11 1.039784988187936681e-11 4.892851293513653574e-12 4.993659400444956129e-13 -3.049347163582487106e-12 -5.909915385056148687e-12 -8.245020859405329954e-12 -1.022521191358449326e-11 -1.187881237497360828e-11
3.942477285530603065e-07 4.025347678065541686e-07 4.139851324326933741e-07 4.270518852737327899e-07 4.392432816034135642e-07 4.456619624306393375e-07 4.351355241316949158e-07 3.853337429633368626e-07 3.263961262403680323e-07 2.701053388058755146e-07 2.187135526372201847e-07 1.737769256063834498e-07 1.356467496210092327e-07 1.032816055426073285e-07 7.640975829388537637e-08 5.451284922474846115e-08 3.649846945580781234e-08 2.191025464170247014e-08 1.024818747020844047e-08 7.780445828789663108e-10 -6.870238334360699995e-09 -1.309095040243980095e-08 -1.840127941010798846e-08 -2.304736481388521092e-08 3.005554456420518673e-08 3.080824278550380366e-08 3.185274470246396964e-08 3.304938695239923780e-08 3.416783884036202672e-08 3.472587890245047178e-08 3.368713799703340621e-08 2.993277237265490549e-08 2.517869808157646237e-08 2.055084857199748904e-08 1.633269628554401845e-08 1.268539412633223667e-08 9.639957068276339909e-09 7.099626848104246841e-09 5.028043410657399342e-09 3.369371241806115843e-09 2.028414505394694748e-09 9.605192975929303623e-10 1.198003379841313062e-10 -5.554831983434165701e-10 -1.100694264339773516e-09 -1.551122910099581020e-09 -1.943403131100583466e-09 -2.281535850636542657e-09 4.003343355939909310e-10 4.112857516740857326e-10 4.265791015814570537e-10 4.442846635799746878e-10 4.611610965992757582e-10 4.702306576622517059e-10 4.564571342251702011e-10 4.040164170900070838e-10 3.375305240714851442e-10 2.733189949815581771e-10 2.153812173849071287e-10 1.657666584813418362e-10 1.246889520786149616e-10 9.067617489252261295e-11 6.312332258472159559e-11 4.119811005195557459e-11 2.357229072051943317e-11 9.599312402155467877e-12 -1.379977414816639327e-12 -1.022783957644061978e-11 -1.743199227204319324e-11 -2.339565519052622668e-11 -2.846449654437850697e-11 -3.260683950830637862e-11 8.784833770780167587e-11 9.015866451169914178e-11 9.337742225158358705e-11 9.707939965762525776e-11 1.005532057729736702e-10 1.023225688588713990e-10 9.921008917013910193e-11 8.783576715012359708e-11 7.355059345329468532e-11 5.982033636248987336e-11 4.743849113209339726e-11 3.680648307406974478e-11 2.796210084206819000e-11 2.059683173708607586e-11 1.459311345524438060e-11 9.783422815104187859e-12 5.887571788864648835e-12 2.770534388289177578e-12 2.937854961728142124e-13 -1.717118684369430471e-12 -3.336864461625723944e-12 -4.631081077284604904e-12 -5.689838197612304073e-12 -6.549277787309313537e-12 1.028420355537890278e-10 1.054368657773550971e-10 1.090349220853040815e-10 1.131346550338456393e-10 1.169305444980152363e-10 1.187890704914356312e-10 1.151264641008543662e-10 1.020596234382895088e-10 8.570632038820978366e-11 6.998592392376584064e-11 5.577536575886386916e-11 4.352742468041205312e-11 3.329379427515000655e-11 2.473160759726045748e-11 1.771848386318024100e-11 1.207190858921688969e-11 7.473231660913597039e-12 3.771504013395425970e-12 8.173109306063382824e-13 -1.572114461546294079e-12 -3.471649994075539042e-12 -4.969976274859373705e-12 -6.195057595691966920e-12 -7.208706432299346105e-12 1.586839208173895885e-10 1.624212662350980041e-10 1.675682098628236341e-10 1.733810792634403611e-10 1.787003703227490804e-10 1.811558123162303312e-10 1.754940241592867093e-10 1.559403069916702228e-10 1.315218093258020213e-10 1.079839274285063601e-10 8.661381291951878637e-11 6.809678410642607306e-11 5.253245977855586929e-11 3.942883278678900607e-11 2.862900556079342589e-11 1.988083630751490175e-11 1.271487849338568528e-11 6.919599613249748650e-12 2.290863521389033317e-12 -1.442245622660404797e-12 -4.411195796971812567e-12 -6.772586153875771443e-12 -8.730401854555573930e-12 -1.037702323857632999e-11
3.113573401712868331e-07 3.193684367986360504e-07 3.309099801971417007e-07 3.451619923792450540e-07 3.610416669575011485e-07 3.759285466982226240e-07 3.853337429633369685e-07 3.788895355606205425e-07 3.366416732256317988e-07 2.850896111280944489e-07 2.342339875610576678e-07 1.881197692642442385e-07 1.483241393759451180e-07 1.142416921587439461e-07 8.581113635463340210e-08 6.256235883049092611e-08 4.339415886150682993e-08 2.784353300123198071e-08 1.540630350916466975e-08 5.325773443936956949e-09 -2.758475894151278142e-09 -9.214390998524104203e-09 -1.455408188114033874e-08 -1.908285220689398337e-08 2.341058435853744626e-08 2.412392238862707050e-08 2.515437220422972617e-08 2.643135432941779408e-08 2.785390886962456625e-08 2.917132724600449220e-08 2.993277237265490549e-08 2.918787668410118673e-08 2.595339694175432038e-08 2.178422156223832778e-08 1.763766528794624771e-08 1.390706440367482836e-08 1.072741606723773108e-08 8.043199089786744956e-09 5.836960673712959784e-09 4.060392756761660453e-09 2.618065828450522042e-09 1.466350934466108822e-09 5.595019169325416844e-10 -1.650801660653472093e-10 -7.406020404405996098e-10 -1.201241428851860324e-09 -1.589826703840503282e-09 -1.927377190470910315e-09 3.100060832350024691e-10 3.202139930738026534e-10 3.349964622285611892e-10 3.533551289444374326e-10 3.738245656582751135e-10 3.928186813267562475e-10 4.040164170900070838e-10 3.940265747198096044e-10 3.490886842314856894e-10 2.912898022122305167e-10 2.342314987925711695e-10 1.832882373649040626e-10 1.401748294771014484e-10 1.040179285692044467e-10 7.448528042644346056e-11 5.084797041525951341e-11 3.176961293093008290e-11 1.661773495520614810e-11 4.738317883848352157e-12 -4.740525084991546709e-12 -1.230214552668757839e-11 -1.841332822308048422e-11 -2.357848379459892549e-11 -2.794569041118200652e-11 6.833133929682598432e-11 7.048218299587014427e-11 7.357595237987043933e-11 7.737909648072695076e-11 8.158811934464803919e-11 8.550109260064668018e-11 8.783576715012361001e-11 8.572042184020934672e-11 7.611947454138757639e-11 6.376307949933598589e-11 5.154302273305821560e-11 4.059534061567929829e-11 3.129126147407584027e-11 2.345243782076897575e-11 1.701831883177460059e-11 1.184138281959431552e-11 7.638385034679512114e-12 4.277270017440803130e-12 1.618769799420338912e-12 -5.256950377515729020e-13 -2.247966495824572165e-12 -3.621878464029656713e-12 -4.738409473398720406e-12 -5.643896765852144951e-12 8.025500861265535623e-11 8.266866765513362065e-11 8.611588150135163862e-11 9.033866539968257609e-11 9.502961241475773213e-11 9.942190590239140101e-11 1.020596234382895088e-10 9.964738741236155234e-11 8.866470063705310315e-11 7.451255502304768621e-11 6.047783232167824534e-11 4.785940017026622339e-11 3.709414645464872817e-11 2.798839029287132176e-11 2.048404929297419742e-11 1.442066276500132435e-11 9.476176325055234921e-12 5.502507695918622631e-12 2.341516220477753654e-12 -2.185237391505625997e-13 -2.265106403552379415e-12 -3.873897406810063676e-12 -5.162335281694448319e-12 -6.205815465539633197e-12 1.243940538636885681e-10 1.278933185397846184e-10 1.328833475492267148e-10 1.390167787607327704e-10 1.458473414875532575e-10 1.522120324097879060e-10 1.559403069916702228e-10 1.521905620421332148e-10 1.357501032700529482e-10 1.145929335983584364e-10 9.352867173986543136e-11 7.448731336088005635e-11 5.814821983413479773e-11 4.424810782555356288e-11 3.272830605175276589e-11 2.336989310115780291e-11 1.569802872294959372e-11 9.500614946757593237e-12 4.550072476813990557e-12 5.399638604778888972e-13 -2.653935422989958466e-12 -5.163832961483907485e-12 -7.190522427022507617e-12 -8.855759300879461236e-12
2.452379131014012166e-07 2.525438782574908647e-07 2.632780005802173672e-07 2.770167646800658548e-07 2.932966420021382892e-07 3.106281261965838014e-07 3.263961262403680323e-07 3.366416732256319047e-07 3.319941489182813443e-07 2.948525262009404889e-07 2.484954366324661570e-07 2.032566292720760708e-07 1.627200094381848576e-07 1.272687998795858909e-07 9.728678466850557340e-08 7.254392029703620892e-08 5.199481853105520579e-08 3.523471585267749143e-08 2.177175360033796503e-08 1.083072061995729543e-08 2.057363930948473361e-09 -4.909977955081376504e-09 -1.056965617149148417e-08 -1.521468252710862174e-08 1.817727552512262470e-08 1.881728627290265762e-08 1.975943854365456694e-08 2.096423928139596373e-08 2.238274379700272135e-08 2.386721703798981903e-08 2.517869808157646237e-08 2.595339694175431376e-08 2.536303972025190061e-08 2.255922732884706859e-08 1.886450730902578518e-08 1.522552720007949701e-08 1.198202483546858384e-08 9.172675354569418884e-09 6.825032550774873372e-09 4.912407733465608851e-09 3.345976035292598057e-09 2.086682525885946060e-09 1.090258092552525192e-09 2.924169979586321246e-10 -3.389618536306699399e-10 -8.363353725380341184e-10 -1.242181045528605374e-09 -1.582670224734879664e-09 2.393521938689551709e-10 2.483867239371450821e-10 2.616517345452426683e-10 2.785197761826845555e-10 2.982606203530433562e-10 3.189450432606468171e-10 3.375305240714851959e-10 3.490886842314856377e-10 3.417204483620051363e-10 3.032308757568308826e-10 2.522925323903886687e-10 2.023408058554599163e-10 1.580785512436198468e-10 1.199747603863925124e-10 8.832684422345132090e-11 6.269793579539309969e-11 4.183135647329162119e-11 2.515158547675533873e-11 1.202209953153221659e-11 1.550343708300675608e-12 -6.728455452842955937e-12 -1.327979867259346428e-11 -1.867678071835896664e-11 -2.320989697797042432e-11 5.301216113029644959e-11 5.489127448710848668e-11 5.761967563408266265e-11 6.107626882552720925e-11 6.516375423803208445e-11 6.953474555743446569e-11 7.355059345329468532e-11 7.611947454138757639e-11 7.462602285720660585e-11 6.638385015852688370e-11 5.543426302725436832e-11 4.467193575711971191e-11 3.510835829292948740e-11 2.684840726334556027e-11 1.996263802342367640e-11 1.436350581424343668e-11 9.783623997740149589e-12 6.102988079250925322e-12 3.187019859597254610e-12 8.419356885869891165e-13 -1.031407051556405610e-12 -2.523150224385615575e-12 -3.734707624399183935e-12 -4.711144975565300503e-12 6.245182996180187011e-11 6.453419503569696051e-11 6.756075663266987417e-11 7.143625049705789118e-11 7.607795027374270882e-11 8.108622784950047973e-11 8.570632038820978366e-11 8.866470063705311607e-11 8.695637894146187534e-11 7.748562800232478318e-11 6.489225355832077650e-11 5.248611101759096687e-11 4.142967465580679878e-11 3.184999444960958390e-11 2.383723998790456595e-11 1.729870495935582129e-11 1.193044529801199381e-11 7.598678659436590850e-12 4.150685933504176859e-12 1.362239119309499792e-12 -8.738374705895489034e-13 -2.645027457126649926e-12 -4.060639700060703446e-12 -5.183509929047863611e-12 9.720789005847078964e-11 1.002442848416433217e-10 1.047066566839178820e-10 1.104659921148470817e-10 1.173644062922700972e-10 1.247645994323157265e-10 1.315218093258020213e-10 1.357501032700529482e-10 1.330423040089886088e-10 1.188155159518968943e-10 9.992591640247346948e-11 8.124572841295742894e-11 6.451509350482567022e-11 4.994487392368786462e-11 3.769632523517251577e-11 2.765171874021482950e-11 1.936442397524579893e-11 1.264434412216016514e-11 7.269068087128902009e-12 2.904977907981214110e-12 -5.936661482157265183e-13 -3.352563905000418111e-12 -5.555709771927863962e-12 -7.317742078874617249e-12
1.930863714041522236e-07 1.995552294906608542e-07 2.091611169246864925e-07 2.216266611852468114e-07 2.367145999263753311e-07 2.533801991385481637e-07 2.701053388058755146e-07 2.850896111280944489e-07 2.948525262009404360e-07 2.914385840351638512e-07 2.585222938854338422e-07 2.176457442539562139e-07 1.780377241871859704e-07 1.419125905810647374e-07 1.105955711097110810e-07 8.431286560200380748e-08 6.223098627771899399e-08 4.405401400967672585e-08 2.934991896330896340e-08 1.733060930573548608e-08 7.652185466009139443e-09 -4.328051387245250176e-11 -6.265658378278606822e-09 -1.127986588233127920e-08 1.410784672898801395e-08 1.466596436172121693e-08 1.549144803421687206e-08 1.655157980256051771e-08 1.781154814318575726e-08 1.918153739733359066e-08 2.055084857199748904e-08 2.178422156223832447e-08 2.255922732884706859e-08 2.214273452828563781e-08 1.971165696359326126e-08 1.649029954856603555e-08 1.332600456063773654e-08 1.044741050020336170e-08 7.971294688033845131e-09 5.915318441339422422e-09 4.208512576121892214e-09 2.822054362091389047e-09 1.715887676821449475e-09 8.245168502939184590e-10 1.166948100329837858e-10 -4.392389034064042976e-10 -8.854085093404058968e-10 -1.246610650943097671e-09 1.847805143540094239e-10 1.924984167618962076e-10 2.037906588712138212e-10 2.181401115791441228e-10 2.351856167773304633e-10 2.540039115727165311e-10 2.733189949815581771e-10 2.912898022122304650e-10 3.032308757568308826e-10 2.984602715195697501e-10 2.652108344520379304e-10 2.208116379641893480e-10 1.773462105781049074e-10 1.380217652432390602e-10 1.043960895820732778e-10 7.664308500819923099e-11 5.373948496422703637e-11 3.524158349828973842e-11 2.056447718923183795e-11 8.797261090202661433e-12 -5.086689442617749775e-13 -7.806783953756273852e-12 -1.368826558592987799e-11 -1.849618818183756373e-11 4.110013586046098952e-11 4.265111043526572484e-11 4.492773660760966645e-11 4.788323782467057310e-11 5.149926070088342205e-11 5.558460415203080639e-11 5.982033636248987336e-11 6.376307949933598589e-11 6.638385015852688370e-11 6.537807404744853822e-11 5.819461220252276659e-11 4.859942525999688638e-11 3.919923701899283909e-11 3.067958856258890790e-11 2.337638575830123272e-11 1.732997108362063737e-11 1.232182591230970593e-11 8.259978195693600271e-12 5.021377100168195645e-12 2.409444199605609615e-12 3.273000055233106060e-13 -1.322882211693633177e-12 -2.661490968762734619e-12 -3.740051160003005745e-12 4.850923662124917887e-11 5.020844404102567720e-11 5.276326145700188468e-11 5.614888158884287992e-11 6.033847377955116432e-11 6.508435772202302611e-11 6.998592392376585357e-11 7.451255502304768621e-11 7.748562800232479610e-11 7.628419976963391043e-11 6.798481742413403119e-11 5.691693903745135130e-11 4.606034805299680368e-11 3.619848469525125561e-11 2.772201598591699114e-11 2.068346340759950129e-11 1.483480370479111359e-11 1.007461734364152748e-11 6.264399327423683077e-12 3.177366901704589878e-12 7.029391218135944912e-13 -1.265403131325753901e-12 -2.852816941199550956e-12 -4.110397736803305353e-12 7.578748244352186061e-11 7.833389695105402674e-11 8.220724102308756406e-11 8.733756000459379206e-11 9.364524144976096960e-11 1.007325692712021892e-10 1.079839274285063601e-10 1.145929335983584235e-10 1.188155159518968943e-10 1.168210102567153658e-10 1.042941319421353460e-10 8.764977830343658040e-11 7.127684181705966075e-11 5.634119535842722200e-11 4.344537057889384592e-11 3.268765609581067902e-11 2.370698377785925579e-11 1.636333963080952876e-11 1.045729090620893590e-11 5.649494547964222274e-12 1.781401498408717476e-12 -1.293592435110362591e-12 -3.761123071494444703e-12 -5.713676337164193197e-12
1.514101188796233424e-07 1.570292456713126915e-07 1.653678743194454745e-07 1.761425505282836494e-07 1.890884669704488523e-07 2.035136209139451121e-07 2.187135526372201847e-07 2.342339875610576678e-07 2.484954366324661570e-07 2.585222938854338952e-07 2.569335063065205484e-07 2.286489582439594166e-07 1.930456321521884036e-07 1.577001633156248827e-07 1.256150122269106974e-07 9.793831397043387896e-08 7.424676694142525457e-08 5.448743180030976802e-08 3.833486015380053070e-08 2.502207104762089387e-08 1.422700437318647923e-08 5.598193291384179692e-09 -1.391917528961685306e-09 -6.997815545845794701e-09 1.090643616875522462e-08 1.137871678924153467e-08 1.206659287141924792e-08 1.293210277287361198e-08 1.395290448134686404e-08 1.509538539246391902e-08 1.633269628554401845e-08 1.763766528794624771e-08 1.886450730902578518e-08 1.971165696359326457e-08 1.949280869577828338e-08 1.743441415083698896e-08 1.464240188127534285e-08 1.182343643522864576e-08 9.266987817112046414e-09 7.076899503028165617e-09 5.220905117902290741e-09 3.690583386891799255e-09 2.455351418836314376e-09 1.450589165491646745e-09 6.469445936204771207e-10 1.337302793889013199e-11 -4.933570073358513818e-10 -8.962966630244244099e-10 1.420554264400451009e-10 1.482911219210231222e-10 1.572510442559792428e-10 1.685403056401131309e-10 1.821495602841116899e-10 1.978719044680835931e-10 2.153812173849071029e-10 2.342314987925711695e-10 2.522925323903887204e-10 2.652108344520379304e-10 2.630964164673946832e-10 2.349243991961574177e-10 1.963825222051769228e-10 1.575983411049634514e-10 1.226191631534501466e-10 9.283062821116340822e-11 6.773614647711556884e-11 4.716538233126202829e-11 3.065623624295694896e-11 1.730387087549780153e-11 6.683634095914537800e-12 -1.649910450205455470e-12 -8.303609761827911573e-12 -1.361881249981889757e-11 3.164227950393247566e-11 3.285036384256138123e-11 3.467261041756284361e-11 3.708464774087124024e-11 4.008496487677400804e-11 4.357833504483416645e-11 4.743849113209339726e-11 5.154302273305821560e-11 5.543426302725436832e-11 5.819461220252276659e-11 5.770683887489954791e-11 5.158364329648559796e-11 4.323158855858905245e-11 3.483072313596656086e-11 2.724566651869989981e-11 2.077294508638528592e-11 1.530538088953036133e-11 1.080893315040041102e-11 7.186688718205029959e-12 4.243783228082861108e-12 1.889302577366026458e-12 2.638847960440025753e-14 -1.477783852630804308e-12 -2.688265196184136944e-12 3.733732420282082512e-11 3.870069042061832716e-11 4.082237753104189780e-11 4.366907539624561352e-11 4.721142886890655085e-11 5.130383155426979323e-11 5.577536575886386916e-11 6.047783232167824534e-11 6.489225355832077650e-11 6.798481742413403119e-11 6.735063952436711515e-11 6.025432473845334301e-11 5.060924372930424307e-11 4.090206687986046222e-11 3.212126940933806513e-11 2.461011656585214800e-11 1.824785028925066012e-11 1.299955283668770329e-11 8.757338391900414461e-12 5.297697010179788499e-12 2.517294034907635326e-12 3.051643275002069752e-13 -1.487718695019494745e-12 -2.921936469471632436e-12 5.857982675997356681e-11 6.073446672575157026e-11 6.404109367202851340e-11 6.841725631194693476e-11 7.380084158291020389e-11 7.995793452729415004e-11 8.661381291951878637e-11 9.352867173986543136e-11 9.992591640247346948e-11 1.042941319421353589e-10 1.031237462052253639e-10 9.238458013846988200e-11 7.787143379480616413e-11 6.323333247727603566e-11 4.994127892796213217e-11 3.852217689352192814e-11 2.880656224262412709e-11 2.075571050221642086e-11 1.421829148588729673e-11 8.862032247920187676e-12 4.537223629837733097e-12 1.083718469422538910e-12 -1.712922193431583518e-12 -3.938185240528724520e-12
1.186008721177516913e-07 1.233632602330505882e-07 1.302897590745280302e-07 1.389890993305151841e-07 1.492676604656903974e-07 1.608779366511835501e-07 1.737769256063834498e-07 1.881197692642442650e-07 2.032566292720760708e-07 2.176457442539562139e-07 2.286489582439594166e-07 2.290682385216275455e-07 2.048068763471613394e-07 1.730511438656304240e-07 1.415241527696364625e-07 1.129794573604138811e-07 8.782966383254269649e-08 6.643603848714536925e-08 4.870032083911982195e-08 3.391663873141422942e-08 2.182020748032465331e-08 1.207791162019703142e-08 4.142655214273227665e-09 -2.232306387221507317e-09 8.423867399766576854e-09 8.797169939045463219e-09 9.319111668186266180e-09 9.958541547865113324e-09 1.072364169685833714e-08 1.162832675171107676e-08 1.268539412633223832e-08 1.390706440367482836e-08 1.522552720007949701e-08 1.649029954856603885e-08 1.743441415083698566e-08 1.739222739252052125e-08 1.564536673810887412e-08 1.315732420955527519e-08 1.064037903672831775e-08 8.362033988057330051e-09 6.367481675796966325e-09 4.687011855507258193e-09 3.309090032990178634e-09 2.174538582698737651e-09 1.258284704450005018e-09 5.307211915237620523e-10 -5.327389145514599695e-11 -5.160152592767948751e-10 1.088313431440155506e-10 1.133281076694981811e-10 1.197139270096432632e-10 1.278772703570359577e-10 1.381510847959940824e-10 1.507531729721094982e-10 1.657666584813418362e-10 1.832882373649040884e-10 2.023408058554598905e-10 2.208116379641893480e-10 2.349243991961574177e-10 2.351102827103699640e-10 2.111481595654040237e-10 1.767327012969403093e-10 1.420412154935020458e-10 1.108142967850405827e-10 8.363988969528194837e-11 6.088168158227609356e-11 4.233312378375992853e-11 2.715390207170600123e-11 1.497064968504405558e-11 5.352800235752174744e-12 -2.331918665244810302e-12 -8.413801211436318280e-12 2.413521354820812458e-11 2.504351117531649358e-11 2.644302077162015394e-11 2.831096337000412141e-11 3.066825432755754752e-11 3.350402825918022287e-11 3.680648307406974478e-11 4.059534061567929829e-11 4.467193575711971191e-11 4.859942525999688638e-11 5.158364329648559796e-11 5.157295926869619144e-11 4.634999411530622764e-11 3.888524361735923341e-11 3.136862164454341405e-11 2.459780468128354296e-11 1.869568101625441441e-11 1.374101928099301435e-11 9.690824748158523508e-12 6.364120994738011217e-12 3.681508836113613251e-12 1.550547084844796709e-12 -1.672610671989371667e-13 -1.543051574227226176e-12 2.842635775376342134e-11 2.955563364685966438e-11 3.128223561684610073e-11 3.355851578300073510e-11 3.638004567977318372e-11 3.971000620847044072e-11 4.352742468041205312e-11 4.785940017026622985e-11 5.248611101759096687e-11 5.691693903745136423e-11 6.025432473845334301e-11 6.016530080434634195e-11 5.410609694424642742e-11 4.548566013312198702e-11 3.680288798474163716e-11 2.896835744464593264e-11 2.212329236720554019e-11 1.636171746030838944e-11 1.163786930341568156e-11 7.744991271660176315e-12 4.593957004019220746e-12 2.079382809410994552e-12 4.079344989022886223e-14 -1.598203594127697464e-12 4.490112335057565181e-11 4.676636122314843310e-11 4.951246323839688299e-11 5.305111963737164567e-11 5.737117259183185285e-11 6.240204461002083749e-11 6.809678410642607306e-11 7.448731336088005635e-11 8.124572841295742894e-11 8.764977830343658040e-11 9.238458013846985615e-11 9.204345353841230910e-11 8.287277707478678303e-11 6.991088083121752362e-11 5.682947292456894626e-11 4.498151066094731598e-11 3.458584308431892523e-11 2.579707731513906950e-11 1.855892604334292849e-11 1.256687579775109732e-11 7.694181885010041475e-12 3.787451822553748872e-12 6.086349393285219477e-13 -1.944682098990522745e-12
9.309594825889739241e-08 9.685911099367466197e-08 1.020821933467952195e-07 1.084332890613694743e-07 1.160000831923476726e-07 1.249898654231677834e-07 1.356467496210092062e-07 1.483241393759451180e-07 1.627200094381848576e-07 1.780377241871859704e-07 1.930456321521884036e-07 2.048068763471613394e-07 2.066493960929010585e-07 1.852440349594574915e-07 1.568574827379085952e-07 1.286691849968755684e-07 1.025714422587187900e-07 7.970310192790262861e-08 6.035510508416030411e-08 4.399228726107688563e-08 3.044722712192678377e-08 1.943844126479774264e-08 1.040453084980441946e-08 3.108627460845066019e-09 6.502958176587690351e-09 6.748280351474630071e-09 7.080583594776289370e-09 7.500439963509169437e-09 8.046636081492355575e-09 8.753158635001841525e-09 9.639957068276339909e-09 1.072741606723773274e-08 1.198202483546858384e-08 1.332600456063773820e-08 1.464240188127534285e-08 1.564536673810887412e-08 1.572166987471547005e-08 1.418674810841452524e-08 1.195978375379468670e-08 9.704367875932518554e-09 7.615968306493020384e-09 5.797110896559464178e-09 4.272606688310747607e-09 2.997398783993010459e-09 1.955040986842350888e-09 1.119413428637234977e-09 4.437957444621690021e-10 -9.369555644112200845e-11 8.264800661169323174e-11 8.522244308360897257e-11 8.911053475079445192e-11 9.455801431000772395e-11 1.020946598371398422e-10 1.120792156639797080e-10 1.246889520786149874e-10 1.401748294771014484e-10 1.580785512436198468e-10 1.773462105781049074e-10 1.963825222051769228e-10 2.111481595654040496e-10 2.128340549171320105e-10 1.917202190047627397e-10 1.608521114133187352e-10 1.297105879648750554e-10 1.010423762226394835e-10 7.622918038797770200e-11 5.556330423746723727e-11 3.838681702397774987e-11 2.443530299853166839e-11 1.331913808487569785e-11 4.381287872000642078e-12 -2.700674384732418612e-12 1.814199221588388521e-11 1.881008755310459753e-11 1.981989971725608236e-11 2.117998322046219443e-11 2.295855316779552179e-11 2.520658000402888921e-11 2.796210084206819000e-11 3.129126147407584027e-11 3.510835829292948740e-11 3.919923701899284555e-11 4.323158855858905245e-11 4.634999411530622764e-11 4.666218206065452065e-11 4.205622810033079321e-11 3.536146777277105794e-11 2.861702437376315422e-11 2.240542468238539762e-11 1.702096084113182926e-11 1.252604245751416928e-11 8.778577470578824334e-12 5.722770089969386876e-12 3.275760421822571885e-12 1.295262895680912110e-12 -2.883437050125808995e-13 2.135842131991339514e-11 2.230379033237111267e-11 2.364097601098736557e-11 2.534672574671645178e-11 2.748777512229811575e-11 3.011995391338432933e-11 3.329379427515000655e-11 3.709414645464872817e-11 4.142967465580679878e-11 4.606034805299680368e-11 5.060924372930424307e-11 5.410609694424642742e-11 5.439669187008138859e-11 4.905481102316762900e-11 4.132785092602249901e-11 3.354178585065070339e-11 2.635896293730732132e-11 2.011856489820921158e-11 1.489537628941665843e-11 1.052775309839321461e-11 6.954260099573124269e-12 4.081659163874536403e-12 1.745889109403171938e-12 -1.323835418378867801e-13 3.415195069389475892e-11 3.570777551883117112e-11 3.785934693065315514e-11 4.053691933101498692e-11 4.382702055838115502e-11 4.780154451174737558e-11 5.253245977855587575e-11 5.814821983413479773e-11 6.451509350482567022e-11 7.127684181705966075e-11 7.787143379480617705e-11 8.287277707478677010e-11 8.313033512520458522e-11 7.505567938259572327e-11 6.345140337685306991e-11 5.173413800832399886e-11 4.088339807736129990e-11 3.141603336031447624e-11 2.345681937096723829e-11 1.677138613969076511e-11 1.127647423062323836e-11 6.838674246003607339e-12 3.213187010956265958e-12 2.871297362427558573e-13
7.276645072947056683e-08 7.517359896297852905e-08 7.838806622153653214e-08 8.241308921380680264e-08 8.766249474597811795e-08 9.452474951359765708e-08 1.032816055426073285e-07 1.142416921587439196e-07 1.272687998795859174e-07 1.419125905810647374e-07 1.577001633156248827e-07 1.730511438656304240e-07 1.852440349594574650e-07 1.881858578536704819e-07 1.694149936856596842e-07 1.440208516119435901e-07 1.181393465498162009e-07 9.426373372472264747e-08 7.343345339117120564e-08 5.544476917407433026e-08 4.033204541960384768e-08 2.790419332408268525e-08 1.761277648736014771e-08 9.237628766423111570e-09 4.931752714202678386e-09 5.024199200124715503e-09 5.174911393463586438e-09 5.418931941331860440e-09 5.803527521941206608e-09 6.359223138436159027e-09 7.099626848104247668e-09 8.043199089786744956e-09 9.172675354569418884e-09 1.044741050020336501e-08 1.182343643522864410e-08 1.315732420955527353e-08 1.418674810841452359e-08 1.435367444706854666e-08 1.300989036872903599e-08 1.101370299499078265e-08 8.937224972834028612e-09 7.020978146863046686e-09 5.359391889577868620e-09 3.938295315847912915e-09 2.758017124992961798e-09 1.800101622745481727e-09 1.017863353695836020e-09 3.905955564688079927e-10 6.057256090725312578e-11 6.140609375986337258e-11 6.327594937770051088e-11 6.669623650375721767e-11 7.221711252090429606e-11 8.016294825616898864e-11 9.067617489252261295e-11 1.040179285692044209e-10 1.199747603863925383e-10 1.380217652432390602e-10 1.575983411049634514e-10 1.767327012969403093e-10 1.917202190047627397e-10 1.945550620623330262e-10 1.760187359321109839e-10 1.482945588770125513e-10 1.195809655293760469e-10 9.324749246036220093e-11 7.056293024260439448e-11 5.128786968437617975e-11 3.538092270447393983e-11 2.255002596014358931e-11 1.213272362008368161e-11 3.821612534712188241e-12 1.317109803732947878e-11 1.362402530722842378e-11 1.429047264305500905e-11 1.522640535238237032e-11 1.654263630769802244e-11 1.831719987225801690e-11 2.059683173708607909e-11 2.345243782076897898e-11 2.684840726334556027e-11 3.067958856258890790e-11 3.483072313596656086e-11 3.888524361735923987e-11 4.205622810033079968e-11 4.262141141365488211e-11 3.857907911860546244e-11 3.257050296064879190e-11 2.635711383227355781e-11 2.065623640393823757e-11 1.573740872344934791e-11 1.154745309899737128e-11 8.078237873030824763e-12 5.268306766300836293e-12 2.975290469283095292e-12 1.134076068394395037e-12 1.562999148734468288e-11 1.632910278124790837e-11 1.727067153175759833e-11 1.846964903586645078e-11 2.005057167913219611e-11 2.211565710908715159e-11 2.473160759726046071e-11 2.798839029287132176e-11 3.184999444960958390e-11 3.619848469525125561e-11 4.090206687986046868e-11 4.548566013312197410e-11 4.905481102316762900e-11 4.964621452394238753e-11 4.496155354909494731e-11 3.803174154709516358e-11 3.086389774044949553e-11 2.427630931206533193e-11 1.857944161422163182e-11 1.371370059557763634e-11 9.672697002338762767e-12 6.388535293790619565e-12 3.698313671009853514e-12 1.528380822096802308e-12 2.554634247014508734e-11 2.663921535278720022e-11 2.813623533463067303e-11 3.001850791677450378e-11 3.243728005924116984e-11 3.553862702460765052e-11 3.942883278678901253e-11 4.424810782555356288e-11 4.994487392368786462e-11 5.634119535842721554e-11 6.323333247727602273e-11 6.991088083121752362e-11 7.505567938259572327e-11 7.579114934916008558e-11 6.872147691255219998e-11 5.832835469941657013e-11 4.755409235965648579e-11 3.761324468697024016e-11 2.897917166729876811e-11 2.157173939028163470e-11 1.539189071597659343e-11 1.034627167729285323e-11 6.193718967943842212e-12 2.828383774539572882e-12
5.604384796181787228e-08 5.681470557904496239e-08 5.810067710212274388e-08 6.027897242536101789e-08 6.385221729001862966e-08 6.917091623678757484e-08 7.640975829388537637e-08 8.581113635463340210e-08 9.728678466850557340e-08 1.105955711097110942e-07 1.256150122269106974e-07 1.415241527696364625e-07 1.568574827379085688e-07 1.694149936856596577e-07 1.732175426122024487e-07 1.565732558092307474e-07 1.332242688223312646e-07 1.094515131272152430e-07 8.759548444024960285e-08 6.812747172531858738e-08 5.142488476802701615e-08 3.748578309201664596e-08 2.580592951584475907e-08 1.621229930263434622e-08 3.553831709495705501e-09 3.519210165288235738e-09 3.543993806206980357e-09 3.677874900026380184e-09 3.959132209509293173e-09 4.407129465408094369e-09 5.028043410657398515e-09 5.836960673712959784e-09 6.825032550774873372e-09 7.971294688033845131e-09 9.266987817112046414e-09 1.064037903672831775e-08 1.195978375379468670e-08 1.300989036872903599e-08 1.324219004446432760e-08 1.205409358424632207e-08 1.021419815421306162e-08 8.301763272284500767e-09 6.543407364448304443e-09 4.987442239938214515e-09 3.665898106496096410e-09 2.575795705709146006e-09 1.674236493475126041e-09 9.436664920331691938e-10 4.086973490754443868e-11 4.071227533337985175e-11 4.143516051550133480e-11 4.365864750968581861e-11 4.787469338368940084e-11 5.433195102011775942e-11 6.312332258472158266e-11 7.448528042644346056e-11 8.832684422345132090e-11 1.043960895820732778e-10 1.226191631534501725e-10 1.420412154935020458e-10 1.608521114133187352e-10 1.760187359321109839e-10 1.796708865339471979e-10 1.632413954055820160e-10 1.376527317347257734e-10 1.111839872075155808e-10 8.700441453826415599e-11 6.574862381318503235e-11 4.781095262906454324e-11 3.310575086404054156e-11 2.101497666733949800e-11 1.127114799312431374e-11 8.961790921706665668e-12 9.209468545307720946e-12 9.621988652217776949e-12 1.027253969730411458e-11 1.127261375598263882e-11 1.269916755736090548e-11 1.459311345524438060e-11 1.701831883177460059e-11 1.996263802342367640e-11 2.337638575830123272e-11 2.724566651869989981e-11 3.136862164454341405e-11 3.536146777277105794e-11 3.857907911860546244e-11 3.932924650847797711e-11 3.575032599418424186e-11 3.020928525341516793e-11 2.448564491302720028e-11 1.925383522552158377e-11 1.464645263206192115e-11 1.074802077103671164e-11 7.541407250182597193e-12 4.894330224498771297e-12 2.750812961238107059e-12 1.093716740351579998e-11 1.130817209093771038e-11 1.188242950380946278e-11 1.271018800434544880e-11 1.390170845001167510e-11 1.555126094716929733e-11 1.771848386318024100e-11 2.048404929297419742e-11 2.383723998790456595e-11 2.772201598591699114e-11 3.212126940933805866e-11 3.680288798474163716e-11 4.132785092602248609e-11 4.496155354909494731e-11 4.577569880717495922e-11 4.163233634283789121e-11 3.524670773768734760e-11 2.864827207505148982e-11 2.260625152377869065e-11 1.727286463270004077e-11 1.274788033689562440e-11 9.014683894235143187e-12 5.922750176504186021e-12 3.409823783809346158e-12 1.854619549631196768e-11 1.907259181497008072e-11 1.992044830247030809e-11 2.116845176826125212e-11 2.295803003706129185e-11 2.541401261004210729e-11 2.862900556079342589e-11 3.272830605175277235e-11 3.769632523517251577e-11 4.344537057889383300e-11 4.994127892796213217e-11 5.682947292456894626e-11 6.345140337685306991e-11 6.872147691255221290e-11 6.981549327431770008e-11 6.357414860777719461e-11 5.400940314859870663e-11 4.410149813471725858e-11 3.499232776410907886e-11 2.691590881638695470e-11 2.003257155374585572e-11 1.432760506536685023e-11 9.580661792087789564e-12 5.704482314353413743e-12
4.123140101379256093e-08 4.064492662490459912e-08 4.059812891833556375e-08 4.163680051342870332e-08 4.417712469013053506e-08 4.844039298572599783e-08 5.451284922474846115e-08 6.256235883049092611e-08 7.254392029703620892e-08 8.431286560200380748e-08 9.793831397043387896e-08 1.129794573604138811e-07 1.286691849968755684e-07 1.440208516119435901e-07 1.565732558092307474e-07 1.607763750901842268e-07 1.455531952058169086e-07 1.240544268641441680e-07 1.022193139382440962e-07 8.172408955329084446e-08 6.358876188074224574e-08 4.813287391425393937e-08 3.498970959875586516e-08 2.406309634526195437e-08 2.252456980617585127e-09 2.175520350407021725e-09 2.156097278132020944e-09 2.243963605866836897e-09 2.468943003956470301e-09 2.843233720108484675e-09 3.369371241806115843e-09 4.060392756761660453e-09 4.912407733465608851e-09 5.915318441339423249e-09 7.076899503028165617e-09 8.362033988057330051e-09 9.704367875932518554e-09 1.101370299499078265e-08 1.205409358424632373e-08 1.231694572619814799e-08 1.122931125083092604e-08 9.531408720164083223e-09 7.771545553069293303e-09 6.120309777874364392e-09 4.669053561348466380e-09 3.444604458330186928e-09 2.415144787065734389e-09 1.570029947992792673e-09 2.255958772592971012e-11 2.243260404370991452e-11 2.300392113013153351e-11 2.482409272089110093e-11 2.833866584621574531e-11 3.376892165628173196e-11 4.119811005195558105e-11 5.084797041525951341e-11 6.269793579539309969e-11 7.664308500819923099e-11 9.283062821116340822e-11 1.108142967850405827e-10 1.297105879648750813e-10 1.482945588770125513e-10 1.632413954055820160e-10 1.672523106012701877e-10 1.521881430957537434e-10 1.285537522157996659e-10 1.041799620599215709e-10 8.145775506265577655e-11 6.161659834639396959e-11 4.498084904117605726e-11 3.107800364916604719e-11 1.973063637775820705e-11 5.290314237954252539e-12 5.392278319145723286e-12 5.663543337413911245e-12 6.173699856451908361e-12 6.996914243332545357e-12 8.188336512601782222e-12 9.783422815104189475e-12 1.184138281959431229e-11 1.436350581424343668e-11 1.732997108362063737e-11 2.077294508638528915e-11 2.459780468128354296e-11 2.861702437376315422e-11 3.257050296064879190e-11 3.575032599418424186e-11 3.658601201450998697e-11 3.330781764446390432e-11 2.819274244379064260e-11 2.292391023009221547e-11 1.800843376260943461e-11 1.370839973858270135e-11 1.009385347694135881e-11 7.063616918668212703e-12 4.581068438881983225e-12 6.932025516379090678e-12 7.019494093075791408e-12 7.317738912805733766e-12 7.914006589144950197e-12 8.875804917396223221e-12 1.024816602503000354e-11 1.207190858921688808e-11 1.442066276500132435e-11 1.729870495935582129e-11 2.068346340759949483e-11 2.461011656585214800e-11 2.896835744464593587e-11 3.354178585065070339e-11 3.803174154709516358e-11 4.163233634283789121e-11 4.255378300765842319e-11 3.876259307581655216e-11 3.287167413641698732e-11 2.680060497060297763e-11 2.112637725044452872e-11 1.615093141928550447e-11 1.195750068778972353e-11 8.431697590470683390e-12 5.533948182755499636e-12 1.255175727395812751e-11 1.261459357003947412e-11 1.296764320928334592e-11 1.377515343357417243e-11 1.515992754431923799e-11 1.717974818608265948e-11 1.988083630751490175e-11 2.336989310115780291e-11 2.765171874021482950e-11 3.268765609581067902e-11 3.852217689352192814e-11 4.498151066094731598e-11 5.173413800832400532e-11 5.832835469941657013e-11 6.357414860777719461e-11 6.485042322138874482e-11 5.914969708032860482e-11 5.033547779177015173e-11 4.122707221088895308e-11 3.267846145137492212e-11 2.514883418292123823e-11 1.877356917662272144e-11 1.338859311298616751e-11 8.942338096915862898e-12
2.672944019665570418e-08 2.568853460210318924e-08 2.518109626196866889e-08 2.576480843094139017e-08 2.776866628206487462e-08 3.133567037048700073e-08 3.649846945580781896e-08 4.339415886150682993e-08 5.199481853105520579e-08 6.223098627771899399e-08 7.424676694142524134e-08 8.782966383254270972e-08 1.025714422587188032e-07 1.181393465498162009e-07 1.332242688223312646e-07 1.455531952058169086e-07 1.500760931779179403e-07 1.362718304449954388e-07 1.165260321298817467e-07 9.600586344499606339e-08 7.685058148057928981e-08 6.000273959660936788e-08 4.536479147935915136e-08 3.300882269602582336e-08 9.590653297124089033e-10 9.364673735145506733e-10 9.528097319361830842e-10 1.048025185831843744e-09 1.251827471359300843e-09 1.577342164164155789e-09 2.028414505394694748e-09 2.618065828450522456e-09 3.345976035292599298e-09 4.208512576121891387e-09 5.220905117902289914e-09 6.367481675796966325e-09 7.615968306493020384e-09 8.937224972834028612e-09 1.021419815421306162e-08 1.122931125083092604e-08 1.151965145187034849e-08 1.053322159008427192e-08 8.972093875507990409e-09 7.316265067798884556e-09 5.770981143412766026e-09 4.420705587799439970e-09 3.258924261066699140e-09 2.288970312493481096e-09 5.165855756194087898e-12 5.838530934549632445e-12 7.064075995761931286e-12 9.138151365664161906e-12 1.243832450381316371e-11 1.720701741064056225e-11 2.357229072051943317e-11 3.176961293093008290e-11 4.183135647329162119e-11 5.373948496422702344e-11 6.773614647711558177e-11 8.363988969528194837e-11 1.010423762226394835e-10 1.195809655293760469e-10 1.376527317347257734e-10 1.521881430957537434e-10 1.565422641381301131e-10 1.428631126089471783e-10 1.211115143695069473e-10 9.815753580049521562e-11 7.687279686539091583e-11 5.839340291981468629e-11 4.259288920425608883e-11 2.948120234735399359e-11 1.922942999316589273e-12 2.004543036542874075e-12 2.249872559616455907e-12 2.723987744624048894e-12 3.472502507277088143e-12 4.518584845466163983e-12 5.887571788864649643e-12 7.638385034679510499e-12 9.783623997740149589e-12 1.232182591230970754e-11 1.530538088953036133e-11 1.869568101625441441e-11 2.240542468238539439e-11 2.635711383227355781e-11 3.020928525341516793e-11 3.330781764446390432e-11 3.422212537353791532e-11 3.124641796493711490e-11 2.653980227230014646e-11 2.157879907319837515e-11 1.697552913899941064e-11 1.297233003265637884e-11 9.541334973598853928e-12 6.685750170862961949e-12 3.241650922313897118e-12 3.226477268413980938e-12 3.402318043489452918e-12 3.876657279576747319e-12 4.708532144236916310e-12 5.905003834325381556e-12 7.473231660913597039e-12 9.476176325055233305e-12 1.193044529801199543e-11 1.483480370479111359e-11 1.824785028925066012e-11 2.212329236720554019e-11 2.635896293730732132e-11 3.086389774044949553e-11 3.524670773768734114e-11 3.876259307581654569e-11 3.978051796525036771e-11 3.634177150175493375e-11 3.092402410775512327e-11 2.521022849437469892e-11 1.989887733811237114e-11 1.526928938504837066e-11 1.129114451622058092e-11 7.970731460811391096e-12 6.960425097900753796e-12 6.844198358690879043e-12 6.975353875026244784e-12 7.543248321931808622e-12 8.673013734906673421e-12 1.039784988187936519e-11 1.271487849338568528e-11 1.569802872294959372e-11 1.936442397524579893e-11 2.370698377785925579e-11 2.880656224262413032e-11 3.458584308431893170e-11 4.088339807736129990e-11 4.755409235965650518e-11 5.400940314859870663e-11 5.914969708032860482e-11 6.058533930988221249e-11 5.542185290119532226e-11 4.732290894035640384e-11 3.875659191802737155e-11 3.075958917942114318e-11 2.375731306427388562e-11 1.771269134497579917e-11 1.264428639639500672e-11
1.220876457310529581e-08 1.178148849751356948e-08 1.170421908344552238e-08 1.243027549455683685e-08 1.429007049532174130e-08 1.743557198015071658e-08 2.191025464170246683e-08 2.784353300123198071e-08 3.523471585267749805e-08 4.405401400967672585e-08 5.448743180030976802e-08 6.643603848714536925e-08 7.970310192790262861e-08 9.426373372472264747e-08 1.094515131272152430e-07 1.240544268641441415e-07 1.362718304449954653e-07 1.410497904596346351e-07 1.284357823603243510e-07 1.098747955660973910e-07 9.066144991116539291e-08 7.282145971948313754e-08 5.682046530747058542e-08 4.301612808139506920e-08 -2.773964459000917007e-10 -1.968729003433419747e-10 -9.008508505705945719e-11 5.562793825043145542e-11 2.679646233003867210e-10 5.662409486115178818e-10 9.605192975929303623e-10 1.466350934466108822e-09 2.086682525885946060e-09 2.822054362091389047e-09 3.690583386891799255e-09 4.687011855507258193e-09 5.797110896559464178e-09 7.020978146863048341e-09 8.301763272284500767e-09 9.531408720164083223e-09 1.053322159008427192e-08 1.084376553824266643e-08 9.945696016008806133e-09 8.476888087563491165e-09 6.924324333397655104e-09 5.482785571928557702e-09 4.197969118294458153e-09 3.100057010272385471e-09 -1.058453196951194448e-11 -8.921272874611537380e-12 -6.682799506400857950e-12 -3.920454891949332536e-12 -4.303308568677076586e-13 4.010816742179408591e-12 9.599312402155466262e-12 1.661773495520614810e-11 2.515158547675533873e-11 3.524158349828973842e-11 4.716538233126202183e-11 6.088168158227609356e-11 7.622918038797770200e-11 9.324749246036220093e-11 1.111839872075155808e-10 1.285537522157996659e-10 1.428631126089471783e-10 1.474607491423359018e-10 1.349861523612346775e-10 1.144970311615216105e-10 9.295241302190470214e-11 7.307834722120703391e-11 5.548057083526384548e-11 4.053824297111548961e-11 -1.156681362399186004e-12 -9.711634465868682584e-13 -6.463040042194339354e-13 -1.388615238966947687e-13 5.934669438296273899e-13 1.560326637670453282e-12 2.770534388289177578e-12 4.277270017440803130e-12 6.102988079250925322e-12 8.259978195693598656e-12 1.080893315040041102e-11 1.374101928099301435e-11 1.702096084113182926e-11 2.065623640393824081e-11 2.448564491302720351e-11 2.819274244379064260e-11 3.124641796493711490e-11 3.221602037843305208e-11 2.950271480985899604e-11 2.507044284827210612e-11 2.041586624003335793e-11 1.611988255165411569e-11 1.231001944890585712e-11 9.067744141476237270e-12 -2.242860198575986726e-13 -1.379405471013650414e-13 9.079360069837740372e-14 5.487087027068583324e-13 1.308424315057028993e-12 2.386254691414216775e-12 3.771504013395425970e-12 5.502507695918622631e-12 7.598678659436590850e-12 1.007461734364152587e-11 1.299955283668770329e-11 1.636171746030838944e-11 2.011856489820921482e-11 2.427630931206533193e-11 2.864827207505148336e-11 3.287167413641698732e-11 3.634177150175493375e-11 3.742808237829687288e-11 3.429479177393298521e-11 2.919545740727418248e-11 2.383723994607888267e-11 1.888297145710531495e-11 1.447933327862440346e-11 1.072210673901489847e-11 1.617476664670664889e-12 1.638923173582159987e-12 1.845330072138677063e-12 2.382793337955601323e-12 3.380121914595941006e-12 4.892851293513652767e-12 6.919599613249748650e-12 9.500614946757593237e-12 1.264434412216016514e-11 1.636333963080952553e-11 2.075571050221642086e-11 2.579707731513906950e-11 3.141603336031447624e-11 3.761324468697024662e-11 4.410149813471725212e-11 5.033547779177014527e-11 5.542185290119532226e-11 5.697183437961955300e-11 5.227275036714182902e-11 4.465544232161519222e-11 3.662699620885037854e-11 2.917157058126307616e-11 2.251444118628289281e-11 1.680843677610114014e-11
-1.769940969766818375e-09 -1.042410507878821794e-09 -7.971316812609681669e-11 1.269476853233563241e-09 3.313654552503476425e-09 6.269500189981668571e-09 1.024818747020844047e-08 1.540630350916466975e-08 2.177175360033796172e-08 2.934991896330896009e-08 3.833486015380053070e-08 4.870032083911980872e-08 6.035510508416030411e-08 7.343345339117117917e-08 8.759548444024958962e-08 1.022193139382440962e-07 1.165260321298817600e-07 1.284357823603243510e-07 1.332156569305838961e-07 1.213903303901401558e-07 1.039881363139565022e-07 8.606241876942180733e-08 6.908914317185749918e-08 5.397192576420920646e-08 -1.365821418419045122e-09 -1.199826927231037669e-09 -9.958362018558528835e-10 -7.750551929009998391e-10 -5.280038893078837083e-10 -2.357259263594343880e-10 1.198003379841312545e-10 5.595019169325416844e-10 1.090258092552525192e-09 1.715887676821449475e-09 2.455351418836313962e-09 3.309090032990178634e-09 4.272606688310747607e-09 5.359391889577868620e-09 6.543407364448304443e-09 7.771545553069291649e-09 8.972093875507990409e-09 9.945696016008806133e-09 1.025820289304563130e-08 9.415845063383582942e-09 8.036475339948769672e-09 6.585408152756319800e-09 5.211499212723748222e-09 3.995466681033005228e-09 -2.382661323557693134e-11 -2.147390877291790221e-11 -1.837514433668999396e-11 -1.483612975887447260e-11 -1.089770777694178543e-11 -6.480033942458129939e-12 -1.379977414816639529e-12 4.738317883848353773e-12 1.202209953153221820e-11 2.056447718923183795e-11 3.065623624295694896e-11 4.233312378375992853e-11 5.556330423746723080e-11 7.056293024260439448e-11 8.700441453826413014e-11 1.041799620599215580e-10 1.211115143695069473e-10 1.349861523612347292e-10 1.395707278866246827e-10 1.278471275837667478e-10 1.085852155371622174e-10 8.843374491876439709e-11 6.948088493150014187e-11 5.281712300945039465e-11 -3.865463602225323883e-12 -3.532723542353761275e-12 -3.070673176411524440e-12 -2.482176193213354315e-12 -1.734186082692840343e-12 -8.107337533364265017e-13 2.937854961728140609e-13 1.618769799420338710e-12 3.187019859597254206e-12 5.021377100168194837e-12 7.186688718205030767e-12 9.690824748158525123e-12 1.252604245751416928e-11 1.573740872344934791e-11 1.925383522552158054e-11 2.292391023009221547e-11 2.653980227230015616e-11 2.950271480985899604e-11 3.047231311306503990e-11 2.792392946050944341e-11 2.375935002544264437e-11 1.940813796225369866e-11 1.531368184459594918e-11 1.170835117210648643e-11 -3.384393022401219458e-12 -3.099552295711818328e-12 -2.698866181711053638e-12 -2.159304458092087447e-12 -1.415798280662263843e-12 -4.267622281490540375e-13 8.173109306063382824e-13 2.341516220477753654e-12 4.150685933504176859e-12 6.264399327423683077e-12 8.757338391900412846e-12 1.163786930341567994e-11 1.489537628941665843e-11 1.857944161422163505e-11 2.260625152377868418e-11 2.680060497060297763e-11 3.092402410775512327e-11 3.429479177393298521e-11 3.538559510879559906e-11 3.244529881334530751e-11 2.765660271239649202e-11 2.265005012523877699e-11 1.793035722408090375e-11 1.376497910501979691e-11 -3.357243209045095366e-12 -3.027763422036190432e-12 -2.545026860179952169e-12 -1.860798490641884647e-12 -8.719990087465143440e-13 4.993659400444952090e-13 2.290863521389032913e-12 4.550072476813990557e-12 7.269068087128902817e-12 1.045729090620893590e-11 1.421829148588729673e-11 1.855892604334292849e-11 2.345681937096723829e-11 2.897917166729876811e-11 3.499232776410907240e-11 4.122707221088895308e-11 4.732290894035640384e-11 5.227275036714182902e-11 5.383967225664383857e-11 4.943485558154743820e-11 4.228601680257892757e-11 3.478818984062199867e-11 2.768893603589550255e-11 2.139470811766221281e-11
-1.449814059748201954e-08 -1.277068784497114845e-08 -1.066252728085387484e-08 -8.397413837738544042e-09 -5.874170539734966492e-09 -2.881175762991582545e-09 7.780445828789655870e-10 5.325773443936956949e-09 1.083072061995729543e-08 1.733060930573548939e-08 2.502207104762089056e-08 3.391663873141422942e-08 4.399228726107688563e-08 5.544476917407433026e-08 6.812747172531858738e-08 8.172408955329084446e-08 9.600586344499606339e-08 1.098747955660973910e-07 1.213903303901401294e-07 1.262326411812723142e-07 1.152967927659339530e-07 9.906862661999719255e-08 8.198873908497572171e-08 6.591303834505113472e-08 -2.254414914918358048e-09 -2.051260161914540647e-09 -1.786441815598982373e-09 -1.496916946841597667e-09 -1.198886282709424468e-09 -8.910806337425323617e-10 -5.554831983434165701e-10 -1.650801660653472351e-10 2.924169979586320729e-10 8.245168502939184590e-10 1.450589165491646745e-09 2.174538582698737651e-09 2.997398783993009632e-09 3.938295315847912915e-09 4.987442239938214515e-09 6.120309777874364392e-09 7.316265067798884556e-09 8.476888087563491165e-09 9.415845063383582942e-09 9.736059783464515130e-09 8.955963737074555275e-09 7.667666660430638357e-09 6.282839345047820208e-09 4.979483337394169977e-09 -3.428903250723306032e-11 -3.170630192124270959e-11 -2.819626725336654977e-11 -2.412841033150347569e-11 -1.971936148065156426e-11 -1.511221097595247348e-11 -1.022783957644062301e-11 -4.740525084991546709e-12 1.550343708300675406e-12 8.797261090202661433e-12 1.730387087549780153e-11 2.715390207170600123e-11 3.838681702397774987e-11 5.128786968437619267e-11 6.574862381318503235e-11 8.145775506265577655e-11 9.815753580049520270e-11 1.144970311615216105e-10 1.278471275837666961e-10 1.325088630029902444e-10 1.216357310794378286e-10 1.036312924540557277e-10 8.438875649287688438e-11 6.640116137806135077e-11 -6.144823384798216881e-12 -5.705588850080726313e-12 -5.119380934019906647e-12 -4.433208301084131746e-12 -3.645357883251556068e-12 -2.745165045922562284e-12 -1.717118684369430471e-12 -5.256950377515730030e-13 8.419356885869893184e-13 2.409444199605609615e-12 4.243783228082861108e-12 6.364120994738011217e-12 8.778577470578824334e-12 1.154745309899737289e-11 1.464645263206192115e-11 1.800843376260943461e-11 2.157879907319837515e-11 2.507044284827210612e-11 2.792392946050944341e-11 2.891324061564946559e-11 2.655176887367746323e-11 2.266144175187259092e-11 1.850890971077426979e-11 1.462520934321759807e-11 -6.142763682587259310e-12 -5.690349329114659603e-12 -5.101317124662888229e-12 -4.422321225758411513e-12 -3.633466409479334933e-12 -2.696073791537435054e-12 -1.572114461546294079e-12 -2.185237391505627006e-13 1.362239119309499792e-12 3.177366901704589878e-12 5.297697010179788499e-12 7.744991271660176315e-12 1.052775309839321461e-11 1.371370059557763634e-11 1.727286463270004077e-11 2.112637725044452872e-11 2.521022849437469569e-11 2.919545740727418248e-11 3.244529881334530751e-11 3.356243086893745768e-11 3.084008596673295239e-11 2.636907665480773230e-11 2.159320582767005324e-11 1.711821116670081966e-11 -7.809918535257544329e-12 -7.191288829025708584e-12 -6.387610740473067364e-12 -5.456965581080683232e-12 -4.364834639888311497e-12 -3.049347163582487106e-12 -1.442245622660404595e-12 5.399638604778893011e-13 2.904977907981214110e-12 5.649494547964221467e-12 8.862032247920187676e-12 1.256687579775110055e-11 1.677138613969076511e-11 2.157173939028163793e-11 2.691590881638695470e-11 3.267846145137492212e-11 3.875659191802737802e-11 4.465544232161519222e-11 4.943485558154743820e-11 5.104822682273233025e-11 4.697362452105212353e-11 4.030296124403111082e-11 3.315407438213875005e-11 2.642585706447181619e-11
-2.501257413305418883e-08 -2.281343856819713690e-08 -1.995726652370083408e-08 -1.685090165694663869e-08 -1.367219853950230498e-08 -1.041173472376337433e-08 -6.870238334360699995e-09 -2.758475894151278142e-09 2.057363930948472948e-09 7.652185466009137788e-09 1.422700437318647592e-08 2.182020748032465331e-08 3.044722712192678377e-08 4.033204541960386091e-08 5.142488476802701615e-08 6.358876188074223251e-08 7.685058148057928981e-08 9.066144991116540614e-08 1.039881363139565022e-07 1.152967927659339530e-07 1.202025124671012531e-07 1.100295047717099607e-07 9.456291862738408713e-08 7.836451915618346825e-08 -2.907600534419981962e-09 -2.709877051150454422e-09 -2.435407105074629266e-09 -2.114588676018441134e-09 -1.774094065996626943e-09 -1.436667960926912511e-09 -1.100694264339773516e-09 -7.406020404405996098e-10 -3.389618536306699399e-10 1.166948100329838116e-10 6.469445936204771207e-10 1.258284704450005018e-09 1.955040986842350475e-09 2.758017124992961798e-09 3.665898106496096410e-09 4.669053561348466380e-09 5.770981143412766026e-09 6.924324333397653450e-09 8.036475339948769672e-09 8.955963737074555275e-09 9.280548059421609892e-09 8.556165540858588475e-09 7.326632580622012395e-09 6.011453987966557770e-09 -4.177954360781362397e-11 -3.934757190269686326e-11 -3.591162975372403253e-11 -3.175667800530223783e-11 -2.712132887045703488e-11 -2.230549743882038136e-11 -1.743199227204319324e-11 -1.230214552668757677e-11 -6.728455452842955129e-12 -5.086689442617747756e-13 6.683634095914537800e-12 1.497064968504405558e-11 2.443530299853166839e-11 3.538092270447393337e-11 4.781095262906454971e-11 6.161659834639396959e-11 7.687279686539091583e-11 9.295241302190470214e-11 1.085852155371622174e-10 1.216357310794378544e-10 1.263357418292623842e-10 1.162280674216498479e-10 9.903533661039949966e-11 8.075376469232668258e-11 -7.898001908083585335e-12 -7.429704688010347837e-12 -6.789158899457062449e-12 -6.037644994087608804e-12 -5.204887372666278072e-12 -4.308477116389436545e-12 -3.336864461625723944e-12 -2.247966495824571761e-12 -1.031407051556405610e-12 3.273000055233105050e-13 1.889302577366026458e-12 3.681508836113613251e-12 5.722770089969386069e-12 8.078237873030824763e-12 1.074802077103671326e-11 1.370839973858270135e-11 1.697552913899941064e-11 2.041586624003336116e-11 2.375935002544264437e-11 2.655176887367746323e-11 2.755267837194307686e-11 2.535958275028548075e-11 2.164681782953358145e-11 1.770353815386772817e-11 -8.342499158936226391e-12 -7.819397450609003370e-12 -7.118380473170931685e-12 -6.316617579932718323e-12 -5.446114257249259563e-12 -4.509992474731152231e-12 -3.471649994075538638e-12 -2.265106403552379415e-12 -8.738374705895489034e-13 7.029391218135946932e-13 2.517294034907634922e-12 4.593957004019220746e-12 6.954260099573123461e-12 9.672697002338762767e-12 1.274788033689562601e-11 1.615093141928550447e-11 1.989887733811237114e-11 2.383723994607887944e-11 2.765660271239649202e-11 3.084008596673295239e-11 3.197386692918792739e-11 2.944754279255348986e-11 2.518241966322936434e-11 2.064875850380670628e-11 -1.146729120255637299e-11 -1.069583925816666994e-11 -9.672631530212840749e-12 -8.512368446857462014e-12 -7.257888069319975285e-12 -5.909915385056149495e-12 -4.411195796971814182e-12 -2.653935422989958869e-12 -5.936661482157264173e-13 1.781401498408717880e-12 4.537223629837733097e-12 7.694181885010041475e-12 1.127647423062323836e-11 1.539189071597659343e-11 2.003257155374585572e-11 2.514883418292123823e-11 3.075958917942114318e-11 3.662699620885037854e-11 4.228601680257891465e-11 4.697362452105211707e-11 4.861823626283913285e-11 4.484037773271972236e-11 3.848022186957585892e-11 3.169674233104461286e-11
-3.289309452042508198e-08 -3.069735962760589133e-08 -2.766163636082918937e-08 -2.412957682477045857e-08 -2.040141745682516987e-08 -1.672630096259006893e-08 -1.309095040243980095e-08 -9.214390998524100895e-09 -4.909977955081376504e-09 -4.328051387245250176e-11 5.598193291384180519e-09 1.207791162019703142e-08 1.943844126479774264e-08 2.790419332408269186e-08 3.748578309201663934e-08 4.813287391425393937e-08 6.000273959660935464e-08 7.282145971948313754e-08 8.606241876942182056e-08 9.906862661999720578e-08 1.100295047717099607e-07 1.148072246019912610e-07 1.051089985619546231e-07 9.042038597848755581e-08 -3.336681762587359417e-09 -3.166779908317276313e-09 -2.919628922716269562e-09 -2.611453046444636955e-09 -2.261376227143898641e-09 -1.901212383569980981e-09 -1.551122910099581020e-09 -1.201241428851860324e-09 -8.363353725380340150e-10 -4.392389034064041942e-10 1.337302793889015299e-11 5.307211915237620523e-10 1.119413428637234977e-09 1.800101622745481727e-09 2.575795705709146006e-09 3.444604458330186101e-09 4.420705587799440797e-09 5.482785571928557702e-09 6.585408152756318973e-09 7.667666660430640011e-09 8.556165540858588475e-09 8.871643709128294288e-09 8.179796745151358437e-09 7.010506657056969580e-09 -4.653680535548949451e-11 -4.446199760568659247e-11 -4.143022967318386385e-11 -3.759745534916439669e-11 -3.311455346333475819e-11 -2.829278493593705410e-11 -2.339565519052622668e-11 -1.841332822308048422e-11 -1.327979867259346267e-11 -7.806783953756275468e-12 -1.649910450205455874e-12 5.352800235752174744e-12 1.331913808487570270e-11 2.255002596014358931e-11 3.310575086404053510e-11 4.498084904117605726e-11 5.839340291981467337e-11 7.307834722120703391e-11 8.843374491876439709e-11 1.036312924540557277e-10 1.162280674216498479e-10 1.207824242383410547e-10 1.111213373102155962e-10 9.476581690440943975e-11 -9.111844501549204122e-12 -8.678403264273209997e-12 -8.062845017710909561e-12 -7.312832104167379599e-12 -6.465784849354547407e-12 -5.567160616602706210e-12 -4.631081077284604904e-12 -3.621878464029657117e-12 -2.523150224385615575e-12 -1.322882211693632975e-12 2.638847960440021651e-14 1.550547084844796709e-12 3.275760421822571885e-12 5.268306766300836293e-12 7.541407250182597193e-12 1.009385347694135881e-11 1.297233003265638045e-11 1.611988255165411245e-11 1.940813796225369866e-11 2.266144175187259092e-11 2.535958275028548398e-11 2.633204273749363914e-11 2.423764859063574175e-11 2.070720606024464796e-11 -9.929103064389776828e-12 -9.423500013017628050e-12 -8.715043423296553148e-12 -7.869186688231195776e-12 -6.937684166818178813e-12 -5.970893290061101119e-12 -4.969976274859374513e-12 -3.873897406810063676e-12 -2.645027457126649926e-12 -1.265403131325753700e-12 3.051643275002070256e-13 2.079382809410994955e-12 4.081659163874536403e-12 6.388535293790619565e-12 9.014683894235143187e-12 1.195750068778972191e-11 1.526928938504837066e-11 1.888297145710531818e-11 2.265005012523877376e-11 2.636907665480773230e-11 2.944754279255348986e-11 3.055137312763755332e-11 2.814028138155780804e-11 2.408590070277026643e-11 -1.420054939736779716e-11 -1.341916322191740460e-11 -1.233698902391586567e-11 -1.106210092349653019e-11 -9.674314574568563128e-12 -8.245020859405329954e-12 -6.772586153875770635e-12 -5.163832961483907485e-12 -3.352563905000417707e-12 -1.293592435110362591e-12 1.083718469422539112e-12 3.787451822553748872e-12 6.838674246003606531e-12 1.034627167729285323e-11 1.432760506536685023e-11 1.877356917662272144e-11 2.375731306427388562e-11 2.917157058126307616e-11 3.478818984062200513e-11 4.030296124403111082e-11 4.484037773271972236e-11 4.644620121071781436e-11 4.284360588318690286e-11 3.680018231849831448e-11
-3.838155454026024802e-08 -3.645376756903435687e-08 -3.366169487278617900e-08 -3.019881537115447365e-08 -2.628428880374551523e-08 -2.227755770481507360e-08 -1.840127941010798846e-08 -1.455408188114033874e-08 -1.056965617149148417e-08 -6.265658378278606822e-09 -1.391917528961685513e-09 4.142655214273228492e-09 1.040453084980441946e-08 1.761277648736014771e-08 2.580592951584475907e-08 3.498970959875586516e-08 4.536479147935915798e-08 5.682046530747059204e-08 6.908914317185749918e-08 8.198873908497572171e-08 9.456291862738408713e-08 1.051089985619546231e-07 1.098434198665254361e-07 1.007388483002409967e-07 -3.585401785534993988e-09 -3.450103848949114072e-09 -3.246875721053310927e-09 -2.980744162246075891e-09 -2.658117378399268028e-09 -2.302897362327728228e-09 -1.943403131100583466e-09 -1.589826703840503282e-09 -1.242181045528605167e-09 -8.854085093404058968e-10 -4.933570073358514851e-10 -5.327389145514598402e-11 4.437957444621690021e-10 1.017863353695836020e-09 1.674236493475126248e-09 2.415144787065734802e-09 3.258924261066699553e-09 4.197969118294458153e-09 5.211499212723748222e-09 6.282839345047820208e-09 7.326632580622012395e-09 8.179796745151358437e-09 8.494503188300099095e-09 7.844094891346719125e-09 -4.910804176704469734e-11 -4.745707452467186177e-11 -4.497889991505150532e-11 -4.172446368909916249e-11 -3.773367013551975989e-11 -3.322328119040190353e-11 -2.846449654437850697e-11 -2.357848379459892549e-11 -1.867678071835896664e-11 -1.368826558592987799e-11 -8.303609761827909957e-12 -2.331918665244810706e-12 4.381287872000642886e-12 1.213272362008367838e-11 2.101497666733949800e-11 3.107800364916604719e-11 4.259288920425608237e-11 5.548057083526384548e-11 6.948088493150014187e-11 8.438875649287688438e-11 9.903533661039949966e-11 1.111213373102155962e-10 1.156542077209330511e-10 1.065676298716541799e-10 -9.863576031497675762e-12 -9.498840603197244400e-12 -8.962947326531547485e-12 -8.280780238096630995e-12 -7.475910117170544732e-12 -6.599037369505906175e-12 -5.689838197612302457e-12 -4.738409473398719598e-12 -3.734707624399183935e-12 -2.661490968762734215e-12 -1.477783852630804308e-12 -1.672610671989372929e-13 1.295262895680912110e-12 2.975290469283095292e-12 4.894330224498770489e-12 7.063616918668211895e-12 9.541334973598853928e-12 1.231001944890585873e-11 1.531368184459594918e-11 1.850890971077426979e-11 2.164681782953358469e-11 2.423764859063574175e-11 2.520728218770687235e-11 2.323854722835810710e-11 -1.097183161112043463e-11 -1.053407105187027714e-11 -9.896706930711219250e-12 -9.096993608451515206e-12 -8.172680844941043299e-12 -7.190613720180462375e-12 -6.195057595691966920e-12 -5.162335281694448319e-12 -4.060639700060703446e-12 -2.852816941199550956e-12 -1.487718695019494745e-12 4.079344989022883068e-14 1.745889109403171938e-12 3.698313671009853514e-12 5.922750176504187637e-12 8.431697590470683390e-12 1.129114451622058092e-11 1.447933327862440346e-11 1.793035722408090375e-11 2.159320582767005324e-11 2.518241966322936434e-11 2.814028138155780804e-11 2.924259593990149626e-11 2.697714658227616991e-11 -1.608527952906098589e-11 -1.538605299344139879e-11 -1.437887837480910312e-11 -1.313258216048850335e-11 -1.171352218261795781e-11 -1.022521191358449326e-11 -8.730401854555573930e-12 -7.190522427022506809e-12 -5.555709771927863962e-12 -3.761123071494444703e-12 -1.712922193431583114e-12 6.086349393285218467e-13 3.213187010956265958e-12 6.193718967943842212e-12 9.580661792087789564e-12 1.338859311298616751e-11 1.771269134497579917e-11 2.251444118628289281e-11 2.768893603589550255e-11 3.315407438213875005e-11 3.848022186957585892e-11 4.284360588318689640e-11 4.445112221664801208e-11 4.106812626173736581e-11
-4.176261997687838227e-08 -4.019331905013357770e-08 -3.784855099173370896e-08 -3.479671124826554315e-08 -3.112191132226690687e-08 -2.709800239445893508e-08 -2.304736481388521092e-08 -1.908285220689398337e-08 -1.521468252710862174e-08 -1.127986588233128086e-08 -6.997815545845793874e-09 -2.232306387221506490e-09 3.108627460845066019e-09 9.237628766423111570e-09 1.621229930263434622e-08 2.406309634526195106e-08 3.300882269602582998e-08 4.301612808139506920e-08 5.397192576420920646e-08 6.591303834505113472e-08 7.836451915618346825e-08 9.042038597848754258e-08 1.007388483002410099e-07 1.054501820442562073e-07 -3.691079253730727877e-09 -3.588361587396160805e-09 -3.430770832628522639e-09 -3.217378457726279923e-09 -2.945681011643623860e-09 -2.626761139213574418e-09 -2.281535850636543484e-09 -1.927377190470910315e-09 -1.582670224734879664e-09 -1.246610650943097671e-09 -8.962966630244246167e-10 -5.160152592767948751e-10 -9.369555644112202138e-11 3.905955564688079927e-10 9.436664920331691938e-10 1.570029947992792673e-09 2.288970312493480682e-09 3.100057010272385471e-09 3.995466681033005228e-09 4.979483337394169150e-09 6.011453987966557770e-09 7.010506657056969580e-09 7.844094891346719125e-09 8.157261895951734035e-09 -4.995386128019029307e-11 -4.870327986730606797e-11 -4.678749868434194393e-11 -4.419638621099603610e-11 -4.088990306214206892e-11 -3.696582844613688896e-11 -3.260683950830637216e-11 -2.794569041118200652e-11 -2.320989697797042109e-11 -1.849618818183756373e-11 -1.361881249981889757e-11 -8.413801211436316664e-12 -2.700674384732418209e-12 3.821612534712188241e-12 1.127114799312431374e-11 1.973063637775820382e-11 2.948120234735399359e-11 4.053824297111549607e-11 5.281712300945039465e-11 6.640116137806133784e-11 8.075376469232669550e-11 9.476581690440943975e-11 1.065676298716541799e-10 1.110696528418499920e-10 -1.022784099960350658e-11 -9.939921298488004173e-12 -9.505675027742690086e-12 -8.931840506707285603e-12 -8.222759404678393039e-12 -7.413815576415782504e-12 -6.549277787309313537e-12 -5.643896765852144951e-12 -4.711144975565300503e-12 -3.740051160003005745e-12 -2.688265196184136540e-12 -1.543051574227225974e-12 -2.883437050125807480e-13 1.134076068394395037e-12 2.750812961238107059e-12 4.581068438881982417e-12 6.685750170862961949e-12 9.067744141476237270e-12 1.170835117210648643e-11 1.462520934321759807e-11 1.770353815386772817e-11 2.070720606024464796e-11 2.323854722835810710e-11 2.420295847231103013e-11 -1.154433068459044949e-11 -1.119092884364902560e-11 -1.066185085972202735e-11 -9.970289642612430279e-12 -9.128847102051364464e-12 -8.188679685869326939e-12 -7.208706432299346105e-12 -6.205815465539633197e-12 -5.183509929047864419e-12 -4.110397736803305353e-12 -2.921936469471632436e-12 -1.598203594127697867e-12 -1.323835418378866034e-13 1.528380822096802308e-12 3.409823783809346158e-12 5.533948182755499636e-12 7.970731460811391096e-12 1.072210673901489847e-11 1.376497910501979206e-11 1.711821116670081966e-11 2.064875850380670951e-11 2.408590070277026643e-11 2.697714658227616991e-11 2.807484204004796541e-11 -1.721126256929858067e-11 -1.663297138744704747e-11 -1.577501223009191213e-11 -1.466728674814843894e-11 -1.333942749619679158e-11 -1.187881237497360828e-11 -1.037702323857632999e-11 -8.855759300879462851e-12 -7.317742078874615634e-12 -5.713676337164193197e-12 -3.938185240528724520e-12 -1.944682098990522745e-12 2.871297362427559078e-13 2.828383774539573286e-12 5.704482314353414551e-12 8.942338096915862898e-12 1.264428639639500833e-11 1.680843677610114014e-11 2.139470811766221281e-11 2.642585706447181619e-11 3.169674233104461933e-11 3.680018231849831448e-11 4.106812626173736581e-11 4.267207570392562390e-11
1.140238282472982576e-07 9.614904928106128337e-08 7.772895980116979666e-08 6.196688993294057324e-08 4.888950073622224666e-08 3.837017315883120876e-08 3.005554456420518673e-08 2.341058435853744626e-08 1.817727552512262470e-08 1.410784672898801395e-08 1.090643616875522462e-08 8.423867399766576854e-09 6.502958176587690351e-09 4.931752714202678386e-09 3.553831709495705501e-09 2.252456980617585127e-09 9.590653297124089033e-10 -2.773964459000917007e-10 -1.365821418419045122e-09 -2.254414914918358048e-09 -2.907600534419981962e-09 -3.336681762587359417e-09 -3.585401785534993988e-09 -3.691079253730727877e-09 7.184297082888039910e-07 5.864865901535024583e-07 4.618919255905618101e-07 3.600976396356320660e-07 2.782305886629885559e-07 2.140282948730853218e-07 1.643951978283356319e-07 1.255539232423886414e-07 9.559178962871825408e-08 7.279380802315184721e-08 5.526012195164138591e-08 4.189500369260249909e-08 3.144931630559592894e-08 2.239049200538415697e-08 1.382400411827278689e-08 5.449994526206235622e-09 -2.604588109166987408e-09 -9.637889528352864067e-09 -1.509505952183892933e-08 -1.894233791301688998e-08 -2.130657020683209375e-08 -2.247932469823428530e-08 -2.278864908352041361e-08 -2.248176534807077283e-08 1.069054164981524413e-07 8.841652119935926238e-08 6.959241229064210189e-08 5.389109395437593297e-08 4.124222372223445587e-08 3.137044503182764207e-08 2.380344178779782204e-08 1.794419078341004216e-08 1.348174345524147429e-08 1.013394231292885424e-08 7.586356784323645743e-09 5.626028470777111233e-09 4.020512800353624953e-09 2.544874648744498603e-09 1.121190075783360467e-09 -2.214646780371265311e-10 -1.413279296042503343e-09 -2.352036710040768530e-09 -3.002174920395206405e-09 -3.401087722235613251e-09 -3.594922476048735349e-09 -3.637675417898563022e-09 -3.576428139949263855e-09 -3.446542942710927539e-09 4.111244612303831619e-09 3.386699944489554663e-09 2.651408722003472527e-09 2.041729897550481332e-09 1.553673077181848946e-09 1.175137401311346523e-09 8.867699374308313744e-10 6.648836287639999721e-10 4.969586979121842509e-10 3.715577451410981857e-10 2.757945020965257859e-10 2.007286760317427711e-10 1.378289567588171291e-10 7.980126274837206853e-11 2.507107618371742590e-11 -2.448605198309796954e-11 -6.660931991995479029e-11 -9.858633978711604727e-11 -1.199735134527673176e-10 -1.324547146058341499e-10 -1.378036326247988118e-10 -1.379705241315592070e-10 -1.346011332660400070e-10 -1.289605633437921164e-10 5.989467451829761370e-10 4.946198886574542470e-10 3.886781830182028205e-10 3.006315913244511722e-10 2.299111994121095091e-10 1.748450487183227458e-10 1.327119882953777540e-10 1.001279446555817714e-10 7.529548263697314864e-11 5.653268432063938358e-11 4.198018734419538279e-11 3.051870579541622157e-11 2.113179155245297912e-11 1.284449914637408323e-11 5.318400022565742814e-12 -1.449981892091553894e-12 -7.379894265724021667e-12 -1.214781874241189653e-11 -1.559056087102763582e-11 -1.782546495774746963e-11 -1.901482511795994990e-11 -1.939577530935457554e-11 -1.920208162164225199e-11 -1.861707830534381244e-11 7.043455317243361498e-10 5.832242539652309784e-10 4.600335871638102954e-10 3.572984471444582906e-10 2.744442030012079041e-10 2.096543508313845883e-10 1.598582644955093213e-10 1.211502911585711274e-10 9.144505101816542683e-11 6.881352360730617399e-11 5.121557545195900478e-11 3.751970727419531151e-11 2.660212195311310964e-11 1.720977380950720023e-11 8.689235344354958398e-12 8.105379422503216727e-13 -6.391945063197563287e-12 -1.244057284095147996e-11 -1.699541276510489248e-11 -2.010326375373203440e-11 -2.190687134777274219e-11 -2.267323028356120188e-11 -2.268858230245476869e-11 -2.217617773072442994e-11
9.614904928106128337e-08 8.885754633562875344e-08 7.555839542722044038e-08 6.165804031925526240e-08 4.932943192679070077e-08 3.907274481726689890e-08 3.080824278550380366e-08 2.412392238862707050e-08 1.881728627290265762e-08 1.466596436172121693e-08 1.137871678924153467e-08 8.797169939045463219e-09 6.748280351474630071e-09 5.024199200124715503e-09 3.519210165288235738e-09 2.175520350407021725e-09 9.364673735145506733e-10 -1.968729003433419747e-10 -1.199826927231037669e-09 -2.051260161914540647e-09 -2.709877051150454422e-09 -3.166779908317276313e-09 -3.450103848949114072e-09 -3.588361587396160805e-09 5.864865901535024583e-07 5.459556179173139002e-07 4.526237202747145765e-07 3.609521062941863770e-07 2.827582113115815934e-07 2.195126695408501562e-07 1.697577931112560776e-07 1.303819338335314051e-07 9.978217380332014967e-08 7.634311488971967626e-08 5.810976137071187271e-08 4.383035168456343070e-08 3.224204842021621542e-08 2.217282713675900205e-08 1.324387438483339267e-08 5.287433771473109670e-09 -1.967523000230644807e-09 -8.381114334723206547e-09 -1.363788812668870304e-08 -1.759703865854208764e-08 -2.020771547427899256e-08 -2.164092656228358637e-08 -2.217780002435752187e-08 -2.205169069978295463e-08 8.841652119935926238e-08 8.121938611610520640e-08 6.787205598733098631e-08 5.401141287645976389e-08 4.199971990786552869e-08 3.228507829192169894e-08 2.468840409292578982e-08 1.873323541902972541e-08 1.415698034824495617e-08 1.068682678798251431e-08 7.986379275388074326e-09 5.831453820850241392e-09 4.039473866744752278e-09 2.470173908077173385e-09 1.087644050342627545e-09 -1.306204608512494142e-10 -1.210025716769427473e-09 -2.104441056361425622e-09 -2.769098850534586075e-09 -3.210144315071167860e-09 -3.450570343828488287e-09 -3.533637839070497667e-09 -3.504491353117882142e-09 -3.398945802382105669e-09 3.386699944489554663e-09 3.108233540742915496e-09 2.588607153844793534e-09 2.049883703542665980e-09 1.585482117369317004e-09 1.212140207713585125e-09 9.219798633093554002e-10 6.958955031405931915e-10 5.230293969477442961e-10 3.920221959256156363e-10 2.893594209267643931e-10 2.067588376884171480e-10 1.381263972956727113e-10 7.845403103532145716e-11 2.624430511980551668e-11 -1.916386680501953974e-11 -5.825154293784740463e-11 -8.941002526540247594e-11 -1.116609998074996403e-10 -1.257525218621244762e-10 -1.327826513221990928e-10 -1.343872473868179930e-10 -1.321648175104023564e-10 -1.273947769738734717e-10 4.946198886574543504e-10 4.544174693881414475e-10 3.793731593467246692e-10 3.015373153181587966e-10 2.342828942691362091e-10 1.800282261209599598e-10 1.376829271310333960e-10 1.045056779100145455e-10 7.892604682001526171e-11 5.934110015551824035e-11 4.393589919908368115e-11 3.166624675222773193e-11 2.163447750105563462e-11 1.299988129203938633e-11 5.504256570153393954e-12 -9.448344889099932600e-13 -6.495838413854453130e-12 -1.104215202070904148e-11 -1.447883745633155936e-11 -1.685684813282245575e-11 -1.824738470019802335e-11 -1.882446580702276548e-11 -1.879788596224852385e-11 -1.834344495860607239e-11 5.832242539652310818e-10 5.362548230825954141e-10 4.487811781120041534e-10 3.579755333296488069e-10 2.792637516002699528e-10 2.155119256518148141e-10 1.655264957424343516e-10 1.261396652711281662e-10 9.557890806818466346e-11 7.211526105959841806e-11 5.374927239807554675e-11 3.926004112501294957e-11 2.748845858557086070e-11 1.738263928543330169e-11 8.630209611884247657e-12 1.064764054723666702e-12 -5.583628624991754975e-12 -1.122574737949647748e-11 -1.567597314337464650e-11 -1.890788768279881592e-11 -2.093608130113252389e-11 -2.193529576547592970e-11 -2.215443639907665096e-11 -2.180417101455369898e-11
7.772895980116979666e-08 7.555839542722044038e-08 7.029062988820530779e-08 6.042506064862467036e-08 4.962676676487583669e-08 3.995225385938396207e-08 3.185274470246396964e-08 2.515437220422972617e-08 1.975943854365456694e-08 1.549144803421687206e-08 1.206659287141924792e-08 9.319111668186266180e-09 7.080583594776289370e-09 5.174911393463586438e-09 3.543993806206980357e-09 2.156097278132020944e-09 9.528097319361830842e-10 -9.008508505705945719e-11 -9.958362018558528835e-10 -1.786441815598982373e-09 -2.435407105074629266e-09 -2.919628922716269562e-09 -3.246875721053310927e-09 -3.430770832628522639e-09 4.618919255905618101e-07 4.526237202747145765e-07 4.253358742204042568e-07 3.576267952475348713e-07 2.874409346151294992e-07 2.267909791628693337e-07 1.773683380673074472e-07 1.374505131253029981e-07 1.059872831183819490e-07 8.155493388263247134e-08 6.211250597315062035e-08 4.640736981419190005e-08 3.345099948533691776e-08 2.242950272692727497e-08 1.315581101549885976e-08 5.437020935110331455e-09 -1.169999952050166401e-09 -6.882332377146209937e-09 -1.174815764460554015e-08 -1.571390435927607228e-08 -1.858624046844946932e-08 -2.036268671012610963e-08 -2.122709652299959621e-08 -2.137402072955145255e-08 6.959241229064210189e-08 6.787205598733098631e-08 6.297673182024603223e-08 5.332694231213876776e-08 4.276098413489183956e-08 3.349252163168803252e-08 2.594487169049505504e-08 1.988692464445665042e-08 1.514826609090581241e-08 1.147595736562674057e-08 8.529731730769262383e-09 6.125124543026267154e-09 4.146882637656770028e-09 2.490877287014872373e-09 1.123292825145413623e-09 -3.932458249925544240e-12 -9.680481035122810485e-10 -1.788334973482010563e-09 -2.446761178864996344e-09 -2.930073021209932185e-09 -3.230602028069336190e-09 -3.371336783909590779e-09 -3.390680048621458154e-09 -3.322904031292088103e-09 2.651408722003472527e-09 2.588607153844793947e-09 2.401659763964928059e-09 2.027864822555932704e-09 1.618635662792795642e-09 1.261388204509444561e-09 9.721330024780510912e-10 7.411626727188366453e-10 5.609134557473371744e-10 4.209203711901170916e-10 3.083360838877806259e-10 2.168420195904716681e-10 1.423278526633578690e-10 8.054461408485667365e-11 2.973224671228802485e-11 -1.217372551952168086e-11 -4.777214925481055138e-11 -7.725453180795895436e-11 -9.995484758738060505e-11 -1.158486599629847222e-10 -1.251116404583210396e-10 -1.287919690863594860e-10 -1.283003556110392914e-10 -1.248691445671610927e-10 3.886781830182027688e-10 3.793731593467246175e-10 3.521856767886788309e-10 2.980302659398811745e-10 2.387577050394536439e-10 1.868944350552562803e-10 1.447283361563666264e-10 1.108464335327650989e-10 8.420490009874617398e-11 6.344339660533568220e-11 4.683915774104607686e-11 3.347368442539994680e-11 2.262958544766803094e-11 1.358615768202946911e-11 6.077316653055090904e-12 -1.178440058728377970e-13 -5.312872620312375203e-12 -9.587592090881948066e-12 -1.295767696251452659e-11 -1.546761706417512132e-11 -1.710280758281527404e-11 -1.794756774327379372e-11 -1.816447001321673105e-11 -1.790766236104976195e-11 4.600335871638103471e-10 4.487811781120041534e-10 4.167452099658641136e-10 3.534001034944336180e-10 2.840723502142088698e-10 2.232194574419227375e-10 1.735117561475139713e-10 1.333584368325494484e-10 1.016936222347100013e-10 7.706650080418267238e-11 5.746527720383532356e-11 4.171557458278737671e-11 2.887589500295690585e-11 1.808037120748793124e-11 9.085243610989078511e-12 1.693208699835170398e-12 -4.502072222016935177e-12 -9.684688497356286684e-12 -1.391662798576924523e-11 -1.721825954871516710e-11 -1.950050283826706823e-11 -2.080995220776557670e-11 -2.132300734114389712e-11 -2.121703836402758418e-11
6.196688993294057324e-08 6.165804031925526240e-08 6.042506064862467036e-08 5.677367895400504186e-08 4.920124490574906933e-08 4.072806308062869174e-08 3.304938695239923780e-08 2.643135432941779408e-08 2.096423928139596373e-08 1.655157980256051771e-08 1.293210277287361198e-08 9.958541547865113324e-09 7.500439963509169437e-09 5.418931941331860440e-09 3.677874900026380184e-09 2.243963605866836897e-09 1.048025185831843744e-09 5.562793825043145542e-11 -7.750551929009998391e-10 -1.496916946841597667e-09 -2.114588676018441134e-09 -2.611453046444636955e-09 -2.980744162246075891e-09 -3.217378457726279923e-09 3.600976396356320660e-07 3.609521062941864300e-07 3.576267952475348713e-07 3.401748985872273366e-07 2.888328320474974543e-07 2.342393000023238220e-07 1.864751283449010115e-07 1.463816416406744543e-07 1.139635980459914123e-07 8.813581245914389254e-08 6.700087124672658993e-08 4.961342464672655465e-08 3.535507518665835634e-08 2.352491035193632155e-08 1.390241391897870684e-08 6.193822129910918228e-09 -1.075002809580252540e-10 -5.317004856881638569e-09 -9.720621228297539236e-09 -1.350837565072391942e-08 -1.653596603330532462e-08 -1.865733155969913130e-08 -1.991615928591116926e-08 -2.041870214622032318e-08 5.389109395437592635e-08 5.401141287645976389e-08 5.332694231213876776e-08 5.013959808147653120e-08 4.288231535203591008e-08 3.470699236607530336e-08 2.744109671206833029e-08 2.133589438548724456e-08 1.639857750926904791e-08 1.244771482132653940e-08 9.200984172267630833e-09 6.545893688646758701e-09 4.404185260426407725e-09 2.665295670935825651e-09 1.279518904204402513e-09 1.853299721024280738e-10 -7.075530519326520204e-10 -1.452077799020589965e-09 -2.075345663647873921e-09 -2.579676025113226036e-09 -2.938350738321953161e-09 -3.147206923353387993e-09 -3.229564148510882414e-09 -3.213176821209245579e-09 2.041729897550481332e-09 2.049883703542665980e-09 2.027864822555932704e-09 1.907795164291113492e-09 1.627704076443028914e-09 1.311782041573144064e-09 1.032070823406176596e-09 7.977480171935650169e-10 6.083210264227902966e-10 4.568324205195077742e-10 3.330099406432079539e-10 2.327281517797321943e-10 1.526707919311861141e-10 8.822195674313186160e-11 3.712584109801563762e-11 -3.222570169885819921e-12 -3.628407020911604756e-11 -6.371214154985633802e-11 -8.602351040098787447e-11 -1.032592768624544336e-10 -1.148534293205628005e-10 -1.210403126039175879e-10 -1.228037322978017848e-10 -1.211838250756080495e-10 3.006315913244511722e-10 3.015373153181586932e-10 2.980302659398811745e-10 2.804148276562918112e-10 2.397141182607843053e-10 1.938357772390271615e-10 1.530718379726929672e-10 1.187402178783535315e-10 9.090916432429462902e-11 6.871616166391917056e-11 5.067228868213166852e-11 3.608050208907741807e-11 2.437400893134438366e-11 1.485483184676891447e-11 7.211137487118044981e-12 1.112205156749756833e-12 -3.869821091319039559e-12 -7.924710522308966156e-12 -1.118459569679537040e-11 -1.376264262265488067e-11 -1.562202713975426204e-11 -1.676410219359368819e-11 -1.728164686115790045e-11 -1.728460975133752930e-11 3.572984471444583423e-10 3.579755333296489103e-10 3.534001034944335663e-10 3.324462800649741560e-10 2.846930599398277902e-10 2.308849599840684777e-10 1.829130295135403770e-10 1.424084512904739266e-10 1.095887157080240121e-10 8.347071325600566742e-11 6.223107577299811892e-11 4.497419677929396333e-11 3.101802442633817070e-11 1.956512575447242242e-11 1.029781573289740774e-11 2.897208035067019490e-12 -3.102217358424541883e-12 -7.965644351859626882e-12 -1.193574905773053088e-11 -1.519457369959682222e-11 -1.767070763793260636e-11 -1.930648223103565583e-11 -2.017506475339512504e-11 -2.038765776353846216e-11
4.888950073622224666e-08 4.932943192679069415e-08 4.962676676487583669e-08 4.920124490574905610e-08 4.671345592338168364e-08 4.088943143258566678e-08 3.416783884036202672e-08 2.785390886962456625e-08 2.238274379700272135e-08 1.781154814318575726e-08 1.395290448134686404e-08 1.072364169685833714e-08 8.046636081492355575e-09 5.803527521941206608e-09 3.959132209509293173e-09 2.468943003956470301e-09 1.251827471359300843e-09 2.679646233003867210e-10 -5.280038893078837083e-10 -1.198886282709424468e-09 -1.774094065996626943e-09 -2.261376227143898641e-09 -2.658117378399268028e-09 -2.945681011643623860e-09 2.782305886629885559e-07 2.827582113115815934e-07 2.874409346151294992e-07 2.888328320474975072e-07 2.781657939743783631e-07 2.389287412069888806e-07 1.958089872019840680e-07 1.566349809590040917e-07 1.233678328135588630e-07 9.586248320656946534e-08 7.280654837271988089e-08 5.376759712406170238e-08 3.832226389467011174e-08 2.572961405846923726e-08 1.566466815448408414e-08 7.752288553404351838e-09 1.437234895025636393e-09 -3.596452498279156506e-09 -7.684379690977753907e-09 -1.119437691508615332e-08 -1.418952766509796605e-08 -1.655495887781953583e-08 -1.821043998687929114e-08 -1.913311069990214177e-08 4.124222372223445587e-08 4.199971990786552869e-08 4.276098413489183956e-08 4.288231535203591008e-08 4.087030196269359686e-08 3.537840989717422945e-08 2.894399676948255098e-08 2.296802232694593761e-08 1.784296230886691221e-08 1.358856974932933299e-08 1.004365967037034366e-08 7.158384884958637653e-09 4.862314112387063585e-09 3.026822538363351028e-09 1.587538277308147770e-09 4.741332013365884005e-10 -4.057883467933890084e-10 -1.109665667496103710e-09 -1.689806135897244287e-09 -2.184801862649765307e-09 -2.581084348269237566e-09 -2.856438854849238557e-09 -3.011782472090917123e-09 -3.060057273412193973e-09 1.553673077181848946e-09 1.585482117369317004e-09 1.618635662792795642e-09 1.627704076443028914e-09 1.553187390785483105e-09 1.341563736168734509e-09 1.092493605156897602e-09 8.612450650166747588e-10 6.633761352507008525e-10 5.001192178456735093e-10 3.653186043781251252e-10 2.566428123981283359e-10 1.708967768389161075e-10 1.028479041829592369e-10 4.979783312050079729e-11 8.892156826134004573e-12 -2.349506802187132347e-11 -4.955988233962495752e-11 -7.095260831625406789e-11 -8.865478711686703954e-11 -1.021256353049709398e-10 -1.109051084142840279e-10 -1.153200690435944765e-10 -1.159844765389022062e-10 2.299111994121095091e-10 2.342828942691362091e-10 2.387577050394536439e-10 2.397141182607842536e-10 2.286230709272741546e-10 1.977152640490283872e-10 1.613864981292015847e-10 1.276500522586681123e-10 9.884918738495911895e-11 7.515747342800560599e-11 5.559202464053834252e-11 3.974379551097722328e-11 2.713769043871545901e-11 1.703383146568824445e-11 9.070293350073241464e-12 2.857824410903985863e-12 -2.102874341025899351e-12 -6.070294539955172801e-12 -9.248867337489598474e-12 -1.183724591329805717e-11 -1.385274051854869612e-11 -1.527025000189644553e-11 -1.611534815590230822e-11 -1.643086378375872176e-11 2.744442030012079041e-10 2.792637516002699528e-10 2.840723502142088698e-10 2.846930599398277902e-10 2.712959287982947010e-10 2.348928631049021221e-10 1.922625954171054578e-10 1.527227455560291712e-10 1.189934827983698354e-10 9.120729343385510251e-11 6.815086822031098914e-11 4.934297972456394141e-11 3.426570087445182057e-11 2.208708572360266748e-11 1.241532010974835473e-11 4.824935130289664770e-12 -1.228858220600548694e-12 -6.019901252898402235e-12 -9.832213483099867823e-12 -1.298299454170571621e-11 -1.553603476528544702e-11 -1.743903333247721207e-11 -1.867818711848451476e-11 -1.926720746976709026e-11
3.837017315883120876e-08 3.907274481726689890e-08 3.995225385938396869e-08 4.072806308062869174e-08 4.088943143258566678e-08 3.927182773558410115e-08 3.472587890245047178e-08 2.917132724600449220e-08 2.386721703798981903e-08 1.918153739733359066e-08 1.509538539246391902e-08 1.162832675171107676e-08 8.753158635001841525e-09 6.359223138436159027e-09 4.407129465408094369e-09 2.843233720108484675e-09 1.577342164164155789e-09 5.662409486115178818e-10 -2.357259263594343880e-10 -8.910806337425323617e-10 -1.436667960926912511e-09 -1.901212383569980981e-09 -2.302897362327728228e-09 -2.626761139213574418e-09 2.140282948730853218e-07 2.195126695408501562e-07 2.267909791628692808e-07 2.342393000023238220e-07 2.389287412069888806e-07 2.332294329079114110e-07 2.024887688938384127e-07 1.666546747814063576e-07 1.333230003027870235e-07 1.043819481396314867e-07 7.963365671366838373e-08 5.912920077833585265e-08 4.257753813074556138e-08 2.916151339584119105e-08 1.850780190371545782e-08 1.018204813938433567e-08 3.598828561464132293e-09 -1.557637049401302493e-09 -5.605289973464209097e-09 -8.942341018583596253e-09 -1.179202166013865360e-08 -1.421777225055872214e-08 -1.616953927465115163e-08 -1.750693196765474065e-08 3.137044503182764207e-08 3.228507829192169894e-08 3.349252163168803252e-08 3.470699236607530336e-08 3.537840989717422945e-08 3.419056724535086455e-08 2.990458425495985048e-08 2.450443085309141031e-08 1.935656323002508355e-08 1.488144075688602557e-08 1.109193584907616621e-08 7.999568874784320893e-09 5.543807707671487860e-09 3.586816425384905259e-09 2.057913273949812931e-09 8.821750238909492329e-10 -3.493092087247326540e-11 -7.479119553348750525e-10 -1.311536635851284867e-09 -1.785647145363340874e-09 -2.189323388977732200e-09 -2.510999538252237399e-09 -2.736380796554738839e-09 -2.856938808621444090e-09 1.175137401311346523e-09 1.212140207713585125e-09 1.261388204509444561e-09 1.311782041573144064e-09 1.341563736168734509e-09 1.297931280289698088e-09 1.131619981143144975e-09 9.214201011351084592e-10 7.221947419584778855e-10 5.505040852068924615e-10 4.063968245394190974e-10 2.897364020509993586e-10 1.977502643590284256e-10 1.249205511243733856e-10 6.835885887984694068e-11 2.507990061525616352e-11 -8.593156557669383710e-12 -3.485124072122243341e-11 -5.577620682433501512e-11 -7.332001035636552934e-11 -8.777513320194816670e-11 -9.866691401689731836e-11 -1.057536139106238348e-10 -1.090174156236962911e-10 1.748450487183227458e-10 1.800282261209599598e-10 1.868944350552562803e-10 1.938357772390271615e-10 1.977152640490284389e-10 1.909986611727036366e-10 1.666712059788181174e-10 1.361984707587523946e-10 1.074184916419490923e-10 8.259931043153956351e-11 6.167462076808247073e-11 4.461838232050358764e-11 3.106097790047115003e-11 2.023510092509329148e-11 1.175215893902760475e-11 5.197940689176702731e-12 4.333434300191534547e-14 -4.007065667444131758e-12 -7.206853896937126253e-12 -9.812872755639002056e-12 -1.191643855351372757e-11 -1.353703782592328321e-11 -1.468198259431114803e-11 -1.532913372676102902e-11 2.096543508313845883e-10 2.155119256518148141e-10 2.232194574419227375e-10 2.308849599840684777e-10 2.348928631049021221e-10 2.266709736808020758e-10 1.981723104390249224e-10 1.626601604312810103e-10 1.290778658058802824e-10 9.998171702273339437e-11 7.529434962360267742e-11 5.503339324890471137e-11 3.882043864349747601e-11 2.578957206239957866e-11 1.551250965008581626e-11 7.519929234120429421e-12 1.202463707874939795e-12 -3.748191728192101891e-12 -7.607922604916703042e-12 -1.072229515845061738e-11 -1.327343880066228344e-11 -1.532525218922995940e-11 -1.687223285292738928e-11 -1.784466960019092434e-11
3.005554456420518673e-08 3.080824278550380366e-08 3.185274470246397625e-08 3.304938695239923118e-08 3.416783884036202672e-08 3.472587890245047178e-08 3.368713799703340621e-08 2.993277237265490549e-08 2.517869808157646237e-08 2.055084857199748904e-08 1.633269628554401845e-08 1.268539412633223832e-08 9.639957068276339909e-09 7.099626848104247668e-09 5.028043410657398515e-09 3.369371241806115843e-09 2.028414505394694748e-09 9.605192975929303623e-10 1.198003379841312545e-10 -5.554831983434165701e-10 -1.100694264339773516e-09 -1.551122910099581020e-09 -1.943403131100583466e-09 -2.281535850636543484e-09 1.643951978283356055e-07 1.697577931112561041e-07 1.773683380673074472e-07 1.864751283449010115e-07 1.958089872019840680e-07 2.024887688938384127e-07 1.996332966711414868e-07 1.737231112468976688e-07 1.425874700345369371e-07 1.133592245779751498e-07 8.752287611249694295e-08 6.582635207586345010e-08 4.819160878725896354e-08 3.385343964224118894e-08 2.243522312173545971e-08 1.350293519139122141e-08 6.439335883921418920e-09 9.328979651417488616e-10 -3.325183954198597053e-09 -6.718711734314430050e-09 -9.495589292117690962e-09 -1.186441261383372925e-08 -1.393296196066993676e-08 -1.558586652165225344e-08 2.380344178779781873e-08 2.468840409292579644e-08 2.594487169049505504e-08 2.744109671206833359e-08 2.894399676948254767e-08 2.990458425495985048e-08 2.913450891136129903e-08 2.547077293329843579e-08 2.076222981160920662e-08 1.628464667093283501e-08 1.234787173085183797e-08 9.076337250343801555e-09 6.451466210158324568e-09 4.345671391446472680e-09 2.692780557529265167e-09 1.418255875390133273e-09 4.251007020879348978e-10 -3.395036334930341677e-10 -9.274849076918803416e-10 -1.401184963549488550e-09 -1.798700991599501023e-09 -2.137262771593200167e-09 -2.412523328848206010e-09 -2.601499730678094954e-09 8.867699374308313744e-10 9.219798633093556070e-10 9.721330024780510912e-10 1.032070823406176390e-09 1.092493605156897395e-09 1.131619981143144975e-09 1.102663894456243597e-09 9.604730352954441707e-10 7.782644775825946037e-10 6.062401852776671240e-10 4.560895672960406913e-10 3.321478569724546612e-10 2.333295107674903793e-10 1.545294441923227727e-10 9.303870255040522644e-11 4.588711893785333926e-11 9.314214380987753915e-12 -1.879123866396001038e-11 -4.050036550462560373e-11 -5.815768296235142003e-11 -7.291867365430754992e-11 -8.503919315465681265e-11 -9.430465577294851145e-11 -1.001574507165750176e-10 1.327119882953777540e-10 1.376829271310333960e-10 1.447283361563666264e-10 1.530718379726929931e-10 1.613864981292016364e-10 1.666712059788181174e-10 1.623318741789844937e-10 1.418102638856806892e-10 1.155633462172044122e-10 9.070186037282625944e-11 6.887818832300207367e-11 5.074504120655033938e-11 3.618764155901351932e-11 2.449685684147162176e-11 1.530629978779388681e-11 8.201984308050213621e-12 2.640800276793322290e-12 -1.677385239220977196e-12 -5.035409386103360766e-12 -7.735306903682534489e-12 -9.918133914698682928e-12 -1.166911427560776145e-11 -1.304019351202791656e-11 -1.398909725853696988e-11 1.598582644955093471e-10 1.655264957424343774e-10 1.735117561475139971e-10 1.829130295135403770e-10 1.922625954171054578e-10 1.981723104390249224e-10 1.930325555346505795e-10 1.691375216230008048e-10 1.385217640288076642e-10 1.093719946443053581e-10 8.363303360815322807e-11 6.212176216492507715e-11 4.475401075858279765e-11 3.072796517490760055e-11 1.963935530328916632e-11 1.101826178733526804e-11 4.229641888695191185e-12 -1.064397894933132812e-12 -5.164187804704744399e-12 -8.409622926332345163e-12 -1.100503993329228337e-11 -1.312049783737485586e-11 -1.485713546638793755e-11 -1.614891230488522148e-11
2.341058435853744626e-08 2.412392238862707381e-08 2.515437220422972286e-08 2.643135432941779408e-08 2.785390886962456625e-08 2.917132724600449882e-08 2.993277237265490549e-08 2.918787668410118673e-08 2.595339694175431376e-08 2.178422156223832447e-08 1.763766528794624771e-08 1.390706440367482836e-08 1.072741606723773274e-08 8.043199089786744956e-09 5.836960673712959784e-09 4.060392756761660453e-09 2.618065828450522456e-09 1.466350934466108822e-09 5.595019169325416844e-10 -1.650801660653472351e-10 -7.406020404405996098e-10 -1.201241428851860324e-09 -1.589826703840503282e-09 -1.927377190470910315e-09 1.255539232423886414e-07 1.303819338335314051e-07 1.374505131253029981e-07 1.463816416406744543e-07 1.566349809590040917e-07 1.666546747814063576e-07 1.737231112468976688e-07 1.718109370871401676e-07 1.493350463534504525e-07 1.222320427325957511e-07 9.642027438648853469e-08 7.392794062951380714e-08 5.527376840871821378e-08 3.989831116267238721e-08 2.754459255862220096e-08 1.780746885503433368e-08 1.007021847517809522e-08 4.019807671077149795e-09 -6.486412476769939763e-10 -4.317831033461526290e-09 -7.217121682320803719e-09 -9.578465061726952764e-09 -1.164343522534278922e-08 -1.344164598871783565e-08 1.794419078341004216e-08 1.873323541902972872e-08 1.988692464445664711e-08 2.133589438548724456e-08 2.296802232694594092e-08 2.450443085309141031e-08 2.547077293329843579e-08 2.487194969474186247e-08 2.172959691109039651e-08 1.768901544271522837e-08 1.378475481875536114e-08 1.039062553684172445e-08 7.596856549304046528e-09 5.318413005573327245e-09 3.509032937518224583e-09 2.101695603443833443e-09 9.984562186485496248e-10 1.475710459603677964e-10 -5.016365999330980337e-10 -1.010146666176436330e-09 -1.417367088611020546e-09 -1.758128205107378770e-09 -2.055043309043196080e-09 -2.294373823005666083e-09 6.648836287639999721e-10 6.958955031405931915e-10 7.411626727188366453e-10 7.977480171935650169e-10 8.612450650166745520e-10 9.214201011351084592e-10 9.604730352954441707e-10 9.391226346779889396e-10 8.184164189793991544e-10 6.628843749751198950e-10 5.132926161971958289e-10 3.839820178943025157e-10 2.781586046693081206e-10 1.923514065747916880e-10 1.245990450441083199e-10 7.219654977811022782e-11 3.133146576583867782e-11 -5.545592926953255294e-14 -2.397141020340768893e-11 -4.279455543714304082e-11 -5.801146299545367944e-11 -7.068197756288552988e-11 -8.130038837813138445e-11 -8.932471985859199348e-11 1.001279446555817714e-10 1.045056779100145455e-10 1.108464335327650989e-10 1.187402178783535056e-10 1.276500522586681123e-10 1.361984707587523946e-10 1.418102638856806892e-10 1.387566956068950800e-10 1.213255842591935742e-10 9.880888624735942714e-11 7.705934457900481807e-11 5.816134405817798066e-11 4.261015644126402300e-11 2.992665617025574422e-11 1.984904920694852562e-11 1.200125703050347818e-11 5.834888932035353445e-12 1.057620244976594576e-12 -2.618040369372356911e-12 -5.527665260930014534e-12 -7.849037752389037518e-12 -9.714646858708190962e-12 -1.124133359921103023e-11 -1.242554683595380505e-11 1.211502911585711274e-10 1.261396652711281662e-10 1.333584368325494484e-10 1.424084512904739266e-10 1.527227455560292229e-10 1.626601604312810103e-10 1.691375216230008306e-10 1.654778773424607764e-10 1.450436635959769094e-10 1.186320699537843862e-10 9.302087014283031402e-11 7.066443870782201193e-11 5.217869042839088831e-11 3.702775616989122424e-11 2.492949562609634414e-11 1.545993209221348105e-11 7.979865288755517706e-12 2.153107227865265910e-12 -2.347064004716083611e-12 -5.891440642125927757e-12 -8.672311544665252844e-12 -1.088180961095323954e-11 -1.272169554258916496e-11 -1.422243489132700685e-11
1.817727552512262801e-08 1.881728627290265762e-08 1.975943854365456363e-08 2.096423928139595380e-08 2.238274379700272466e-08 2.386721703798981903e-08 2.517869808157646237e-08 2.595339694175432038e-08 2.536303972025190061e-08 2.255922732884706859e-08 1.886450730902578518e-08 1.522552720007949701e-08 1.198202483546858384e-08 9.172675354569418884e-09 6.825032550774873372e-09 4.912407733465608851e-09 3.345976035292599298e-09 2.086682525885946060e-09 1.090258092552525192e-09 2.924169979586320729e-10 -3.389618536306699399e-10 -8.363353725380340150e-10 -1.242181045528605167e-09 -1.582670224734879664e-09 9.559178962871826731e-08 9.978217380332013644e-08 1.059872831183819490e-07 1.139635980459914123e-07 1.233678328135588630e-07 1.333230003027870235e-07 1.425874700345369371e-07 1.493350463534505054e-07 1.483484441315302359e-07 1.291629305087754624e-07 1.054643365421329808e-07 8.304153800397589493e-08 6.362300972193918380e-08 4.721381278746242511e-08 3.379903979079312233e-08 2.310028064003231415e-08 1.451471408039557906e-08 7.753475367744066548e-09 2.509728370200755654e-09 -1.609980415439781062e-09 -4.821211693015046472e-09 -7.341146376552346808e-09 -9.435576492659445308e-09 -1.125788629036293305e-08 1.348174345524147429e-08 1.415698034824495617e-08 1.514826609090581571e-08 1.639857750926904791e-08 1.784296230886690890e-08 1.935656323002508355e-08 2.076222981160920662e-08 2.172959691109039320e-08 2.135728747299896324e-08 1.873884169985232584e-08 1.524157382268485744e-08 1.186836629418280777e-08 8.946344288850804826e-09 6.491634145138531666e-09 4.503872159126573152e-09 2.935784706885254775e-09 1.693097579356756076e-09 7.268282930455556563e-10 -1.305781409978412001e-11 -5.883130857792034125e-10 -1.035258775815240284e-09 -1.390556772124239609e-09 -1.693921964425310525e-09 -1.956764824975777319e-09 4.969586979121842509e-10 5.230293969477442961e-10 5.609134557473371744e-10 6.083210264227902966e-10 6.633761352507007491e-10 7.221947419584778855e-10 7.782644775825946037e-10 8.184164189793991544e-10 8.064570268789947426e-10 7.062770336544673712e-10 5.717441814896552355e-10 4.424544211239911109e-10 3.310441568914093484e-10 2.379714453431598907e-10 1.630250484654547528e-10 1.042281263770051181e-10 5.788110626780733278e-11 2.202517109268906571e-11 -5.312607306552739802e-12 -2.652920448551706981e-11 -4.308613613479465351e-11 -5.637735677106109533e-11 -6.767483935663530771e-11 -7.708642577770794812e-11 7.529548263697316156e-11 7.892604682001526171e-11 8.420490009874617398e-11 9.090916432429460317e-11 9.884918738495911895e-11 1.074184916419490923e-10 1.155633462172044380e-10 1.213255842591935742e-10 1.195098409104695779e-10 1.049161530355200341e-10 8.534141702749332187e-11 6.648074582804475434e-11 5.016274814058574379e-11 3.646567913996556215e-11 2.537757798369597756e-11 1.662800166875561597e-11 9.687289585613061050e-12 4.280091737082333148e-12 1.240569507880632947e-13 -3.132078170868316725e-12 -5.688602884862599508e-12 -7.714294870028045364e-12 -9.374645239481465034e-12 -1.072382461949923568e-11 9.144505101816542683e-11 9.557890806818466346e-11 1.016936222347100013e-10 1.095887157080240121e-10 1.189934827983698354e-10 1.290778658058803082e-10 1.385217640288076900e-10 1.450436635959769094e-10 1.426918962560363971e-10 1.254760212470346074e-10 1.024534474341702611e-10 8.021360551471123005e-11 6.089756906882975372e-11 4.461460052664548241e-11 3.137402345195970559e-11 2.087763660095062999e-11 1.251172679275163340e-11 5.961838924030708865e-12 9.007500316446500632e-13 -3.079808656745380831e-12 -6.189301363956458537e-12 -8.610751944617940613e-12 -1.057184742917751873e-11 -1.219389587934513090e-11
1.410784672898801726e-08 1.466596436172121859e-08 1.549144803421687206e-08 1.655157980256051771e-08 1.781154814318575726e-08 1.918153739733359066e-08 2.055084857199748904e-08 2.178422156223832778e-08 2.255922732884706859e-08 2.214273452828563781e-08 1.971165696359326457e-08 1.649029954856603885e-08 1.332600456063773820e-08 1.044741050020336501e-08 7.971294688033845131e-09 5.915318441339423249e-09 4.208512576121891387e-09 2.822054362091389047e-09 1.715887676821449475e-09 8.245168502939184590e-10 1.166948100329838116e-10 -4.392389034064041942e-10 -8.854085093404058968e-10 -1.246610650943097671e-09 7.279380802315184721e-08 7.634311488971967626e-08 8.155493388263245811e-08 8.813581245914391901e-08 9.586248320656946534e-08 1.043819481396314734e-07 1.133592245779751498e-07 1.222320427325957776e-07 1.291629305087754360e-07 1.293286734448952787e-07 1.128484530264788930e-07 9.227678525415648488e-08 7.281803796101153947e-08 5.559029301783074589e-08 4.111716989360152279e-08 2.935201953590681022e-08 1.978452950375583877e-08 1.216468877450329926e-08 6.204450810342531463e-09 1.492993430989852926e-09 -2.179541378036938743e-09 -5.019330363649823845e-09 -7.287643103098876685e-09 -9.157568841569243564e-09 1.013394231292885424e-08 1.068682678798251597e-08 1.147595736562674223e-08 1.244771482132653775e-08 1.358856974932933299e-08 1.488144075688602557e-08 1.628464667093283501e-08 1.768901544271522837e-08 1.873884169985232915e-08 1.859478886051539964e-08 1.637755319190679804e-08 1.335250395580392804e-08 1.042724666662565008e-08 7.833609157436765166e-09 5.665868328599195899e-09 3.919370050220053924e-09 2.513641310585137082e-09 1.407242868864100856e-09 5.524062611345200293e-10 -1.146362055469867036e-10 -6.286618291690763565e-10 -1.024439120875085371e-09 -1.344784849528906660e-09 -1.616647940927208173e-09 3.715577451410981857e-10 3.920221959256156363e-10 4.209203711901170916e-10 4.568324205195077742e-10 5.001192178456735093e-10 5.505040852068924615e-10 6.062401852776671240e-10 6.628843749751198950e-10 7.062770336544674746e-10 7.029260884447361765e-10 6.180586849684758040e-10 5.015541220586887010e-10 3.892942515349330094e-10 2.902780428748925959e-10 2.079736796889424384e-10 1.420252438415105345e-10 8.923307629603406353e-11 4.791040110024959663e-11 1.615873262873423261e-11 -8.498327925219000725e-12 -2.746166051471975354e-11 -4.213758812484920646e-11 -5.415141032353367451e-11 -6.431134024821028350e-11 5.653268432063938358e-11 5.934110015551824035e-11 6.344339660533566928e-11 6.871616166391918348e-11 7.515747342800560599e-11 8.259931043153956351e-11 9.070186037282628529e-11 9.880888624735942714e-11 1.049161530355200341e-10 1.042599168266943729e-10 9.183324920810511251e-11 7.484939384830695779e-11 5.845839647702623402e-11 4.395043150049159835e-11 3.183827201454086677e-11 2.208521996801406781e-11 1.423576382263764215e-11 8.055330667619969855e-12 3.274261207832187207e-12 -4.695021863339877700e-13 -3.378469098011319400e-12 -5.645292786594321304e-12 -7.475934115888410866e-12 -8.965924508212923226e-12 6.881352360730616107e-11 7.211526105959841806e-11 7.706650080418268531e-11 8.347071325600566742e-11 9.120729343385508959e-11 9.998171702273339437e-11 1.093719946443053581e-10 1.186320699537843862e-10 1.254760212470346333e-10 1.244482991193893828e-10 1.097572293465815687e-10 8.977528376124747738e-11 7.045199648607053566e-11 5.328821745581741367e-11 3.890133617155051723e-11 2.726752503954893910e-11 1.786325601380332371e-11 1.042432199598479432e-11 4.640559413892806386e-12 8.618827795575462585e-14 -3.467420810048239740e-12 -6.221953881388577570e-12 -8.405865869408101185e-12 -1.016012037942287288e-11
1.090643616875522628e-08 1.137871678924153467e-08 1.206659287141924792e-08 1.293210277287361198e-08 1.395290448134686735e-08 1.509538539246391902e-08 1.633269628554401845e-08 1.763766528794624771e-08 1.886450730902578518e-08 1.971165696359326126e-08 1.949280869577828338e-08 1.743441415083698566e-08 1.464240188127534285e-08 1.182343643522864410e-08 9.266987817112046414e-09 7.076899503028165617e-09 5.220905117902289914e-09 3.690583386891799255e-09 2.455351418836313962e-09 1.450589165491646745e-09 6.469445936204771207e-10 1.337302793889015299e-11 -4.933570073358514851e-10 -8.962966630244246167e-10 5.526012195164138591e-08 5.810976137071187271e-08 6.211250597315062035e-08 6.700087124672658993e-08 7.280654837271989412e-08 7.963365671366838373e-08 8.752287611249694295e-08 9.642027438648854792e-08 1.054643365421329808e-07 1.128484530264789063e-07 1.141045799703925855e-07 1.001178040305316870e-07 8.223748825175813080e-08 6.485317880726673787e-08 4.950828067557520029e-08 3.666622631344278667e-08 2.600787688860568218e-08 1.739494813600341626e-08 1.057558781138580447e-08 5.136078313368804331e-09 8.702521275541628399e-10 -2.427219504581246419e-09 -5.020533868242806891e-09 -7.071903993288757352e-09 7.586356784323645743e-09 7.986379275388072671e-09 8.529731730769262383e-09 9.200984172267630833e-09 1.004365967037034366e-08 1.109193584907616621e-08 1.234787173085183797e-08 1.378475481875536114e-08 1.524157382268485744e-08 1.637755319190679804e-08 1.642370728189792954e-08 1.455722750099896516e-08 1.192969133228318591e-08 9.313358048329715116e-09 6.998670698433257471e-09 5.070404817367469320e-09 3.483404471491135789e-09 2.213757262694088181e-09 1.220495746418678073e-09 4.384849825811285155e-10 -1.663197614598243888e-10 -6.282357038649993113e-10 -9.901852574797933093e-10 -1.280986283214941791e-09 2.757945020965257859e-10 2.893594209267643931e-10 3.083360838877806259e-10 3.330099406432079539e-10 3.653186043781251252e-10 4.063968245394190974e-10 4.560895672960405879e-10 5.132926161971959323e-10 5.717441814896552355e-10 6.180586849684759074e-10 6.217027446977437167e-10 5.501340131087962235e-10 4.487660776681850432e-10 3.482029693602398435e-10 2.596988771238121712e-10 1.863759888838435616e-10 1.263691883523444016e-10 7.863983933979801830e-11 4.152086556709357065e-11 1.246319128173650989e-11 -9.906197975024163912e-12 -2.696933985081518345e-11 -4.042504027265932134e-11 -5.137276181060462744e-11 4.198018734419537633e-11 4.393589919908368115e-11 4.683915774104606393e-11 5.067228868213166852e-11 5.559202464053834252e-11 6.167462076808247073e-11 6.887818832300207367e-11 7.705934457900483099e-11 8.534141702749332187e-11 9.183324920810511251e-11 9.217656635135973185e-11 8.167897895387367670e-11 6.689969839449444423e-11 5.222103401718129496e-11 3.926139708458186779e-11 2.848113463141556404e-11 1.961788854842817276e-11 1.253128145329170459e-11 6.986786563679540968e-12 2.615161150361295158e-12 -7.802761086679266374e-13 -3.398090110237167642e-12 -5.476273631142440596e-12 -7.142287144933534322e-12 5.121557545195900478e-11 5.374927239807554675e-11 5.746527720383531710e-11 6.223107577299813185e-11 6.815086822031098914e-11 7.529434962360267742e-11 8.363303360815322807e-11 9.302087014283031402e-11 1.024534474341702741e-10 1.097572293465815429e-10 1.099199831608303841e-10 9.751085282702234499e-11 8.013703156150116565e-11 6.284973126940079722e-11 4.753517892840100438e-11 3.474644088435719393e-11 2.418792932849234233e-11 1.570811311720452267e-11 9.041472097233137644e-12 3.757159000949724457e-12 -3.709488623165572494e-13 -3.566654185409502494e-12 -6.088408111898962838e-12 -8.070468790083277530e-12
8.423867399766575200e-09 8.797169939045464874e-09 9.319111668186269489e-09 9.958541547865114979e-09 1.072364169685833714e-08 1.162832675171107511e-08 1.268539412633223667e-08 1.390706440367482836e-08 1.522552720007949701e-08 1.649029954856603555e-08 1.743441415083698896e-08 1.739222739252052125e-08 1.564536673810887412e-08 1.315732420955527353e-08 1.064037903672831775e-08 8.362033988057330051e-09 6.367481675796966325e-09 4.687011855507258193e-09 3.309090032990178634e-09 2.174538582698737651e-09 1.258284704450005018e-09 5.307211915237620523e-10 -5.327389145514598402e-11 -5.160152592767948751e-10 4.189500369260249909e-08 4.383035168456343732e-08 4.640736981419189343e-08 4.961342464672655465e-08 5.376759712406172223e-08 5.912920077833585265e-08 6.582635207586345010e-08 7.392794062951380714e-08 8.304153800397589493e-08 9.227678525415648488e-08 1.001178040305316738e-07 1.022588304418447394e-07 9.023223464819804968e-08 7.420793920901054357e-08 5.861697053796462575e-08 4.488489363064626786e-08 3.314016330477117619e-08 2.344790964290359543e-08 1.565923632167421556e-08 9.371113932814966191e-09 4.395482739295674743e-09 5.252531068088815600e-10 -2.518909797373289080e-09 -4.891522583529256654e-09 5.626028470777111233e-09 5.831453820850241392e-09 6.125124543026267154e-09 6.545893688646759528e-09 7.158384884958637653e-09 7.999568874784320893e-09 9.076337250343801555e-09 1.039062553684172445e-08 1.186836629418280777e-08 1.335250395580392804e-08 1.455722750099896516e-08 1.474283043537624892e-08 1.315126631438587386e-08 1.079452185117258211e-08 8.442991815276145499e-09 6.366036172830899264e-09 4.597505280606383611e-09 3.150462396958546467e-09 1.999837617429934264e-09 1.082562577702982871e-09 3.664379826117164143e-10 -1.829965610423900984e-10 -6.104469870613667671e-10 -9.429811098078628667e-10 2.007286760317427452e-10 2.067588376884171997e-10 2.168420195904716423e-10 2.327281517797321943e-10 2.566428123981283359e-10 2.897364020509993586e-10 3.321478569724546095e-10 3.839820178943025157e-10 4.424544211239912143e-10 5.015541220586888044e-10 5.501340131087961201e-10 5.588227975118343098e-10 4.976452297447820892e-10 4.065551917062209696e-10 3.160286969036319178e-10 2.365117424801632270e-10 1.691975808082604265e-10 1.144473491408238457e-10 7.117168653769818696e-11 3.687200088051846771e-11 1.023618059022652225e-11 -1.011752962574973037e-11 -2.594375876889999112e-11 -3.834230918107414188e-11 3.051870579541622157e-11 3.166624675222773193e-11 3.347368442539994680e-11 3.608050208907741807e-11 3.974379551097722328e-11 4.461838232050358764e-11 5.074504120655034584e-11 5.816134405817798066e-11 6.648074582804475434e-11 7.484939384830695779e-11 8.167897895387366377e-11 8.277134707394284887e-11 7.379937198215633684e-11 6.052864394613966190e-11 4.732793603412266449e-11 3.569774496447751758e-11 2.581315579906567874e-11 1.773547834924127558e-11 1.131552749237946867e-11 6.194743513800191734e-12 2.188697469492533648e-12 -8.995991506520487840e-13 -3.325648039029398134e-12 -5.237471462821879012e-12 3.751970727419530505e-11 3.926004112501295604e-11 4.171557458278737671e-11 4.497419677929396333e-11 4.934297972456392848e-11 5.503339324890472430e-11 6.212176216492507715e-11 7.066443870782199901e-11 8.021360551471123005e-11 8.977528376124749031e-11 9.751085282702234499e-11 9.858920421413096390e-11 8.799833762215180942e-11 7.241848497985886766e-11 5.689149924264942876e-11 4.316461988431230385e-11 3.145133629787110634e-11 2.183753847568882233e-11 1.416112076269365213e-11 8.007860115686474439e-12 3.168743621018506434e-12 -5.824734039595841280e-13 -3.539929603670644275e-12 -5.854873298906159419e-12
6.502958176587690351e-09 6.748280351474630071e-09 7.080583594776290197e-09 7.500439963509172745e-09 8.046636081492355575e-09 8.753158635001841525e-09 9.639957068276339909e-09 1.072741606723773108e-08 1.198202483546858384e-08 1.332600456063773654e-08 1.464240188127534285e-08 1.564536673810887412e-08 1.572166987471547005e-08 1.418674810841452359e-08 1.195978375379468670e-08 9.704367875932518554e-09 7.615968306493020384e-09 5.797110896559464178e-09 4.272606688310747607e-09 2.997398783993009632e-09 1.955040986842350475e-09 1.119413428637234977e-09 4.437957444621690021e-10 -9.369555644112202138e-11 3.144931630559592894e-08 3.224204842021621542e-08 3.345099948533691114e-08 3.535507518665835634e-08 3.832226389467010512e-08 4.257753813074556138e-08 4.819160878725897016e-08 5.527376840871821378e-08 6.362300972193918380e-08 7.281803796101153947e-08 8.223748825175813080e-08 9.023223464819804968e-08 9.284738583746683953e-08 8.214716979572766394e-08 6.771695780040620517e-08 5.368023508507525507e-08 4.103908874176289452e-08 3.028668577447504024e-08 2.146366464423282990e-08 1.423551420704660263e-08 8.446339417859298259e-09 3.901034388325029605e-09 3.005120511951387883e-10 -2.508622905263646432e-09 4.020512800353624953e-09 4.039473866744751450e-09 4.146882637656770028e-09 4.404185260426408552e-09 4.862314112387063585e-09 5.543807707671487033e-09 6.451466210158325395e-09 7.596856549304044874e-09 8.946344288850804826e-09 1.042724666662565008e-08 1.192969133228318591e-08 1.315126631438587551e-08 1.341362214738142381e-08 1.200114924772192788e-08 9.874535472857833316e-09 7.752133254758845328e-09 5.835828617116878263e-09 4.213735002874881550e-09 2.894673861872829265e-09 1.825675106597293474e-09 9.801324954855550762e-10 3.247226668135467812e-10 -1.879178988349793720e-10 -5.840612088359585207e-10 1.378289567588171291e-10 1.381263972956727372e-10 1.423278526633578432e-10 1.526707919311861141e-10 1.708967768389161592e-10 1.977502643590284773e-10 2.333295107674903793e-10 2.781586046693081723e-10 3.310441568914092967e-10 3.892942515349329577e-10 4.487660776681850432e-10 4.976452297447820892e-10 5.089959741427124525e-10 4.545605756802023090e-10 3.722407088241629740e-10 2.904534924986464861e-10 2.170388859880199408e-10 1.552678422336751679e-10 1.053327614982955112e-10 6.509512740927847043e-11 3.344141920217273996e-11 9.026909723238571187e-12 -9.998475735042044509e-12 -2.469544761508795691e-11 2.113179155245297912e-11 2.163447750105563462e-11 2.262958544766803740e-11 2.437400893134438043e-11 2.713769043871545901e-11 3.106097790047115649e-11 3.618764155901351932e-11 4.261015644126401654e-11 5.016274814058573086e-11 5.845839647702622109e-11 6.689969839449444423e-11 7.379937198215633684e-11 7.530512733407283393e-11 6.733317032661821946e-11 5.535505806787616659e-11 4.344238902826729807e-11 3.271524053081801619e-11 2.365126422104239228e-11 1.628759211415810947e-11 1.032052593285501566e-11 5.596852670491218070e-12 1.927615016316557798e-12 -9.555136079342607917e-13 -3.204197754878026983e-12 2.660212195311310318e-11 2.748845858557086070e-11 2.887589500295690585e-11 3.101802442633817070e-11 3.426570087445182704e-11 3.882043864349746309e-11 4.475401075858279765e-11 5.217869042839089477e-11 6.089756906882976664e-11 7.045199648607053566e-11 8.013703156150116565e-11 8.799833762215180942e-11 8.960091488032224013e-11 8.020917036834852783e-11 6.616576542161421089e-11 5.216858637522118184e-11 3.951808008398961837e-11 2.878428148286841689e-11 2.002516404722227518e-11 1.289444699930081280e-11 7.222615380701875042e-12 2.794904589276611854e-12 -7.022999857322003639e-13 -3.438821833119889161e-12
4.931752714202677559e-09 5.024199200124716331e-09 5.174911393463586438e-09 5.418931941331860440e-09 5.803527521941204954e-09 6.359223138436159027e-09 7.099626848104246841e-09 8.043199089786744956e-09 9.172675354569418884e-09 1.044741050020336170e-08 1.182343643522864576e-08 1.315732420955527519e-08 1.418674810841452524e-08 1.435367444706854666e-08 1.300989036872903599e-08 1.101370299499078265e-08 8.937224972834028612e-09 7.020978146863048341e-09 5.359391889577868620e-09 3.938295315847912915e-09 2.758017124992961798e-09 1.800101622745481727e-09 1.017863353695836020e-09 3.905955564688079927e-10 2.239049200538415697e-08 2.217282713675900205e-08 2.242950272692727497e-08 2.352491035193631493e-08 2.572961405846923726e-08 2.916151339584119436e-08 3.385343964224120217e-08 3.989831116267239383e-08 4.721381278746241188e-08 5.559029301783073927e-08 6.485317880726673787e-08 7.420793920901054357e-08 8.214716979572767717e-08 8.509720015395540667e-08 7.561738596372640170e-08 6.259763005935947034e-08 4.961246143403504709e-08 3.796969971341948385e-08 2.811802104726567671e-08 1.987424888555774555e-08 1.317096645007575089e-08 7.839881393966640205e-09 3.574114399008205827e-09 2.195817162031869538e-10 2.544874648744498603e-09 2.470173908077173385e-09 2.490877287014871959e-09 2.665295670935825237e-09 3.026822538363351028e-09 3.586816425384905259e-09 4.345671391446472680e-09 5.318413005573328072e-09 6.491634145138531666e-09 7.833609157436765166e-09 9.313358048329715116e-09 1.079452185117258211e-08 1.200114924772192622e-08 1.232001095897602451e-08 1.106960170437355664e-08 9.148009852315688076e-09 7.181616460309566771e-09 5.414333076915041823e-09 3.926388937380827672e-09 2.692336268664075146e-09 1.699260263943253425e-09 9.187901444665373813e-10 3.017227545873446536e-10 -1.777720994267664150e-10 7.980126274837206853e-11 7.845403103532145716e-11 8.054461408485666073e-11 8.822195674313186160e-11 1.028479041829592369e-10 1.249205511243734114e-10 1.545294441923227985e-10 1.923514065747916880e-10 2.379714453431598390e-10 2.902780428748925959e-10 3.482029693602398435e-10 4.065551917062209696e-10 4.545605756802023607e-10 4.678917609245119639e-10 4.196197029908446978e-10 3.451669260036685507e-10 2.693415534899264450e-10 2.015928292614067255e-10 1.448868316291918983e-10 9.812400470395650283e-11 6.069990926826518066e-11 3.144381298212423357e-11 8.426048870806798306e-12 -9.393046944606527652e-12 1.284449914637408323e-11 1.299988129203938633e-11 1.358615768202946911e-11 1.485483184676891447e-11 1.703383146568824768e-11 2.023510092509328825e-11 2.449685684147162176e-11 2.992665617025574422e-11 3.646567913996556215e-11 4.395043150049159835e-11 5.222103401718129496e-11 6.052864394613966190e-11 6.733317032661821946e-11 6.915166190102920140e-11 6.209439211497847135e-11 5.127281326609698134e-11 4.023691863850995541e-11 3.034300926040657748e-11 2.202592883003636849e-11 1.513349406024058271e-11 9.587587353281440868e-12 5.226267444282590459e-12 1.772047970764498565e-12 -9.230698260710063594e-13 1.720977380950720346e-11 1.738263928543330169e-11 1.808037120748792801e-11 1.956512575447242242e-11 2.208708572360266748e-11 2.578957206239957543e-11 3.072796517490760702e-11 3.702775616989122424e-11 4.461460052664548241e-11 5.328821745581741367e-11 6.284973126940079722e-11 7.241848497985886766e-11 8.020917036834854076e-11 8.220840070335340693e-11 7.390820105941886032e-11 6.123340960353288382e-11 4.827576108216047290e-11 3.661482731796058057e-11 2.677125686227520698e-11 1.857828903068518230e-11 1.195656633155533781e-11 6.725413912173720014e-12 2.562411103246550631e-12 -7.022909997033932485e-13
3.553831709495705501e-09 3.519210165288235738e-09 3.543993806206979530e-09 3.677874900026380184e-09 3.959132209509293173e-09 4.407129465408094369e-09 5.028043410657399342e-09 5.836960673712959784e-09 6.825032550774873372e-09 7.971294688033845131e-09 9.266987817112046414e-09 1.064037903672831775e-08 1.195978375379468670e-08 1.300989036872903599e-08 1.324219004446432760e-08 1.205409358424632373e-08 1.021419815421306162e-08 8.301763272284500767e-09 6.543407364448304443e-09 4.987442239938214515e-09 3.665898106496096410e-09 2.575795705709146006e-09 1.674236493475126248e-09 9.436664920331691938e-10 1.382400411827278855e-08 1.324387438483339267e-08 1.315581101549886142e-08 1.390241391897870518e-08 1.566466815448408414e-08 1.850780190371545782e-08 2.243522312173546302e-08 2.754459255862220096e-08 3.379903979079312233e-08 4.111716989360152941e-08 4.950828067557520029e-08 5.861697053796461913e-08 6.771695780040620517e-08 7.561738596372640170e-08 7.880356302602430488e-08 7.029247846226615826e-08 5.822651947516194324e-08 4.622574674141471986e-08 3.551546366115043812e-08 2.627093784359023865e-08 1.858921890425558007e-08 1.238411154718522042e-08 7.352256304813873592e-09 3.354180252752218256e-09 1.121190075783360674e-09 1.087644050342627545e-09 1.123292825145413416e-09 1.279518904204402720e-09 1.587538277308147770e-09 2.057913273949812518e-09 2.692780557529265167e-09 3.509032937518224583e-09 4.503872159126573152e-09 5.665868328599195899e-09 6.998670698433257471e-09 8.442991815276145499e-09 9.874535472857833316e-09 1.106960170437355829e-08 1.142509208712447648e-08 1.030815924841987893e-08 8.526235721815863356e-09 6.707112074664023071e-09 5.079499693192382961e-09 3.681218727056165695e-09 2.529145285595633408e-09 1.607681157713270542e-09 8.689529513238607899e-10 2.887726263845796141e-10 2.507107618371742590e-11 2.624430511980551668e-11 2.973224671228802485e-11 3.712584109801563116e-11 4.979783312050079729e-11 6.835885887984694068e-11 9.303870255040522644e-11 1.245990450441083458e-10 1.630250484654547787e-10 2.079736796889424384e-10 2.596988771238121712e-10 3.160286969036319178e-10 3.722407088241629740e-10 4.196197029908446978e-10 4.342361467655734181e-10 3.910661158332725260e-10 3.219683615505520849e-10 2.517657206956696078e-10 1.893169728579221681e-10 1.359769068335418538e-10 9.227690334286617573e-11 5.751734599409745078e-11 2.980018226572428020e-11 8.139789816738224544e-12 5.318400022565742006e-12 5.504256570153393954e-12 6.077316653055091712e-12 7.211137487118044981e-12 9.070293350073239848e-12 1.175215893902760475e-11 1.530629978779388681e-11 1.984904920694851916e-11 2.537757798369597756e-11 3.183827201454086677e-11 3.926139708458188071e-11 4.732793603412266449e-11 5.535505806787616659e-11 6.209439211497847135e-11 6.411977206187759941e-11 5.781564653585124643e-11 4.777851670129127617e-11 3.756575083872441717e-11 2.845020077036341328e-11 2.063155319842910879e-11 1.419581426606296448e-11 9.050291004692898107e-12 4.923973730792092930e-12 1.678686179551422382e-12 8.689235344354958398e-12 8.630209611884247657e-12 9.085243610989078511e-12 1.029781573289740774e-11 1.241532010974835473e-11 1.551250965008581626e-11 1.963935530328916632e-11 2.492949562609634414e-11 3.137402345195970559e-11 3.890133617155051723e-11 4.753517892840100438e-11 5.689149924264942876e-11 6.616576542161419797e-11 7.390820105941886032e-11 7.617134029127895262e-11 6.876566501103635732e-11 5.701789491537392424e-11 4.503387671508359048e-11 3.429696650693485347e-11 2.504991894627877954e-11 1.740615803666849638e-11 1.126816349437568874e-11 6.323721753491758212e-12 2.416308663566070480e-12
2.252456980617585127e-09 2.175520350407021725e-09 2.156097278132020944e-09 2.243963605866836897e-09 2.468943003956470301e-09 2.843233720108484675e-09 3.369371241806115843e-09 4.060392756761660453e-09 4.912407733465608851e-09 5.915318441339422422e-09 7.076899503028165617e-09 8.362033988057330051e-09 9.704367875932518554e-09 1.101370299499078265e-08 1.205409358424632207e-08 1.231694572619814799e-08 1.122931125083092604e-08 9.531408720164083223e-09 7.771545553069291649e-09 6.120309777874364392e-09 4.669053561348466380e-09 3.444604458330186101e-09 2.415144787065734802e-09 1.570029947992792673e-09 5.449994526206236449e-09 5.287433771473109670e-09 5.437020935110331455e-09 6.193822129910918228e-09 7.752288553404351838e-09 1.018204813938433567e-08 1.350293519139122471e-08 1.780746885503433368e-08 2.310028064003231415e-08 2.935201953590681022e-08 3.666622631344279328e-08 4.488489363064626786e-08 5.368023508507524845e-08 6.259763005935948358e-08 7.029247846226615826e-08 7.350276265883046183e-08 6.563989720914313614e-08 5.446616308576707065e-08 4.339810528074500026e-08 3.332059408481101416e-08 2.468108189329638513e-08 1.754752358583253656e-08 1.167190565423816816e-08 6.940503235682547884e-09 -2.214646780371266086e-10 -1.306204608512494917e-10 -3.932458249925588669e-12 1.853299721024280738e-10 4.741332013365884005e-10 8.821750238909492329e-10 1.418255875390133480e-09 2.101695603443833030e-09 2.935784706885254775e-09 3.919370050220053924e-09 5.070404817367468493e-09 6.366036172830899264e-09 7.752133254758845328e-09 9.148009852315688076e-09 1.030815924841987893e-08 1.067281655747939781e-08 9.642398565176110717e-09 7.990737050827832374e-09 6.310795134752124270e-09 4.777026115137420505e-09 3.467894042811715436e-09 2.395881273750840431e-09 1.521437732671375126e-09 8.252611349685609243e-10 -2.448605198309797277e-11 -1.916386680501953328e-11 -1.217372551952167763e-11 -3.222570169885821133e-12 8.892156826134004573e-12 2.507990061525616676e-11 4.588711893785333926e-11 7.219654977811024075e-11 1.042281263770051181e-10 1.420252438415105086e-10 1.863759888838435616e-10 2.365117424801631753e-10 2.904534924986464861e-10 3.451669260036685507e-10 3.910661158332724743e-10 4.059214004743964171e-10 3.660360607527097848e-10 3.019264446806292306e-10 2.370387520666263415e-10 1.781431335220108440e-10 1.281670263791201237e-10 8.747737309300504111e-11 5.447232414178732381e-11 2.833802839876469143e-11 -1.449981892091553894e-12 -9.448344889099932600e-13 -1.178440058728376708e-13 1.112205156749756631e-12 2.857824410903985055e-12 5.197940689176702731e-12 8.201984308050213621e-12 1.200125703050347495e-11 1.662800166875561597e-11 2.208521996801406781e-11 2.848113463141556404e-11 3.569774496447751758e-11 4.344238902826729161e-11 5.127281326609698134e-11 5.781564653585123996e-11 5.988907003802321053e-11 5.406901013077553995e-11 4.476140374662799181e-11 3.532705671124869954e-11 2.673578649147195238e-11 1.941605091448116741e-11 1.342928297863737125e-11 8.548762716676463961e-12 4.662717531695893705e-12 8.105379422503217736e-13 1.064764054723666702e-12 1.693208699835170398e-12 2.897208035067019490e-12 4.824935130289665577e-12 7.519929234120431036e-12 1.101826178733526804e-11 1.545993209221348105e-11 2.087763660095062999e-11 2.726752503954893587e-11 3.474644088435720040e-11 4.316461988431229738e-11 5.216858637522118184e-11 6.123340960353288382e-11 6.876566501103635732e-11 7.110113617202728040e-11 6.427127594858630597e-11 5.338490686143687175e-11 4.232150633779139030e-11 3.220893172375217295e-11 2.355798512962204927e-11 1.645242022639259654e-11 1.063444711400217710e-11 5.980793629710514170e-12
9.590653297124091101e-10 9.364673735145506733e-10 9.528097319361830842e-10 1.048025185831843744e-09 1.251827471359300843e-09 1.577342164164155582e-09 2.028414505394694748e-09 2.618065828450522042e-09 3.345976035292598057e-09 4.208512576121892214e-09 5.220905117902290741e-09 6.367481675796966325e-09 7.615968306493020384e-09 8.937224972834028612e-09 1.021419815421306162e-08 1.122931125083092604e-08 1.151965145187034849e-08 1.053322159008427192e-08 8.972093875507990409e-09 7.316265067798884556e-09 5.770981143412766026e-09 4.420705587799440797e-09 3.258924261066699553e-09 2.288970312493480682e-09 -2.604588109166986581e-09 -1.967523000230644807e-09 -1.169999952050165987e-09 -1.075002809580253186e-10 1.437234895025636186e-09 3.598828561464133120e-09 6.439335883921418093e-09 1.007021847517809356e-08 1.451471408039557906e-08 1.978452950375583877e-08 2.600787688860567887e-08 3.314016330477117619e-08 4.103908874176289452e-08 4.961246143403506032e-08 5.822651947516193001e-08 6.563989720914313614e-08 6.889335536710434162e-08 6.171598917249138552e-08 5.140648099332113364e-08 4.096505884100812284e-08 3.151090325350041311e-08 2.345229148684792002e-08 1.666556187731205653e-08 1.111403946503609176e-08 -1.413279296042503343e-09 -1.210025716769427473e-09 -9.680481035122810485e-10 -7.075530519326520204e-10 -4.057883467933889567e-10 -3.493092087247325248e-11 4.251007020879348978e-10 9.984562186485496248e-10 1.693097579356756283e-09 2.513641310585137082e-09 3.483404471491135789e-09 4.597505280606383611e-09 5.835828617116877436e-09 7.181616460309565116e-09 8.526235721815865010e-09 9.642398565176110717e-09 1.002073767499267238e-08 9.080492385743448547e-09 7.555062960307793615e-09 5.967931892432744003e-09 4.526617616765475624e-09 3.303352881316012695e-09 2.281667559529761810e-09 1.454022869470030629e-09 -6.660931991995479029e-11 -5.825154293784740463e-11 -4.777214925481055138e-11 -3.628407020911604756e-11 -2.349506802187132993e-11 -8.593156557669383710e-12 9.314214380987752299e-12 3.133146576583867782e-11 5.788110626780732631e-11 8.923307629603406353e-11 1.263691883523443758e-10 1.691975808082604006e-10 2.170388859880198891e-10 2.693415534899263933e-10 3.219683615505520849e-10 3.660360607527098365e-10 3.813206383151980008e-10 3.448664998026928051e-10 2.855983426872749161e-10 2.242489738825536817e-10 1.688693580049091992e-10 1.221471945173628365e-10 8.335026746133280027e-11 5.209906225696995272e-11 -7.379894265724021667e-12 -6.495838413854452322e-12 -5.312872620312375203e-12 -3.869821091319039559e-12 -2.102874341025899755e-12 4.333434300191520663e-14 2.640800276793322290e-12 5.834888932035353445e-12 9.687289585613062665e-12 1.423576382263764215e-11 1.961788854842817276e-11 2.581315579906567874e-11 3.271524053081801619e-11 4.023691863850995541e-11 4.777851670129127617e-11 5.406901013077553995e-11 5.621395600301100349e-11 5.089926720939086867e-11 4.230086677850774888e-11 3.338763220555421775e-11 2.531572234276605072e-11 1.847842646426374580e-11 1.277529553822351702e-11 8.158428439438491616e-12 -6.391945063197563287e-12 -5.583628624991754975e-12 -4.502072222016935177e-12 -3.102217358424541075e-12 -1.228858220600548492e-12 1.202463707874939593e-12 4.229641888695191993e-12 7.979865288755517706e-12 1.251172679275163178e-11 1.786325601380332371e-11 2.418792932849234233e-11 3.145133629787110634e-11 3.951808008398961837e-11 4.827576108216047290e-11 5.701789491537391132e-11 6.427127594858630597e-11 6.670273326606103548e-11 6.047305985004654782e-11 5.042408624859945774e-11 3.997894488714694017e-11 3.048364632471901544e-11 2.240745388290381539e-11 1.564199085326975869e-11 1.014081315859926391e-11
-2.773964459000916490e-10 -1.968729003433418713e-10 -9.008508505705943134e-11 5.562793825043146835e-11 2.679646233003868244e-10 5.662409486115178818e-10 9.605192975929303623e-10 1.466350934466108822e-09 2.086682525885946060e-09 2.822054362091389047e-09 3.690583386891799255e-09 4.687011855507258193e-09 5.797110896559464178e-09 7.020978146863046686e-09 8.301763272284500767e-09 9.531408720164083223e-09 1.053322159008427192e-08 1.084376553824266643e-08 9.945696016008806133e-09 8.476888087563491165e-09 6.924324333397653450e-09 5.482785571928557702e-09 4.197969118294458153e-09 3.100057010272385471e-09 -9.637889528352864067e-09 -8.381114334723206547e-09 -6.882332377146208283e-09 -5.317004856881638569e-09 -3.596452498279156919e-09 -1.557637049401302286e-09 9.328979651417490684e-10 4.019807671077149795e-09 7.753475367744066548e-09 1.216468877450329926e-08 1.739494813600341626e-08 2.344790964290359543e-08 3.028668577447504024e-08 3.796969971341948385e-08 4.622574674141473310e-08 5.446616308576707065e-08 6.171598917249138552e-08 6.501009166199290596e-08 5.840458890610853247e-08 4.866997052713400952e-08 3.885319541886087269e-08 3.001200871982520199e-08 2.232591896328083208e-08 1.589763945000318252e-08 -2.352036710040768530e-09 -2.104441056361425622e-09 -1.788334973482010563e-09 -1.452077799020589965e-09 -1.109665667496103710e-09 -7.479119553348750525e-10 -3.395036334930341160e-10 1.475710459603677964e-10 7.268282930455557597e-10 1.407242868864100856e-09 2.213757262694088181e-09 3.150462396958546467e-09 4.213735002874881550e-09 5.414333076915041823e-09 6.707112074664023071e-09 7.990737050827832374e-09 9.080492385743448547e-09 9.466515608226677574e-09 8.604271576998098393e-09 7.162180763478092900e-09 5.667825650801179553e-09 4.318083528665174355e-09 3.149823464594704469e-09 2.180887291374060764e-09 -9.858633978711603434e-11 -8.941002526540247594e-11 -7.725453180795895436e-11 -6.371214154985633802e-11 -4.955988233962495105e-11 -3.485124072122242695e-11 -1.879123866396000715e-11 -5.545592926953148640e-14 2.202517109268906571e-11 4.791040110024959017e-11 7.863983933979803123e-11 1.144473491408238457e-10 1.552678422336751679e-10 2.015928292614067772e-10 2.517657206956696078e-10 3.019264446806292306e-10 3.448664998026928051e-10 3.603596944975923857e-10 3.268820607276326698e-10 2.708119527435776318e-10 2.130196158468506014e-10 1.611381379961610773e-10 1.165020685588368013e-10 7.969810684753085715e-11 -1.214781874241189815e-11 -1.104215202070904148e-11 -9.587592090881948066e-12 -7.924710522308966156e-12 -6.070294539955172801e-12 -4.007065667444131758e-12 -1.677385239220977600e-12 1.057620244976594576e-12 4.280091737082333148e-12 8.055330667619966624e-12 1.253128145329170459e-11 1.773547834924127881e-11 2.365126422104238904e-11 3.034300926040657748e-11 3.756575083872441717e-11 4.476140374662799181e-11 5.089926720939086867e-11 5.308489602414134517e-11 4.821030386617611148e-11 4.008260527740565235e-11 3.169244417229022315e-11 2.413580697424483963e-11 1.760832655020264590e-11 1.220178815095308533e-11 -1.244057284095147996e-11 -1.122574737949647748e-11 -9.684688497356286684e-12 -7.965644351859626882e-12 -6.019901252898400619e-12 -3.748191728192101891e-12 -1.064397894933132812e-12 2.153107227865265506e-12 5.961838924030708865e-12 1.042432199598479432e-11 1.570811311720452267e-11 2.183753847568882233e-11 2.878428148286841366e-11 3.661482731796058704e-11 4.503387671508360340e-11 5.338490686143687175e-11 6.047305985004654782e-11 6.296415015778604566e-11 5.725731913413729607e-11 4.776496472515633145e-11 3.793798052338988342e-11 2.905263881774865345e-11 2.134521180450222887e-11 1.493362220829391462e-11
-1.365821418419044915e-09 -1.199826927231037669e-09 -9.958362018558530903e-10 -7.750551929009998391e-10 -5.280038893078838117e-10 -2.357259263594343880e-10 1.198003379841313062e-10 5.595019169325416844e-10 1.090258092552525192e-09 1.715887676821449475e-09 2.455351418836314376e-09 3.309090032990178634e-09 4.272606688310747607e-09 5.359391889577868620e-09 6.543407364448304443e-09 7.771545553069293303e-09 8.972093875507990409e-09 9.945696016008806133e-09 1.025820289304563130e-08 9.415845063383582942e-09 8.036475339948769672e-09 6.585408152756318973e-09 5.211499212723748222e-09 3.995466681033005228e-09 -1.509505952183892933e-08 -1.363788812668870304e-08 -1.174815764460554015e-08 -9.720621228297537582e-09 -7.684379690977753907e-09 -5.605289973464209097e-09 -3.325183954198597053e-09 -6.486412476769937695e-10 2.509728370200755654e-09 6.204450810342530635e-09 1.057558781138580447e-08 1.565923632167421887e-08 2.146366464423282990e-08 2.811802104726567671e-08 3.551546366115043812e-08 4.339810528074499364e-08 5.140648099332113364e-08 5.840458890610853909e-08 6.160797964580133954e-08 5.537186332060454517e-08 4.620344103259771075e-08 3.700893336907936601e-08 2.856679080910297685e-08 2.128020338065774585e-08 -3.002174920395206405e-09 -2.769098850534586075e-09 -2.446761178864996344e-09 -2.075345663647873921e-09 -1.689806135897244287e-09 -1.311536635851284867e-09 -9.274849076918805484e-10 -5.016365999330980337e-10 -1.305781409978409740e-11 5.524062611345201327e-10 1.220495746418677866e-09 1.999837617429934264e-09 2.894673861872829265e-09 3.926388937380827672e-09 5.079499693192383788e-09 6.310795134752125097e-09 7.555062960307793615e-09 8.604271576998098393e-09 8.980248427892245488e-09 8.165180282627491788e-09 6.805110876281793861e-09 5.403825359370985755e-09 4.113764598853492813e-09 3.005247600809730615e-09 -1.199735134527673176e-10 -1.116609998074996403e-10 -9.995484758738063090e-11 -8.602351040098788739e-11 -7.095260831625408081e-11 -5.577620682433501512e-11 -4.050036550462559727e-11 -2.397141020340768893e-11 -5.312607306552739802e-12 1.615873262873423261e-11 4.152086556709356419e-11 7.117168653769817403e-11 1.053327614982954983e-10 1.448868316291918983e-10 1.893169728579220906e-10 2.370387520666263415e-10 2.855983426872749161e-10 3.268820607276326698e-10 3.419150642763318725e-10 3.102377918399269269e-10 2.573338103767057481e-10 2.031254574416536576e-10 1.535277576163428238e-10 1.111680744255856938e-10 -1.559056087102763905e-11 -1.447883745633156259e-11 -1.295767696251452659e-11 -1.118459569679537040e-11 -9.248867337489598474e-12 -7.206853896937126253e-12 -5.035409386103360766e-12 -2.618040369372356911e-12 1.240569507880630675e-13 3.274261207832187207e-12 6.986786563679539353e-12 1.131552749237946706e-11 1.628759211415811593e-11 2.202592883003636849e-11 2.845020077036341328e-11 3.532705671124869308e-11 4.230086677850774888e-11 4.821030386617609856e-11 5.033978509463754269e-11 4.573357236610251407e-11 3.807041667211826406e-11 3.020512922759129848e-11 2.298473903562563813e-11 1.679288617219284684e-11 -1.699541276510489571e-11 -1.567597314337464650e-11 -1.391662798576924523e-11 -1.193574905773053088e-11 -9.832213483099866207e-12 -7.607922604916703042e-12 -5.164187804704744399e-12 -2.347064004716083611e-12 9.007500316446501642e-13 4.640559413892806386e-12 9.041472097233139260e-12 1.416112076269365213e-11 2.002516404722227518e-11 2.677125686227520375e-11 3.429696650693484700e-11 4.232150633779139677e-11 5.042408624859945774e-11 5.725731913413729607e-11 5.969317457087771715e-11 5.430585118418856574e-11 4.536016658531891882e-11 3.615084387160315302e-11 2.766294248977923386e-11 2.035329097769864783e-11
-2.254414914918358048e-09 -2.051260161914540647e-09 -1.786441815598982787e-09 -1.496916946841597873e-09 -1.198886282709424468e-09 -8.910806337425323617e-10 -5.554831983434165701e-10 -1.650801660653472093e-10 2.924169979586321246e-10 8.245168502939184590e-10 1.450589165491646745e-09 2.174538582698737651e-09 2.997398783993010459e-09 3.938295315847912915e-09 4.987442239938214515e-09 6.120309777874364392e-09 7.316265067798884556e-09 8.476888087563491165e-09 9.415845063383582942e-09 9.736059783464515130e-09 8.955963737074555275e-09 7.667666660430640011e-09 6.282839345047820208e-09 4.979483337394169150e-09 -1.894233791301688998e-08 -1.759703865854208764e-08 -1.571390435927607559e-08 -1.350837565072391942e-08 -1.119437691508615332e-08 -8.942341018583596253e-09 -6.718711734314430050e-09 -4.317831033461527117e-09 -1.609980415439780856e-09 1.492993430989852720e-09 5.136078313368804331e-09 9.371113932814966191e-09 1.423551420704660263e-08 1.987424888555774224e-08 2.627093784359023865e-08 3.332059408481101416e-08 4.096505884100812284e-08 4.866997052713400952e-08 5.537186332060454517e-08 5.853270307350226343e-08 5.272813970693184030e-08 4.414011175117674573e-08 3.534731819866441862e-08 2.732581653816520891e-08 -3.401087722235614078e-09 -3.210144315071167860e-09 -2.930073021209932185e-09 -2.579676025113226036e-09 -2.184801862649765307e-09 -1.785647145363341288e-09 -1.401184963549488550e-09 -1.010146666176436330e-09 -5.883130857792033091e-10 -1.146362055469867036e-10 4.384849825811285155e-10 1.082562577702983078e-09 1.825675106597293887e-09 2.692336268664074732e-09 3.681218727056165695e-09 4.777026115137420505e-09 5.967931892432744003e-09 7.162180763478093728e-09 8.165180282627491788e-09 8.539942299707491244e-09 7.780406109263843437e-09 6.505627533875435014e-09 5.164668327403762868e-09 3.938025153233425855e-09 -1.324547146058342016e-10 -1.257525218621245021e-10 -1.158486599629847222e-10 -1.032592768624544336e-10 -8.865478711686706539e-11 -7.332001035636554226e-11 -5.815768296235140711e-11 -4.279455543714304082e-11 -2.652920448551706981e-11 -8.498327925219002340e-12 1.246319128173650989e-11 3.687200088051846771e-11 6.509512740927847043e-11 9.812400470395651575e-11 1.359769068335418538e-10 1.781431335220108440e-10 2.242489738825536817e-10 2.708119527435776835e-10 3.102377918399268752e-10 3.251815122449442599e-10 2.956445034314291747e-10 2.460419718963275268e-10 1.941558455052653414e-10 1.469885057320057129e-10 -1.782546495774746640e-11 -1.685684813282245251e-11 -1.546761706417512132e-11 -1.376264262265488229e-11 -1.183724591329805878e-11 -9.812872755639002056e-12 -7.735306903682534489e-12 -5.527665260930014534e-12 -3.132078170868315917e-12 -4.695021863339877700e-13 2.615161150361295158e-12 6.194743513800191734e-12 1.032052593285501728e-11 1.513349406024058271e-11 2.063155319842910879e-11 2.673578649147195561e-11 3.338763220555421775e-11 4.008260527740565235e-11 4.573357236610252053e-11 4.785773726962249565e-11 4.356720093258791206e-11 3.638624808913410912e-11 2.886108418251060693e-11 2.199693456238129864e-11 -2.010326375373203763e-11 -1.890788768279881916e-11 -1.721825954871516710e-11 -1.519457369959682222e-11 -1.298299454170571621e-11 -1.072229515845061577e-11 -8.409622926332345163e-12 -5.891440642125927757e-12 -3.079808656745380831e-12 8.618827795575442390e-14 3.757159000949724457e-12 8.007860115686474439e-12 1.289444699930081280e-11 1.857828903068518230e-11 2.504991894627877954e-11 3.220893172375217295e-11 3.997894488714694017e-11 4.776496472515632499e-11 5.430585118418856574e-11 5.674186263301563966e-11 5.172679672806187710e-11 4.334671570979760382e-11 3.453772952640591444e-11 2.647017396159756206e-11
-2.907600534419982375e-09 -2.709877051150454422e-09 -2.435407105074628852e-09 -2.114588676018441134e-09 -1.774094065996626943e-09 -1.436667960926912925e-09 -1.100694264339773516e-09 -7.406020404405996098e-10 -3.389618536306699399e-10 1.166948100329837858e-10 6.469445936204771207e-10 1.258284704450005018e-09 1.955040986842350888e-09 2.758017124992961798e-09 3.665898106496096410e-09 4.669053561348466380e-09 5.770981143412766026e-09 6.924324333397655104e-09 8.036475339948769672e-09 8.955963737074555275e-09 9.280548059421609892e-09 8.556165540858588475e-09 7.326632580622012395e-09 6.011453987966557770e-09 -2.130657020683209375e-08 -2.020771547427899256e-08 -1.858624046844946932e-08 -1.653596603330532462e-08 -1.418952766509796605e-08 -1.179202166013865360e-08 -9.495589292117690962e-09 -7.217121682320803719e-09 -4.821211693015045645e-09 -2.179541378036938329e-09 8.702521275541628399e-10 4.395482739295674743e-09 8.446339417859296604e-09 1.317096645007575089e-08 1.858921890425558007e-08 2.468108189329638513e-08 3.151090325350041311e-08 3.885319541886087269e-08 4.620344103259771075e-08 5.272813970693183368e-08 5.585932001757519271e-08 5.042223738461794061e-08 4.220719630045722911e-08 3.384421749618970503e-08 -3.594922476048735349e-09 -3.450570343828488700e-09 -3.230602028069336190e-09 -2.938350738321953161e-09 -2.581084348269237566e-09 -2.189323388977732200e-09 -1.798700991599501643e-09 -1.417367088611020339e-09 -1.035258775815240284e-09 -6.286618291690763565e-10 -1.663197614598243888e-10 3.664379826117164660e-10 9.801324954855552830e-10 1.699260263943253425e-09 2.529145285595633408e-09 3.467894042811715436e-09 4.526617616765475624e-09 5.667825650801179553e-09 6.805110876281793034e-09 7.780406109263843437e-09 8.152303826376208967e-09 7.443443646113347981e-09 6.223569773409952663e-09 4.947496397375718859e-09 -1.378036326247988376e-10 -1.327826513221990928e-10 -1.251116404583210655e-10 -1.148534293205627747e-10 -1.021256353049709527e-10 -8.777513320194815377e-11 -7.291867365430754992e-11 -5.801146299545368590e-11 -4.308613613479465997e-11 -2.746166051471974708e-11 -9.906197975024163912e-12 1.023618059022652225e-11 3.344141920217273996e-11 6.069990926826518066e-11 9.227690334286618866e-11 1.281670263791201237e-10 1.688693580049091992e-10 2.130196158468506272e-10 2.573338103767057481e-10 2.956445034314291747e-10 3.104448910699959997e-10 2.828662422229363583e-10 2.353896681832550306e-10 1.860061486381105040e-10 -1.901482511795994990e-11 -1.824738470019802335e-11 -1.710280758281527404e-11 -1.562202713975426204e-11 -1.385274051854869612e-11 -1.191643855351373080e-11 -9.918133914698682928e-12 -7.849037752389037518e-12 -5.688602884862599508e-12 -3.378469098011320207e-12 -7.802761086679265365e-13 2.188697469492534052e-12 5.596852670491218070e-12 9.587587353281440868e-12 1.419581426606296125e-11 1.941605091448116741e-11 2.531572234276605072e-11 3.169244417229022315e-11 3.807041667211825760e-11 4.356720093258791206e-11 4.567649562665423177e-11 4.167339426961642307e-11 3.480275583066706834e-11 2.764250475266866976e-11 -2.190687134777274219e-11 -2.093608130113252712e-11 -1.950050283826706500e-11 -1.767070763793260636e-11 -1.553603476528544702e-11 -1.327343880066228344e-11 -1.100503993329228014e-11 -8.672311544665252844e-12 -6.189301363956458537e-12 -3.467420810048239740e-12 -3.709488623165570980e-13 3.168743621018506434e-12 7.222615380701875042e-12 1.195656633155533942e-11 1.740615803666849638e-11 2.355798512962204927e-11 3.048364632471901544e-11 3.793798052338988342e-11 4.536016658531891236e-11 5.172679672806187710e-11 5.415010012869263173e-11 4.947305409153544166e-11 4.145692729145387848e-11 3.307653147063390067e-11
-3.336681762587359417e-09 -3.166779908317276313e-09 -2.919628922716269976e-09 -2.611453046444637369e-09 -2.261376227143899055e-09 -1.901212383569980981e-09 -1.551122910099581020e-09 -1.201241428851860324e-09 -8.363353725380341184e-10 -4.392389034064042976e-10 1.337302793889013199e-11 5.307211915237620523e-10 1.119413428637234977e-09 1.800101622745481727e-09 2.575795705709146006e-09 3.444604458330186928e-09 4.420705587799439970e-09 5.482785571928557702e-09 6.585408152756319800e-09 7.667666660430638357e-09 8.556165540858588475e-09 8.871643709128294288e-09 8.179796745151358437e-09 7.010506657056969580e-09 -2.247932469823428530e-08 -2.164092656228358637e-08 -2.036268671012610963e-08 -1.865733155969912799e-08 -1.655495887781953583e-08 -1.421777225055872049e-08 -1.186441261383372925e-08 -9.578465061726952764e-09 -7.341146376552345981e-09 -5.019330363649823845e-09 -2.427219504581247246e-09 5.252531068088812499e-10 3.901034388325029605e-09 7.839881393966640205e-09 1.238411154718522042e-08 1.754752358583253656e-08 2.345229148684792002e-08 3.001200871982520199e-08 3.700893336907936601e-08 4.414011175117674573e-08 5.042223738461794061e-08 5.342761323864909710e-08 4.821859608926924579e-08 4.039651605984265166e-08 -3.637675417898563022e-09 -3.533637839070498495e-09 -3.371336783909590779e-09 -3.147206923353387993e-09 -2.856438854849238971e-09 -2.510999538252237399e-09 -2.137262771593200167e-09 -1.758128205107378977e-09 -1.390556772124239609e-09 -1.024439120875085371e-09 -6.282357038649993113e-10 -1.829965610423900984e-10 3.247226668135468329e-10 9.187901444665372779e-10 1.607681157713270542e-09 2.395881273750840431e-09 3.303352881316012695e-09 4.318083528665174355e-09 5.403825359370984928e-09 6.505627533875435014e-09 7.443443646113347981e-09 7.800323408487084071e-09 7.120614509193958724e-09 5.958432716967460529e-09 -1.379705241315591812e-10 -1.343872473868179930e-10 -1.287919690863594601e-10 -1.210403126039175879e-10 -1.109051084142840279e-10 -9.866691401689731836e-11 -8.503919315465681265e-11 -7.068197756288554281e-11 -5.637735677106110179e-11 -4.213758812484920646e-11 -2.696933985081518991e-11 -1.011752962574973037e-11 9.026909723238571187e-12 3.144381298212423357e-11 5.751734599409745078e-11 8.747737309300504111e-11 1.221471945173628365e-10 1.611381379961610514e-10 2.031254574416536576e-10 2.460419718963275785e-10 2.828662422229363583e-10 2.970542390459757281e-10 2.706005213477358840e-10 2.253620483543915269e-10 -1.939577530935457554e-11 -1.882446580702276225e-11 -1.794756774327379372e-11 -1.676410219359368496e-11 -1.527025000189644553e-11 -1.353703782592328321e-11 -1.166911427560776145e-11 -9.714646858708190962e-12 -7.714294870028045364e-12 -5.645292786594322920e-12 -3.398090110237168046e-12 -8.995991506520485820e-13 1.927615016316557798e-12 5.226267444282589651e-12 9.050291004692898107e-12 1.342928297863737125e-11 1.847842646426374580e-11 2.413580697424483640e-11 3.020512922759129848e-11 3.638624808913410912e-11 4.167339426961642307e-11 4.369843821150140834e-11 3.986061295075984154e-11 3.331534041635317928e-11 -2.267323028356120188e-11 -2.193529576547592970e-11 -2.080995220776557347e-11 -1.930648223103565583e-11 -1.743903333247721207e-11 -1.532525218922995940e-11 -1.312049783737485586e-11 -1.088180961095323792e-11 -8.610751944617940613e-12 -6.221953881388577570e-12 -3.566654185409502494e-12 -5.824734039595841280e-13 2.794904589276611046e-12 6.725413912173720014e-12 1.126816349437569036e-11 1.645242022639259977e-11 2.240745388290381215e-11 2.905263881774865992e-11 3.615084387160315302e-11 4.334671570979759736e-11 4.947305409153544166e-11 5.180194328464372674e-11 4.731952211010523570e-11 3.968415683536120316e-11
-3.585401785534993988e-09 -3.450103848949114072e-09 -3.246875721053310927e-09 -2.980744162246075891e-09 -2.658117378399267614e-09 -2.302897362327728642e-09 -1.943403131100583466e-09 -1.589826703840503282e-09 -1.242181045528605374e-09 -8.854085093404058968e-10 -4.933570073358513818e-10 -5.327389145514599695e-11 4.437957444621690021e-10 1.017863353695836020e-09 1.674236493475126041e-09 2.415144787065734389e-09 3.258924261066699140e-09 4.197969118294458153e-09 5.211499212723748222e-09 6.282839345047820208e-09 7.326632580622012395e-09 8.179796745151358437e-09 8.494503188300099095e-09 7.844094891346719125e-09 -2.278864908352041691e-08 -2.217780002435752518e-08 -2.122709652299959621e-08 -1.991615928591116926e-08 -1.821043998687929114e-08 -1.616953927465115163e-08 -1.393296196066993676e-08 -1.164343522534279088e-08 -9.435576492659445308e-09 -7.287643103098876685e-09 -5.020533868242806891e-09 -2.518909797373289494e-09 3.005120511951388917e-10 3.574114399008205827e-09 7.352256304813872765e-09 1.167190565423816650e-08 1.666556187731205984e-08 2.232591896328083208e-08 2.856679080910297023e-08 3.534731819866441862e-08 4.220719630045722911e-08 4.821859608926922594e-08 5.116028464877920228e-08 4.625419340217920127e-08 -3.576428139949263855e-09 -3.504491353117882142e-09 -3.390680048621458154e-09 -3.229564148510882414e-09 -3.011782472090917123e-09 -2.736380796554739253e-09 -2.412523328848206010e-09 -2.055043309043195666e-09 -1.693921964425310112e-09 -1.344784849528906660e-09 -9.901852574797933093e-10 -6.104469870613667671e-10 -1.879178988349793720e-10 3.017227545873446536e-10 8.689529513238607899e-10 1.521437732671375126e-09 2.281667559529761396e-09 3.149823464594704469e-09 4.113764598853491986e-09 5.164668327403762040e-09 6.223569773409952663e-09 7.120614509193957897e-09 7.473010173159994298e-09 6.832426286866118681e-09 -1.346011332660400070e-10 -1.321648175104023306e-10 -1.283003556110392914e-10 -1.228037322978017848e-10 -1.153200690435944636e-10 -1.057536139106238090e-10 -9.430465577294851145e-11 -8.130038837813138445e-11 -6.767483935663529479e-11 -5.415141032353367451e-11 -4.042504027265932134e-11 -2.594375876889999112e-11 -9.998475735042044509e-12 8.426048870806798306e-12 2.980018226572428020e-11 5.447232414178732381e-11 8.335026746133280027e-11 1.165020685588368013e-10 1.535277576163428238e-10 1.941558455052653414e-10 2.353896681832550306e-10 2.706005213477358840e-10 2.845946945825833361e-10 2.596558065740179865e-10 -1.920208162164225522e-11 -1.879788596224852385e-11 -1.816447001321672782e-11 -1.728164686115790045e-11 -1.611534815590230498e-11 -1.468198259431114803e-11 -1.304019351202791817e-11 -1.124133359921103023e-11 -9.374645239481465034e-12 -7.475934115888410866e-12 -5.476273631142440596e-12 -3.325648039029398134e-12 -9.555136079342609936e-13 1.772047970764498767e-12 4.923973730792092930e-12 8.548762716676463961e-12 1.277529553822351863e-11 1.760832655020264590e-11 2.298473903562564136e-11 2.886108418251061339e-11 3.480275583066706834e-11 3.986061295075984154e-11 4.186004040720780836e-11 3.824304611499575626e-11 -2.268858230245476223e-11 -2.215443639907664773e-11 -2.132300734114389389e-11 -2.017506475339512504e-11 -1.867818711848451153e-11 -1.687223285292738928e-11 -1.485713546638793755e-11 -1.272169554258916657e-11 -1.057184742917751873e-11 -8.405865869408102800e-12 -6.088408111898962838e-12 -3.539929603670643871e-12 -7.022999857322005658e-13 2.562411103246550631e-12 6.323721753491759020e-12 1.063444711400217710e-11 1.564199085326975869e-11 2.134521180450222887e-11 2.766294248977924032e-11 3.453772952640590798e-11 4.145692729145387202e-11 4.731952211010524862e-11 4.962094948354037994e-11 4.539741079034612146e-11
-3.691079253730728291e-09 -3.588361587396159978e-09 -3.430770832628522226e-09 -3.217378457726279509e-09 -2.945681011643623860e-09 -2.626761139213574418e-09 -2.281535850636542657e-09 -1.927377190470910315e-09 -1.582670224734879664e-09 -1.246610650943097671e-09 -8.962966630244244099e-10 -5.160152592767948751e-10 -9.369555644112200845e-11 3.905955564688079927e-10 9.436664920331691938e-10 1.570029947992792673e-09 2.288970312493481096e-09 3.100057010272385471e-09 3.995466681033005228e-09 4.979483337394169977e-09 6.011453987966557770e-09 7.010506657056969580e-09 7.844094891346719125e-09 8.157261895951734035e-09 -2.248176534807077283e-08 -2.205169069978295132e-08 -2.137402072955144924e-08 -2.041870214622031987e-08 -1.913311069990214177e-08 -1.750693196765474065e-08 -1.558586652165225344e-08 -1.344164598871783565e-08 -1.125788629036293139e-08 -9.157568841569243564e-09 -7.071903993288759006e-09 -4.891522583529256654e-09 -2.508622905263646432e-09 2.195817162031869538e-10 3.354180252752218256e-09 6.940503235682547884e-09 1.111403946503609341e-08 1.589763945000318252e-08 2.128020338065774585e-08 2.732581653816520891e-08 3.384421749618969841e-08 4.039651605984265166e-08 4.625419340217922112e-08 4.915399896837679350e-08 -3.446542942710927539e-09 -3.398945802382105669e-09 -3.322904031292088103e-09 -3.213176821209245579e-09 -3.060057273412193146e-09 -2.856938808621444918e-09 -2.601499730678094954e-09 -2.294373823005666083e-09 -1.956764824975777319e-09 -1.616647940927208173e-09 -1.280986283214941791e-09 -9.429811098078628667e-10 -5.840612088359585207e-10 -1.777720994267664408e-10 2.887726263845796141e-10 8.252611349685609243e-10 1.454022869470030629e-09 2.180887291374061591e-09 3.005247600809730615e-09 3.938025153233425028e-09 4.947496397375717205e-09 5.958432716967462184e-09 6.832426286866120336e-09 7.180203542418240323e-09 -1.289605633437921164e-10 -1.273947769738734717e-10 -1.248691445671610927e-10 -1.211838250756080495e-10 -1.159844765389022062e-10 -1.090174156236962911e-10 -1.001574507165750176e-10 -8.932471985859198055e-11 -7.708642577770794812e-11 -6.431134024821028350e-11 -5.137276181060462744e-11 -3.834230918107414188e-11 -2.469544761508796338e-11 -9.393046944606524421e-12 8.139789816738222928e-12 2.833802839876469143e-11 5.209906225696995918e-11 7.969810684753085715e-11 1.111680744255856938e-10 1.469885057320057129e-10 1.860061486381105040e-10 2.253620483543915269e-10 2.596558065740179865e-10 2.734504272780540657e-10 -1.861707830534381244e-11 -1.834344495860607239e-11 -1.790766236104976195e-11 -1.728460975133753253e-11 -1.643086378375871852e-11 -1.532913372676102902e-11 -1.398909725853696988e-11 -1.242554683595380667e-11 -1.072382461949923568e-11 -8.965924508212923226e-12 -7.142287144933534322e-12 -5.237471462821879820e-12 -3.204197754878026983e-12 -9.230698260710065613e-13 1.678686179551421979e-12 4.662717531695893705e-12 8.158428439438491616e-12 1.220178815095308533e-11 1.679288617219285007e-11 2.199693456238129541e-11 2.764250475266866976e-11 3.331534041635317928e-11 3.824304611499575626e-11 4.021575887006073618e-11 -2.217617773072442994e-11 -2.180417101455369575e-11 -2.121703836402758741e-11 -2.038765776353846216e-11 -1.926720746976709026e-11 -1.784466960019092434e-11 -1.614891230488522148e-11 -1.422243489132700685e-11 -1.219389587934513090e-11 -1.016012037942287288e-11 -8.070468790083277530e-12 -5.854873298906158611e-12 -3.438821833119888757e-12 -7.022909997033933494e-13 2.416308663566070480e-12 5.980793629710514170e-12 1.014081315859926230e-11 1.493362220829391462e-11 2.035329097769864783e-11 2.647017396159756852e-11 3.307653147063390067e-11 3.968415683536120316e-11 4.539741079034612146e-11 4.766995146828123244e-11
1.572427153051707134e-09 1.320039137863969042e-09 1.060854143928281089e-09 8.405493519139076064e-10 6.590782042988293207e-10 5.141261801853642520e-10 4.003343355939909310e-10 3.100060832350024691e-10 2.393521938689551709e-10 1.847805143540094239e-10 1.420554264400451009e-10 1.088313431440155506e-10 8.264800661169323174e-11 6.057256090725312578e-11 4.086973490754443868e-11 2.255958772592971012e-11 5.165855756194087898e-12 -1.058453196951194448e-11 -2.382661323557693134e-11 -3.428903250723306032e-11 -4.177954360781362397e-11 -4.653680535548949451e-11 -4.910804176704469734e-11 -4.995386128019029307e-11 1.069054164981524413e-07 8.841652119935926238e-08 6.959241229064210189e-08 5.389109395437592635e-08 4.124222372223445587e-08 3.137044503182764207e-08 2.380344178779781873e-08 1.794419078341004216e-08 1.348174345524147429e-08 1.013394231292885424e-08 7.586356784323645743e-09 5.626028470777111233e-09 4.020512800353624953e-09 2.544874648744498603e-09 1.121190075783360674e-09 -2.214646780371266086e-10 -1.413279296042503343e-09 -2.352036710040768530e-09 -3.002174920395206405e-09 -3.401087722235614078e-09 -3.594922476048735349e-09 -3.637675417898563022e-09 -3.576428139949263855e-09 -3.446542942710927539e-09 4.603128558045725131e-07 3.685239621325890777e-07 2.828177629117901731e-07 2.145220963155239527e-07 1.610890521792795500e-07 1.203434372906497255e-07 8.972989860701559760e-08 6.647614573293471318e-08 4.910674104568165591e-08 3.633430355781041764e-08 2.673520929344595988e-08 1.920554787738584145e-08 1.268506026750258187e-08 6.410494469162328375e-09 3.627371086049858803e-10 -5.039924084052609368e-09 -9.388583227218083626e-09 -1.241314860342411524e-08 -1.420221669970064662e-08 -1.504595833859434765e-08 -1.519870910451579161e-08 -1.488760832765257004e-08 -1.427755966227985349e-08 -1.349306792474002807e-08 9.003705492710406844e-08 7.322591457605227352e-08 5.630922074199030911e-08 4.251744855180095023e-08 3.168802834303689670e-08 2.345521655498243901e-08 1.731247051372148959e-08 1.268947033166655308e-08 9.274031707135952521e-09 6.780116276606917044e-09 4.879587096020944036e-09 3.322735032617274765e-09 1.923544519780857141e-09 5.820409479134726608e-10 -6.515114205119162058e-10 -1.669532620181951415e-09 -2.417082852080004970e-09 -2.884585201053488526e-09 -3.118611086667587866e-09 -3.184681687157651584e-09 -3.135068338405984143e-09 -3.012785063698090232e-09 -2.846278565595612574e-09 -2.658242419762932249e-09 5.786857948237711743e-09 4.685995950048843466e-09 3.582117008135075970e-09 2.687842938471275890e-09 1.990398873320143130e-09 1.463775176876384771e-09 1.073557336705670805e-09 7.819741156404498295e-10 5.678857582478015304e-10 4.114126046542934102e-10 2.901770964480107428e-10 1.887252394069210611e-10 9.723701426689208664e-11 1.134375748634095788e-11 -6.449764951524557245e-11 -1.242341808827069235e-10 -1.661492160101047891e-10 -1.909426720313649373e-10 -2.019985992501486449e-10 -2.033583945280514491e-10 -1.981965240248926640e-10 -1.890820109167306606e-10 -1.776551399453124493e-10 -1.652407922281711104e-10 1.080441563847827245e-09 8.780955141854864949e-10 6.748045939205911147e-10 5.094040578795120673e-10 3.797201035023610772e-10 2.812282976661889963e-10 2.077829747402928403e-10 1.524831065165525494e-10 1.114337011343590962e-10 8.103306363986913749e-11 5.748581079237348386e-11 3.830242168230904790e-11 2.162968220208614752e-11 6.319546985262832220e-12 -7.354788580773258609e-12 -1.865276735212566150e-11 -2.718499437775429997e-11 -3.276727194627308353e-11 -3.576596040673309250e-11 -3.682932964367397102e-11 -3.651211276780425972e-11 -3.529999350032810285e-11 -3.352757704791042052e-11 -3.145738052964180125e-11
1.320039137863969455e-09 1.218438287536738870e-09 1.032112411755852408e-09 8.377120078140728211e-10 6.663015360757630463e-10 5.246508967555087657e-10 4.112857516740857326e-10 3.202139930738026534e-10 2.483867239371450821e-10 1.924984167618962076e-10 1.482911219210231222e-10 1.133281076694981811e-10 8.522244308360897257e-11 6.140609375986337258e-11 4.071227533337985175e-11 2.243260404370991452e-11 5.838530934549632445e-12 -8.921272874611537380e-12 -2.147390877291790221e-11 -3.170630192124270959e-11 -3.934757190269686326e-11 -4.446199760568659247e-11 -4.745707452467186177e-11 -4.870327986730606797e-11 8.841652119935926238e-08 8.121938611610520640e-08 6.787205598733098631e-08 5.401141287645976389e-08 4.199971990786552869e-08 3.228507829192169894e-08 2.468840409292579644e-08 1.873323541902972872e-08 1.415698034824495617e-08 1.068682678798251597e-08 7.986379275388072671e-09 5.831453820850241392e-09 4.039473866744751450e-09 2.470173908077173385e-09 1.087644050342627545e-09 -1.306204608512494917e-10 -1.210025716769427473e-09 -2.104441056361425622e-09 -2.769098850534586075e-09 -3.210144315071167860e-09 -3.450570343828488700e-09 -3.533637839070498495e-09 -3.504491353117882142e-09 -3.398945802382105669e-09 3.685239621325890777e-07 3.418470526004377347e-07 2.785272040078290349e-07 2.167747416164594558e-07 1.653077804233774375e-07 1.247802426437005052e-07 9.378271557739435369e-08 6.996432879977049637e-08 5.201012422235369950e-08 3.858877362918413269e-08 2.812004003796757276e-08 1.958775981285018395e-08 1.238316672725223553e-08 6.096284019165967523e-09 6.073178802454959294e-10 -4.171584677914234663e-09 -8.231528264731854963e-09 -1.130808772434628545e-08 -1.330670570584898432e-08 -1.438332668985025771e-08 -1.473429777801505513e-08 -1.457407583154326676e-08 -1.407644120027523919e-08 -1.337515903860797024e-08 7.322591457605227352e-08 6.698089430078289048e-08 5.515078557910281687e-08 4.293999954240384332e-08 3.257564120822897615e-08 2.439915295621092923e-08 1.817225225232236652e-08 1.342356911038021994e-08 9.866651730314723297e-09 7.198200025643574462e-09 5.079787224594289660e-09 3.331369532845613411e-09 1.862043171539188495e-09 5.922968786060027338e-10 -5.057785855925965217e-10 -1.431851969075045667e-09 -2.166106719880106320e-09 -2.671029684464082680e-09 -2.956754814965021628e-09 -3.070510825756980102e-09 -3.058448458565553928e-09 -2.963824299933894965e-09 -2.817717551063875977e-09 -2.644293705726395725e-09 4.685995950048843466e-09 4.282874861693956557e-09 3.513390886556055479e-09 2.720564910426389392e-09 2.051468660647477668e-09 1.527071079829333650e-09 1.130400400871243147e-09 8.297466976494402855e-10 6.050536640243417953e-10 4.355615622573616893e-10 3.001038338390268330e-10 1.886041957348127640e-10 9.563839075950849487e-11 1.574312643012513004e-11 -5.254226611816733529e-11 -1.083664043072179829e-10 -1.506723447040900540e-10 -1.782414346888010093e-10 -1.925623306307109412e-10 -1.968114742652685777e-10 -1.938979397631829183e-10 -1.864318873999581952e-10 -1.761977154071632185e-10 -1.645925917609115290e-10 8.780955141854864949e-10 8.034079128897334623e-10 6.612744571690324087e-10 5.146774746888456177e-10 3.904515744582336288e-10 2.925654120123091376e-10 2.180440827957023270e-10 1.610850429031921813e-10 1.181096068784943856e-10 8.562797758356259145e-11 5.997118036033530382e-11 3.911700204316825332e-11 2.175978746905786272e-11 6.844837178673726122e-12 -5.831545413484064527e-12 -1.629081224268159205e-11 -2.457134366969586900e-11 -3.041803731228156209e-11 -3.390643609861242718e-11 -3.547613762419672258e-11 -3.558308447469366452e-11 -3.469172340273461859e-11 -3.315472140604753191e-11 -3.125063946335769492e-11
1.060854143928281296e-09 1.032112411755852408e-09 9.597554158517825657e-10 8.223858155898571804e-10 6.720371047019783180e-10 5.380413981239248680e-10 4.265791015814570537e-10 3.349964622285611892e-10 2.616517345452426683e-10 2.037906588712138212e-10 1.572510442559792428e-10 1.197139270096432632e-10 8.911053475079445192e-11 6.327594937770051088e-11 4.143516051550133480e-11 2.300392113013153351e-11 7.064075995761931286e-12 -6.682799506400857950e-12 -1.837514433668999396e-11 -2.819626725336654977e-11 -3.591162975372403253e-11 -4.143022967318386385e-11 -4.497889991505150532e-11 -4.678749868434194393e-11 6.959241229064210189e-08 6.787205598733098631e-08 6.297673182024603223e-08 5.332694231213876776e-08 4.276098413489183956e-08 3.349252163168803252e-08 2.594487169049505504e-08 1.988692464445664711e-08 1.514826609090581571e-08 1.147595736562674223e-08 8.529731730769262383e-09 6.125124543026267154e-09 4.146882637656770028e-09 2.490877287014871959e-09 1.123292825145413416e-09 -3.932458249925588669e-12 -9.680481035122810485e-10 -1.788334973482010563e-09 -2.446761178864996344e-09 -2.930073021209932185e-09 -3.230602028069336190e-09 -3.371336783909590779e-09 -3.390680048621458154e-09 -3.322904031292088103e-09 2.828177629117902261e-07 2.785272040078290349e-07 2.617689052820059539e-07 2.167651221645038453e-07 1.702132455470433437e-07 1.308569754679747783e-07 9.963120464947205409e-08 7.510733554555644769e-08 5.623825401232970139e-08 4.169760462948083308e-08 2.996114465499404012e-08 2.036896499217250968e-08 1.258280263610284462e-08 6.212098185760440955e-09 1.050236652261592498e-09 -3.185391925394164478e-09 -6.814127390700961202e-09 -9.804519849364060986e-09 -1.199447206775275724e-08 -1.336780502480175835e-08 -1.400313711306659867e-08 -1.407330473824417371e-08 -1.375194585780323620e-08 -1.318072001976461463e-08 5.630922074199030911e-08 5.515078557910281687e-08 5.112734428356596012e-08 4.274853510503096232e-08 3.357509472056228393e-08 2.568198098354807759e-08 1.940950920380466237e-08 1.449457342295235925e-08 1.070729094422985320e-08 7.763948392367446664e-09 5.380169730229782378e-09 3.451367392447072808e-09 1.913548696193790319e-09 6.737484789748134690e-10 -3.267827779146571097e-10 -1.149570177155205485e-09 -1.837938741501259333e-09 -2.366478567696223329e-09 -2.712313451592262272e-09 -2.891942818765806401e-09 -2.936147250047545505e-09 -2.884570927485371252e-09 -2.770321899359831058e-09 -2.619269863578988816e-09 3.582117008135076384e-09 3.513390886556055479e-09 3.257465802127901267e-09 2.715202517839775178e-09 2.121635167471647926e-09 1.613606986058314195e-09 1.212243626064768041e-09 8.988619871474424385e-10 6.571570275253607132e-10 4.691048623800931003e-10 3.176609026701542111e-10 1.964528803334092202e-10 1.008034745356478939e-10 2.405917771964179054e-11 -3.795518746329660815e-11 -8.864609695190236955e-11 -1.297839747726565597e-10 -1.598197670333477330e-10 -1.781884566088491797e-10 -1.865237046030385111e-10 -1.870023044500603498e-10 -1.820878525978441566e-10 -1.737001503055105784e-10 -1.633473657053805236e-10 6.748045939205912181e-10 6.612744571690324087e-10 6.132995406155090848e-10 5.127008839989919421e-10 4.025980812170582495e-10 3.079696044466725433e-10 2.327189479192175532e-10 1.735216854469377266e-10 1.277324815349385927e-10 9.229789117361943121e-11 6.392886500180862066e-11 4.116725311539898742e-11 2.301021355489701140e-11 8.261907655445136242e-12 -3.670522209457481941e-12 -1.330556387279271975e-11 -2.114509204956722126e-11 -2.712859621767450867e-11 -3.115438883246617080e-11 -3.339299793984726999e-11 -3.411402311939121205e-11 -3.371050216067130827e-11 -3.254022823990399483e-11 -3.089696333383674014e-11
8.405493519139076064e-10 8.377120078140727177e-10 8.223858155898569736e-10 7.729213648741256881e-10 6.679694768398900385e-10 5.503637764479201195e-10 4.442846635799746878e-10 3.533551289444374326e-10 2.785197761826845555e-10 2.181401115791441228e-10 1.685403056401131309e-10 1.278772703570359577e-10 9.455801431000772395e-11 6.669623650375721767e-11 4.365864750968581861e-11 2.482409272089110093e-11 9.138151365664161906e-12 -3.920454891949332536e-12 -1.483612975887447260e-11 -2.412841033150347569e-11 -3.175667800530223783e-11 -3.759745534916439669e-11 -4.172446368909916249e-11 -4.419638621099603610e-11 5.389109395437593297e-08 5.401141287645976389e-08 5.332694231213876776e-08 5.013959808147653120e-08 4.288231535203591008e-08 3.470699236607530336e-08 2.744109671206833359e-08 2.133589438548724456e-08 1.639857750926904791e-08 1.244771482132653775e-08 9.200984172267630833e-09 6.545893688646759528e-09 4.404185260426408552e-09 2.665295670935825237e-09 1.279518904204402720e-09 1.853299721024280738e-10 -7.075530519326520204e-10 -1.452077799020589965e-09 -2.075345663647873921e-09 -2.579676025113226036e-09 -2.938350738321953161e-09 -3.147206923353387993e-09 -3.229564148510882414e-09 -3.213176821209245579e-09 2.145220963155239527e-07 2.167747416164594823e-07 2.167651221645038453e-07 2.068967803762932477e-07 1.733010173168941698e-07 1.374934928201758457e-07 1.068043466329133075e-07 8.161324127753584264e-08 6.150093178011452914e-08 4.546906987436128131e-08 3.238169218849451610e-08 2.185259473541479366e-08 1.356173324912010427e-08 6.999043817071729258e-09 1.886235258737002191e-09 -2.099786952316145114e-09 -5.369490507549947100e-09 -8.127755212142490045e-09 -1.037190818694886078e-08 -1.201459606949026765e-08 -1.298427902869787025e-08 -1.335539390811964887e-08 -1.327739625327886797e-08 -1.288632677406302595e-08 4.251744855180095023e-08 4.293999954240384332e-08 4.274853510503095571e-08 4.028144917835937966e-08 3.407821253346877221e-08 2.705185359394821689e-08 2.090748159311666405e-08 1.582332269146927388e-08 1.173470180797419954e-08 8.472489722443790932e-09 5.834566917718956378e-09 3.747371088366874726e-09 2.132548093759769991e-09 8.743479517753455433e-10 -9.695674354692841619e-11 -8.564033930466690110e-10 -1.485166449295608824e-09 -2.004261957827532036e-09 -2.395221820942768523e-09 -2.646372473498313357e-09 -2.761678154275925044e-09 -2.768376950041606118e-09 -2.698259974814676945e-09 -2.578281652164267224e-09 2.687842938471276303e-09 2.720564910426389805e-09 2.715202517839775178e-09 2.560883062325468505e-09 2.160835402734003913e-09 1.706946892037099334e-09 1.311126610849521929e-09 9.839946141943432613e-10 7.213818643971376171e-10 5.132075682755217348e-10 3.465958848710224770e-10 2.161803055666531107e-10 1.162192044914009438e-10 3.884221180362503722e-11 -2.082726914716303493e-11 -6.771389604056227939e-11 -1.063693291579842177e-10 -1.372564984300185081e-10 -1.592380806657214847e-10 -1.722424655256108909e-10 -1.770762422635437105e-10 -1.756206626252108863e-10 -1.697927856299609162e-10 -1.612077241866754932e-10 5.094040578795119639e-10 5.146774746888456177e-10 5.127008839989919421e-10 4.833551235884202869e-10 4.088505993691931759e-10 3.243619507670469663e-10 2.503494884536733416e-10 1.890206281892363942e-10 1.398911983616899973e-10 1.010221747281304826e-10 6.979666162259795971e-11 4.512343281378889979e-11 2.597524144573813761e-11 1.095505279142173058e-11 -7.485352015494859064e-13 -9.912918860179805922e-12 -1.732786544058184146e-11 -2.324587037063681493e-11 -2.766415161410281585e-11 -3.058942190604624459e-11 -3.205030307065740177e-11 -3.228739848481365530e-11 -3.162105607366325626e-11 -3.034459312132989962e-11
6.590782042988293207e-10 6.663015360757630463e-10 6.720371047019784214e-10 6.679694768398900385e-10 6.347957130999082912e-10 5.543457957213519906e-10 4.611610965992757582e-10 3.738245656582751135e-10 2.982606203530433562e-10 2.351856167773304633e-10 1.821495602841116899e-10 1.381510847959940824e-10 1.020946598371398422e-10 7.221711252090429606e-11 4.787469338368940084e-11 2.833866584621574531e-11 1.243832450381316371e-11 -4.303308568677076586e-13 -1.089770777694178543e-11 -1.971936148065156426e-11 -2.712132887045703488e-11 -3.311455346333475819e-11 -3.773367013551975989e-11 -4.088990306214206892e-11 4.124222372223445587e-08 4.199971990786552869e-08 4.276098413489183956e-08 4.288231535203591008e-08 4.087030196269359686e-08 3.537840989717422945e-08 2.894399676948254767e-08 2.296802232694594092e-08 1.784296230886690890e-08 1.358856974932933299e-08 1.004365967037034366e-08 7.158384884958637653e-09 4.862314112387063585e-09 3.026822538363351028e-09 1.587538277308147770e-09 4.741332013365884005e-10 -4.057883467933889567e-10 -1.109665667496103710e-09 -1.689806135897244287e-09 -2.184801862649765307e-09 -2.581084348269237566e-09 -2.856438854849238971e-09 -3.011782472090917123e-09 -3.060057273412193146e-09 1.610890521792795500e-07 1.653077804233774375e-07 1.702132455470433437e-07 1.733010173168941433e-07 1.679887759588102082e-07 1.426072308478978092e-07 1.144159491496391274e-07 8.902137730046072276e-08 6.758110230657833511e-08 5.004277905102799034e-08 3.571175308183238220e-08 2.432339170920658601e-08 1.547921348463192661e-08 8.576579820226767630e-09 3.279836907249516729e-09 -7.432618844523056186e-10 -3.897914081769525252e-09 -6.450801709156640213e-09 -8.593970831993157059e-09 -1.037411024973227508e-08 -1.165393454467767292e-08 -1.237358852667466894e-08 -1.260302381771393028e-08 -1.245148185520120816e-08 3.168802834303690332e-08 3.257564120822896953e-08 3.357509472056228393e-08 3.407821253346877221e-08 3.264211531486034678e-08 2.799005474428103330e-08 2.244185401291655745e-08 1.730302632336389799e-08 1.293379421430947926e-08 9.379348992655361982e-09 6.511698983726259409e-09 4.265714019287572774e-09 2.547649846597818073e-09 1.225269312509099645e-09 2.230429000809543376e-10 -5.337043260492391722e-10 -1.131275787672378181e-09 -1.621741479184558944e-09 -2.025278035837061589e-09 -2.333894589846578332e-09 -2.525672977072649238e-09 -2.603908351965105527e-09 -2.591466085222291740e-09 -2.513561382623406310e-09 1.990398873320143130e-09 2.051468660647478082e-09 2.121635167471647926e-09 2.160835402734003913e-09 2.072907878010256841e-09 1.772528181183808613e-09 1.412271429315860510e-09 1.079359797010598860e-09 7.982815362644850198e-10 5.718086798127075182e-10 3.908798345904489590e-10 2.504469234852540416e-10 1.438935276302430037e-10 6.245949002486037013e-11 1.042664235243238177e-12 -4.535983635965700067e-11 -8.227193233030577609e-11 -1.124851986803356564e-10 -1.364970776326103679e-10 -1.537483448022887440e-10 -1.634606110162013605e-10 -1.663176338993202981e-10 -1.638747460613079758e-10 -1.577254465722624201e-10 3.797201035023610772e-10 3.904515744582336805e-10 4.025980812170582495e-10 4.088505993691931242e-10 3.916733774627572829e-10 3.354522122691073662e-10 2.684148670023742204e-10 2.066254582834321606e-10 1.544642578533574643e-10 1.122485776121274304e-10 7.823764376541014659e-11 5.156395374332545092e-11 3.110091741796450259e-11 1.528443689439982577e-11 3.217937070701394233e-12 -5.977095576927974959e-12 -1.324249645696325420e-11 -1.904779617130304862e-11 -2.363847171444854967e-11 -2.710443918786581528e-11 -2.932006514407373147e-11 -3.031282549310170388e-11 -3.029158700261825732e-11 -2.950766019202214351e-11
5.141261801853642520e-10 5.246508967555087657e-10 5.380413981239248680e-10 5.503637764479200161e-10 5.543457957213519906e-10 5.331291014975421749e-10 4.702306576622517059e-10 3.928186813267562475e-10 3.189450432606468171e-10 2.540039115727165311e-10 1.978719044680835931e-10 1.507531729721094982e-10 1.120792156639797080e-10 8.016294825616898864e-11 5.433195102011775942e-11 3.376892165628173196e-11 1.720701741064056225e-11 4.010816742179408591e-12 -6.480033942458129939e-12 -1.511221097595247348e-11 -2.230549743882038136e-11 -2.829278493593705410e-11 -3.322328119040190353e-11 -3.696582844613688896e-11 3.137044503182764207e-08 3.228507829192169894e-08 3.349252163168803252e-08 3.470699236607530336e-08 3.537840989717422945e-08 3.419056724535086455e-08 2.990458425495985048e-08 2.450443085309141031e-08 1.935656323002508355e-08 1.488144075688602557e-08 1.109193584907616621e-08 7.999568874784320893e-09 5.543807707671487033e-09 3.586816425384905259e-09 2.057913273949812518e-09 8.821750238909492329e-10 -3.493092087247325248e-11 -7.479119553348750525e-10 -1.311536635851284867e-09 -1.785647145363341288e-09 -2.189323388977732200e-09 -2.510999538252237399e-09 -2.736380796554739253e-09 -2.856938808621444918e-09 1.203434372906497520e-07 1.247802426437005052e-07 1.308569754679747783e-07 1.374934928201758457e-07 1.426072308478978092e-07 1.403612324642163437e-07 1.202517777223470989e-07 9.627186674267604669e-08 7.419700599628739622e-08 5.553605800884950948e-08 4.014973031704897055e-08 2.789760244057276738e-08 1.839088187959688158e-08 1.097380578318434012e-08 5.298023805977368245e-09 1.015292546948262406e-09 -2.271654051908263649e-09 -4.813613020545706454e-09 -6.857059335932380545e-09 -8.618758827835107536e-09 -1.008148778170507539e-08 -1.112044357436182355e-08 -1.169415015675125732e-08 -1.183487479467632966e-08 2.345521655498244562e-08 2.439915295621092923e-08 2.568198098354807759e-08 2.705185359394822351e-08 2.799005474428103330e-08 2.719479848331250460e-08 2.348228062428232517e-08 1.872440401666557426e-08 1.426799792584283470e-08 1.051125721323201606e-08 7.440116968457139096e-09 5.021565769708765874e-09 3.166370527231685583e-09 1.736912535245146941e-09 6.560247789123347001e-10 -1.506194479498601212e-10 -7.671688325706102763e-10 -1.249101590650418742e-09 -1.644005533612047031e-09 -1.977954147105206440e-09 -2.231584734631052177e-09 -2.384556939861020733e-09 -2.440830954161389356e-09 -2.417006435940463878e-09 1.463775176876384771e-09 1.527071079829333650e-09 1.613606986058314195e-09 1.706946892037099334e-09 1.772528181183808613e-09 1.723350723891752796e-09 1.481828820166898119e-09 1.172947308463202211e-09 8.860423172131987048e-10 6.463272713468100127e-10 4.519738667303667085e-10 3.000873968148993751e-10 1.844246346783013317e-10 9.592377828860905418e-11 2.942829844063784102e-11 -1.998895417332929706e-11 -5.784043526661639279e-11 -8.771856796511062921e-11 -1.121569208743046230e-10 -1.320508359475714220e-10 -1.461390451121330014e-10 -1.536982513373814859e-10 -1.553850415243113194e-10 -1.524230360095040177e-10 2.812282976661889963e-10 2.925654120123091376e-10 3.079696044466725433e-10 3.243619507670469146e-10 3.354522122691073662e-10 3.256496813343147878e-10 2.808854824482390038e-10 2.239238577623853686e-10 1.708186391783216132e-10 1.261178038997297077e-10 8.955591877093647448e-11 6.072070679521387385e-11 3.855842802889663480e-11 2.143886669685427820e-11 8.445528759335640715e-12 -1.314969492746139900e-12 -8.847652231969107975e-12 -1.473536549753649687e-11 -1.941044407374617450e-11 -2.318531530267833299e-11 -2.600335389941112949e-11 -2.775123015181734364e-11 -2.847044902726053877e-11 -2.830179018366757207e-11
4.003343355939909310e-10 4.112857516740858360e-10 4.265791015814570020e-10 4.442846635799747395e-10 4.611610965992757582e-10 4.702306576622517059e-10 4.564571342251702011e-10 4.040164170900070838e-10 3.375305240714851959e-10 2.733189949815581771e-10 2.153812173849071029e-10 1.657666584813418362e-10 1.246889520786149874e-10 9.067617489252261295e-11 6.312332258472158266e-11 4.119811005195558105e-11 2.357229072051943317e-11 9.599312402155466262e-12 -1.379977414816639529e-12 -1.022783957644062301e-11 -1.743199227204319324e-11 -2.339565519052622668e-11 -2.846449654437850697e-11 -3.260683950830637216e-11 2.380344178779782204e-08 2.468840409292578982e-08 2.594487169049505504e-08 2.744109671206833029e-08 2.894399676948255098e-08 2.990458425495985048e-08 2.913450891136129903e-08 2.547077293329843579e-08 2.076222981160920662e-08 1.628464667093283501e-08 1.234787173085183797e-08 9.076337250343801555e-09 6.451466210158325395e-09 4.345671391446472680e-09 2.692780557529265167e-09 1.418255875390133480e-09 4.251007020879348978e-10 -3.395036334930341160e-10 -9.274849076918805484e-10 -1.401184963549488550e-09 -1.798700991599501643e-09 -2.137262771593200167e-09 -2.412523328848206010e-09 -2.601499730678094954e-09 8.972989860701558436e-08 9.378271557739435369e-08 9.963120464947204086e-08 1.068043466329133075e-07 1.144159491496391274e-07 1.202517777223470989e-07 1.191011255052918987e-07 1.016898034259674224e-07 8.084629427651411990e-08 6.187497614650576544e-08 4.569521732804628460e-08 3.258401430161339799e-08 2.228894801981965634e-08 1.419661355477830284e-08 7.964416921142044863e-09 3.250440798487227325e-09 -3.577968864981500531e-10 -3.094888305844051838e-09 -5.194389517333074394e-09 -6.923241832819315100e-09 -8.415357955707505230e-09 -9.651323185706243234e-09 -1.053707866716677348e-08 -1.100220883491075929e-08 1.731247051372148959e-08 1.817225225232236652e-08 1.940950920380466237e-08 2.090748159311666074e-08 2.244185401291655745e-08 2.348228062428232186e-08 2.291318269517316135e-08 1.971044768707529424e-08 1.561976014861788282e-08 1.183499784889599669e-08 8.609176768670408211e-09 6.010078940587675662e-09 3.987173264307419831e-09 2.412582503810620416e-09 1.213686316722082292e-09 3.168735816033123283e-10 -3.628421370667560573e-10 -8.774115523513625832e-10 -1.277774420093095938e-09 -1.614515068627378026e-09 -1.898692977333326274e-09 -2.112088272333098734e-09 -2.239722663848533958e-09 -2.280320137311776791e-09 1.073557336705671012e-09 1.130400400871243147e-09 1.212243626064768247e-09 1.311126610849522135e-09 1.412271429315860510e-09 1.481828820166898119e-09 1.447022557078226708e-09 1.240421327330585669e-09 9.767495722905217533e-10 7.343024243643293650e-10 5.290684701922163247e-10 3.648267874974717019e-10 2.378530350223434784e-10 1.396790630053319914e-10 6.541804042432597145e-11 1.019226312627917930e-11 -3.152619646151174321e-11 -6.321272340405899709e-11 -8.813020051060870094e-11 -1.090188464318853004e-10 -1.259219485970534892e-10 -1.376909158713222883e-10 -1.438664921107237674e-10 -1.447895360515293345e-10 2.077829747402928144e-10 2.180440827957023270e-10 2.327189479192175532e-10 2.503494884536732899e-10 2.684148670023742204e-10 2.808854824482389521e-10 2.743601186926075294e-10 2.362099177739089161e-10 1.873791414300051031e-10 1.421915735832692698e-10 1.036584259298730008e-10 7.258734101430185074e-11 4.837876140982330710e-11 2.950754101042977077e-11 1.510717085962886077e-11 4.295796832356008253e-12 -3.952531428172525159e-12 -1.025519060213324830e-11 -1.514899522178679898e-11 -1.912019687984312862e-11 -2.230909714004722302e-11 -2.466272219051852604e-11 -2.611610600465914366e-11 -2.664825382431537138e-11
3.100060832350024691e-10 3.202139930738026534e-10 3.349964622285610858e-10 3.533551289444374326e-10 3.738245656582751652e-10 3.928186813267561958e-10 4.040164170900070838e-10 3.940265747198096044e-10 3.490886842314856377e-10 2.912898022122304650e-10 2.342314987925711695e-10 1.832882373649040884e-10 1.401748294771014484e-10 1.040179285692044209e-10 7.448528042644346056e-11 5.084797041525951341e-11 3.176961293093008290e-11 1.661773495520614810e-11 4.738317883848353773e-12 -4.740525084991546709e-12 -1.230214552668757677e-11 -1.841332822308048422e-11 -2.357848379459892549e-11 -2.794569041118200652e-11 1.794419078341004216e-08 1.873323541902972541e-08 1.988692464445665042e-08 2.133589438548724456e-08 2.296802232694593761e-08 2.450443085309141031e-08 2.547077293329843579e-08 2.487194969474186247e-08 2.172959691109039320e-08 1.768901544271522837e-08 1.378475481875536114e-08 1.039062553684172445e-08 7.596856549304044874e-09 5.318413005573328072e-09 3.509032937518224583e-09 2.101695603443833030e-09 9.984562186485496248e-10 1.475710459603677964e-10 -5.016365999330980337e-10 -1.010146666176436330e-09 -1.417367088611020339e-09 -1.758128205107378977e-09 -2.055043309043195666e-09 -2.294373823005666083e-09 6.647614573293471318e-08 6.996432879977050960e-08 7.510733554555646093e-08 8.161324127753585588e-08 8.902137730046072276e-08 9.627186674267604669e-08 1.016898034259674224e-07 1.010714294804619958e-07 8.635132360477358060e-08 6.866595151990537716e-08 5.226710407867386357e-08 3.839949269170326116e-08 2.724259114246748393e-08 1.832176857980640622e-08 1.137217944542443322e-08 6.064180118859294524e-09 1.978887701628208327e-09 -1.119431161673905774e-09 -3.452255606779244398e-09 -5.277711073969676545e-09 -6.773752949269046768e-09 -8.060926294225590962e-09 -9.148273605111165340e-09 -9.915618569072807223e-09 1.268947033166655474e-08 1.342356911038022160e-08 1.449457342295235925e-08 1.582332269146927388e-08 1.730302632336389799e-08 1.872440401666557757e-08 1.971044768707529424e-08 1.933654419333792043e-08 1.668018478124625759e-08 1.324363351864732939e-08 9.990006272050482768e-09 7.233067802584804838e-09 5.024061026824547882e-09 3.271496684743280921e-09 1.918510444922266160e-09 8.960550435785998819e-10 1.170417402806933365e-10 -4.686377303030548507e-10 -9.089931055472228422e-10 -1.258568863339158371e-09 -1.551004424925792267e-09 -1.796585433448084194e-09 -1.983905851089012174e-09 -2.093304075456986533e-09 7.819741156404498295e-10 8.297466976494402855e-10 8.988619871474424385e-10 9.839946141943432613e-10 1.079359797010598860e-09 1.172947308463202211e-09 1.240421327330585876e-09 1.219910067189979861e-09 1.049755374191798712e-09 8.287278021390911454e-10 6.204139447842540570e-10 4.449597905236023056e-10 3.052653225092013187e-10 1.951440684519175974e-10 1.106698242829814144e-10 4.722424493113063613e-11 -8.490265904282702769e-13 -3.686850684692122102e-11 -6.402781719752787148e-11 -8.581481787151753938e-11 -1.039794598668583892e-10 -1.185941809532135312e-10 -1.289116923777869485e-10 -1.341615899415926272e-10 1.524831065165525494e-10 1.610850429031921813e-10 1.735216854469377266e-10 1.890206281892363425e-10 2.066254582834321606e-10 2.239238577623853686e-10 2.362099177739089161e-10 2.321285816651732884e-10 2.004033781194114046e-10 1.592289574047395395e-10 1.202508371568624828e-10 8.722617688869146405e-11 6.075842681366777850e-11 3.974498863647367675e-11 2.350227087531682581e-11 1.120374749591986939e-11 1.804476007817204659e-12 -5.302590907462379241e-12 -1.069264188156546161e-11 -1.496138240688725359e-11 -1.840432347855964703e-11 -2.115273481503097803e-11 -2.321331935095101043e-11 -2.445714045388719391e-11
2.393521938689551709e-10 2.483867239371450821e-10 2.616517345452426166e-10 2.785197761826845038e-10 2.982606203530433562e-10 3.189450432606467654e-10 3.375305240714851442e-10 3.490886842314856894e-10 3.417204483620051363e-10 3.032308757568308826e-10 2.522925323903887204e-10 2.023408058554598905e-10 1.580785512436198468e-10 1.199747603863925383e-10 8.832684422345132090e-11 6.269793579539309969e-11 4.183135647329162119e-11 2.515158547675533873e-11 1.202209953153221820e-11 1.550343708300675406e-12 -6.728455452842955129e-12 -1.327979867259346267e-11 -1.867678071835896664e-11 -2.320989697797042109e-11 1.348174345524147429e-08 1.415698034824495617e-08 1.514826609090581241e-08 1.639857750926904791e-08 1.784296230886691221e-08 1.935656323002508355e-08 2.076222981160920662e-08 2.172959691109039651e-08 2.135728747299896324e-08 1.873884169985232915e-08 1.524157382268485744e-08 1.186836629418280777e-08 8.946344288850804826e-09 6.491634145138531666e-09 4.503872159126573152e-09 2.935784706885254775e-09 1.693097579356756283e-09 7.268282930455557597e-10 -1.305781409978409740e-11 -5.883130857792033091e-10 -1.035258775815240284e-09 -1.390556772124239609e-09 -1.693921964425310112e-09 -1.956764824975777319e-09 4.910674104568164929e-08 5.201012422235370612e-08 5.623825401232968815e-08 6.150093178011452914e-08 6.758110230657832188e-08 7.419700599628740946e-08 8.084629427651411990e-08 8.635132360477358060e-08 8.673874523893002950e-08 7.451687604046480703e-08 5.924563717246963928e-08 4.508782953410485854e-08 3.314359934447611371e-08 2.332807713576699052e-08 1.553093284395276164e-08 9.493611567029776008e-09 4.791828760549375150e-09 1.199422331880517180e-09 -1.506502478839497244e-09 -3.581727135725900570e-09 -5.190469804545423335e-09 -6.499236505982146312e-09 -7.649802483874835841e-09 -8.617058781331336818e-09 9.274031707135952521e-09 9.866651730314723297e-09 1.070729094422985320e-08 1.173470180797419954e-08 1.293379421430947761e-08 1.426799792584283470e-08 1.561976014861788282e-08 1.668018478124625759e-08 1.656064360016895072e-08 1.439297529348825618e-08 1.143748532983019186e-08 8.631088136450121942e-09 6.255688942503515237e-09 4.310130843635408234e-09 2.775652644646899468e-09 1.597395133100965186e-09 6.888910184812675275e-10 1.686366194174049452e-12 -5.110549527316943184e-10 -9.032704038926096483e-10 -1.211774328586197061e-09 -1.468483731727691561e-09 -1.689066741263743787e-09 -1.856453009761291912e-09 5.678857582478015304e-10 6.050536640243417953e-10 6.571570275253607132e-10 7.213818643971375137e-10 7.982815362644850198e-10 8.860423172131989116e-10 9.767495722905217533e-10 1.049755374191798505e-09 1.045723521921105620e-09 9.069857433095289870e-10 7.167421477062182467e-10 5.368539779418177912e-10 3.854818220505308365e-10 2.622618210722519182e-10 1.656766542543790644e-10 9.197410978244687283e-11 3.550408223794180330e-11 -6.950122764129616342e-12 -3.849898692423777767e-11 -6.270593887148368575e-11 -8.197548020772726854e-11 -9.798113191873985880e-11 -1.111561804051564235e-10 -1.204004440201561589e-10 1.114337011343591220e-10 1.181096068784943856e-10 1.277324815349386185e-10 1.398911983616899973e-10 1.544642578533574643e-10 1.708186391783216390e-10 1.873791414300051031e-10 2.004033781194114046e-10 1.991645706785279348e-10 1.731463265741111955e-10 1.376392229256187042e-10 1.039562998079754932e-10 7.546200324284885721e-11 5.212431988565368897e-11 3.370992721942377348e-11 1.955946837744655704e-11 8.635475232603046701e-12 3.523820956005374835e-13 -5.863662670637535890e-12 -1.066563255356390557e-11 -1.443899352642891782e-11 -1.746436521608044269e-11 -1.993015780107382898e-11 -2.176566491937622559e-11
1.847805143540094239e-10 1.924984167618962076e-10 2.037906588712138212e-10 2.181401115791441228e-10 2.351856167773304633e-10 2.540039115727165311e-10 2.733189949815581771e-10 2.912898022122305167e-10 3.032308757568308826e-10 2.984602715195697501e-10 2.652108344520379304e-10 2.208116379641893480e-10 1.773462105781049074e-10 1.380217652432390602e-10 1.043960895820732778e-10 7.664308500819923099e-11 5.373948496422702344e-11 3.524158349828973842e-11 2.056447718923183795e-11 8.797261090202661433e-12 -5.086689442617747756e-13 -7.806783953756275468e-12 -1.368826558592987799e-11 -1.849618818183756373e-11 1.013394231292885424e-08 1.068682678798251431e-08 1.147595736562674057e-08 1.244771482132653940e-08 1.358856974932933299e-08 1.488144075688602557e-08 1.628464667093283501e-08 1.768901544271522837e-08 1.873884169985232584e-08 1.859478886051539964e-08 1.637755319190679804e-08 1.335250395580392804e-08 1.042724666662565008e-08 7.833609157436765166e-09 5.665868328599195899e-09 3.919370050220053924e-09 2.513641310585137082e-09 1.407242868864100856e-09 5.524062611345201327e-10 -1.146362055469867036e-10 -6.286618291690763565e-10 -1.024439120875085371e-09 -1.344784849528906660e-09 -1.616647940927208173e-09 3.633430355781042426e-08 3.858877362918413269e-08 4.169760462948083308e-08 4.546906987436128131e-08 5.004277905102799034e-08 5.553605800884950948e-08 6.187497614650576544e-08 6.866595151990537716e-08 7.451687604046480703e-08 7.573211144049774889e-08 6.531786026015630778e-08 5.206536464657164866e-08 3.975390293146146749e-08 2.912244010237242743e-08 2.042882411781836607e-08 1.355544446504943936e-08 8.122697380179067226e-09 3.920130158120503038e-09 7.309869129270208489e-10 -1.714123738801961422e-09 -3.570701011058981680e-09 -4.997106251208951729e-09 -6.181804611636967225e-09 -7.220508208645354442e-09 6.780116276606917044e-09 7.198200025643573635e-09 7.763948392367446664e-09 8.472489722443787623e-09 9.379348992655361982e-09 1.051125721323201606e-08 1.183499784889599669e-08 1.324363351864732939e-08 1.439297529348825618e-08 1.446439188708172404e-08 1.263421298960467160e-08 1.007127331805302075e-08 7.628482429732736265e-09 5.510717781917143485e-09 3.783771505545586865e-09 2.427550671589655688e-09 1.364482151715772654e-09 5.507315948013332317e-10 -6.000146117217602533e-11 -5.235861997445440622e-10 -8.748958016888296894e-10 -1.149498621470600018e-09 -1.383502772247804133e-09 -1.584230159511715189e-09 4.114126046542934102e-10 4.355615622573616893e-10 4.691048623800931003e-10 5.132075682755217348e-10 5.718086798127075182e-10 6.463272713468100127e-10 7.343024243643293650e-10 8.287278021390911454e-10 9.069857433095289870e-10 9.146798036027747433e-10 7.973375838493231683e-10 6.320835722123876409e-10 4.752510001156930953e-10 3.400762386711430613e-10 2.305231772532613402e-10 1.450352079655729727e-10 7.847011461089039800e-11 2.786123168328168279e-11 -9.885617962041875300e-12 -3.843935281134785796e-11 -6.017376363151400323e-11 -7.739658541775632251e-11 -9.205197056849700887e-11 -1.040831858090594385e-10 8.103306363986912457e-11 8.562797758356259145e-11 9.229789117361940536e-11 1.010221747281304826e-10 1.122485776121274304e-10 1.261178038997297077e-10 1.421915735832692698e-10 1.592289574047395654e-10 1.731463265741111955e-10 1.740799496313739313e-10 1.520475557296832619e-10 1.212130877254611455e-10 9.186689533735746967e-11 6.644725272741583629e-11 4.572709232263118183e-11 2.945661978804859849e-11 1.669926209938560683e-11 6.922679055505344995e-12 -4.367279699610256744e-13 -6.061414565463140210e-12 -1.037068821047001627e-11 -1.373539812303870261e-11 -1.649192366213429687e-11 -1.872919002085078420e-11
1.420554264400450492e-10 1.482911219210231222e-10 1.572510442559792428e-10 1.685403056401131309e-10 1.821495602841116640e-10 1.978719044680835931e-10 2.153812173849071287e-10 2.342314987925711695e-10 2.522925323903886687e-10 2.652108344520379304e-10 2.630964164673946832e-10 2.349243991961574177e-10 1.963825222051769228e-10 1.575983411049634514e-10 1.226191631534501725e-10 9.283062821116340822e-11 6.773614647711558177e-11 4.716538233126202183e-11 3.065623624295694896e-11 1.730387087549780153e-11 6.683634095914537800e-12 -1.649910450205455874e-12 -8.303609761827909957e-12 -1.361881249981889757e-11 7.586356784323645743e-09 7.986379275388074326e-09 8.529731730769262383e-09 9.200984172267630833e-09 1.004365967037034366e-08 1.109193584907616621e-08 1.234787173085183797e-08 1.378475481875536114e-08 1.524157382268485744e-08 1.637755319190679804e-08 1.642370728189792954e-08 1.455722750099896516e-08 1.192969133228318591e-08 9.313358048329715116e-09 6.998670698433257471e-09 5.070404817367468493e-09 3.483404471491135789e-09 2.213757262694088181e-09 1.220495746418677866e-09 4.384849825811285155e-10 -1.663197614598243888e-10 -6.282357038649993113e-10 -9.901852574797933093e-10 -1.280986283214941791e-09 2.673520929344596319e-08 2.812004003796757276e-08 2.996114465499404012e-08 3.238169218849452272e-08 3.571175308183237559e-08 4.014973031704897055e-08 4.569521732804628460e-08 5.226710407867386357e-08 5.924563717246963928e-08 6.531786026015630778e-08 6.714476049638121201e-08 5.828397698259969029e-08 4.670649885734783133e-08 3.564731449654491043e-08 2.612213688424813811e-08 1.835876373394340435e-08 1.208926494536606225e-08 7.165809284494951756e-09 3.383475506102808895e-09 4.609839199543748711e-10 -1.759061312986813293e-09 -3.430844676652126964e-09 -4.740791762491519814e-09 -5.824027910787618419e-09 4.879587096020944036e-09 5.079787224594289660e-09 5.380169730229782378e-09 5.834566917718956378e-09 6.511698983726259409e-09 7.440116968457139923e-09 8.609176768670408211e-09 9.990006272050482768e-09 1.143748532983019186e-08 1.263421298960466994e-08 1.284358227059896520e-08 1.129524908139517564e-08 9.055624130582954498e-09 6.857702587467134671e-09 4.956075817903286265e-09 3.410407152724086428e-09 2.170952982386129318e-09 1.206304096460145839e-09 4.732664839629892225e-10 -8.702168097486485835e-11 -5.088473296032897125e-10 -8.264726420762894237e-10 -1.080286966661426613e-09 -1.296005821991271833e-09 2.901770964480107428e-10 3.001038338390268330e-10 3.176609026701541594e-10 3.465958848710224253e-10 3.908798345904489590e-10 4.519738667303667085e-10 5.290684701922164281e-10 6.204139447842541604e-10 7.167421477062183501e-10 7.973375838493231683e-10 8.133703919802638050e-10 7.138517198561033310e-10 5.691576911886060918e-10 4.278061532391506746e-10 3.062553639440457003e-10 2.080997485016377312e-10 1.299159600204793858e-10 6.947600747282298209e-11 2.384637481593982033e-11 -1.083519376980220883e-11 -3.687735552518723093e-11 -5.659001178914299813e-11 -7.256753728802977691e-11 -8.612474046921841413e-11 5.748581079237347740e-11 5.997118036033529089e-11 6.392886500180862066e-11 6.979666162259794678e-11 7.823764376541014659e-11 8.955591877093647448e-11 1.036584259298730008e-10 1.202508371568624828e-10 1.376392229256187042e-10 1.520475557296832361e-10 1.545882473130879738e-10 1.359173420081078544e-10 1.089537674583226756e-10 8.254312889567520256e-11 5.972234629924460533e-11 4.118715278012011615e-11 2.632631969941290803e-11 1.475327101141587962e-11 5.944042000651299445e-12 -8.126857877215192460e-13 -5.935681600899180993e-12 -9.834667781987613541e-12 -1.294377532747720412e-11 -1.548028130686921668e-11
1.088313431440155506e-10 1.133281076694981811e-10 1.197139270096432632e-10 1.278772703570359577e-10 1.381510847959941083e-10 1.507531729721094982e-10 1.657666584813418362e-10 1.832882373649040626e-10 2.023408058554599163e-10 2.208116379641893480e-10 2.349243991961574177e-10 2.351102827103699640e-10 2.111481595654040496e-10 1.767327012969403093e-10 1.420412154935020458e-10 1.108142967850405827e-10 8.363988969528194837e-11 6.088168158227609356e-11 4.233312378375992853e-11 2.715390207170600123e-11 1.497064968504405558e-11 5.352800235752174744e-12 -2.331918665244810706e-12 -8.413801211436316664e-12 5.626028470777111233e-09 5.831453820850241392e-09 6.125124543026267154e-09 6.545893688646758701e-09 7.158384884958637653e-09 7.999568874784320893e-09 9.076337250343801555e-09 1.039062553684172445e-08 1.186836629418280777e-08 1.335250395580392804e-08 1.455722750099896516e-08 1.474283043537624892e-08 1.315126631438587551e-08 1.079452185117258211e-08 8.442991815276145499e-09 6.366036172830899264e-09 4.597505280606383611e-09 3.150462396958546467e-09 1.999837617429934264e-09 1.082562577702983078e-09 3.664379826117164660e-10 -1.829965610423900984e-10 -6.104469870613667671e-10 -9.429811098078628667e-10 1.920554787738584145e-08 1.958775981285018395e-08 2.036896499217251630e-08 2.185259473541479035e-08 2.432339170920658601e-08 2.789760244057276076e-08 3.258401430161340460e-08 3.839949269170326116e-08 4.508782953410485854e-08 5.206536464657164866e-08 5.828397698259969029e-08 6.053966871633288972e-08 5.286060497974250808e-08 4.241224458181234122e-08 3.242776805696363714e-08 2.384864033994959774e-08 1.670569205764570264e-08 1.097513352103886760e-08 6.505094370532266890e-09 3.006421343267276791e-09 3.248352217457810645e-10 -1.698027487405185460e-09 -3.252133518314454462e-09 -4.463428098054919507e-09 3.322735032617274765e-09 3.331369532845613411e-09 3.451367392447072808e-09 3.747371088366874726e-09 4.265714019287572774e-09 5.021565769708767528e-09 6.010078940587675662e-09 7.233067802584805665e-09 8.631088136450120288e-09 1.007127331805302075e-08 1.129524908139517399e-08 1.159529907384271764e-08 1.026295047683120847e-08 8.239691634310135559e-09 6.251884333054478748e-09 4.536411059918796733e-09 3.112603546055088473e-09 1.978625464576123065e-09 1.101859250136400146e-09 4.226245379084513262e-10 -9.288828468443338860e-11 -4.787539709477995001e-10 -7.755568239750021207e-10 -1.011672369199458215e-09 1.887252394069210611e-10 1.886041957348127640e-10 1.964528803334091943e-10 2.161803055666530849e-10 2.504469234852539899e-10 3.000873968148994268e-10 3.648267874974717019e-10 4.449597905236023056e-10 5.368539779418178946e-10 6.320835722123876409e-10 7.138517198561032276e-10 7.352381175727892843e-10 6.493632004908481543e-10 5.184339437945383545e-10 3.904551228050666917e-10 2.807204408338205300e-10 1.902441636282465312e-10 1.186561714894584334e-10 6.365924917171958275e-11 2.131138625384327094e-11 -1.066124066804430599e-11 -3.453566571677449898e-11 -5.299925939197823844e-11 -6.789831441302119510e-11 3.830242168230904790e-11 3.911700204316825332e-11 4.116725311539899388e-11 4.512343281378889979e-11 5.156395374332545092e-11 6.072070679521387385e-11 7.258734101430183782e-11 8.722617688869147697e-11 1.039562998079754932e-10 1.212130877254611455e-10 1.359173420081078802e-10 1.395288327533211706e-10 1.234527868227549022e-10 9.909640332147840416e-11 7.521961241139975951e-11 5.464126790515434645e-11 3.757072780015816531e-11 2.397262823729412371e-11 1.344963167230826631e-11 5.283323543653365650e-12 -9.346137489737434459e-13 -5.619425954078679473e-12 -9.259477465235971559e-12 -1.214750032506611495e-11
8.264800661169321881e-11 8.522244308360898550e-11 8.911053475079443900e-11 9.455801431000772395e-11 1.020946598371398422e-10 1.120792156639796951e-10 1.246889520786149616e-10 1.401748294771014484e-10 1.580785512436198468e-10 1.773462105781049074e-10 1.963825222051769228e-10 2.111481595654040237e-10 2.128340549171320105e-10 1.917202190047627397e-10 1.608521114133187352e-10 1.297105879648750813e-10 1.010423762226394835e-10 7.622918038797770200e-11 5.556330423746723080e-11 3.838681702397774987e-11 2.443530299853166839e-11 1.331913808487570270e-11 4.381287872000642886e-12 -2.700674384732418209e-12 4.020512800353624953e-09 4.039473866744752278e-09 4.146882637656770028e-09 4.404185260426407725e-09 4.862314112387063585e-09 5.543807707671487860e-09 6.451466210158324568e-09 7.596856549304046528e-09 8.946344288850804826e-09 1.042724666662565008e-08 1.192969133228318591e-08 1.315126631438587386e-08 1.341362214738142381e-08 1.200114924772192622e-08 9.874535472857833316e-09 7.752133254758845328e-09 5.835828617116877436e-09 4.213735002874881550e-09 2.894673861872829265e-09 1.825675106597293887e-09 9.801324954855552830e-10 3.247226668135468329e-10 -1.879178988349793720e-10 -5.840612088359585207e-10 1.268506026750258187e-08 1.238316672725223553e-08 1.258280263610284462e-08 1.356173324912010758e-08 1.547921348463192661e-08 1.839088187959688158e-08 2.228894801981965634e-08 2.724259114246748393e-08 3.314359934447611371e-08 3.975390293146146749e-08 4.670649885734783133e-08 5.286060497974252131e-08 5.527661160494693829e-08 4.837705471510702410e-08 3.890100217778539242e-08 2.985980029102742456e-08 2.192547634469670183e-08 1.536248424925044717e-08 1.013083234628215751e-08 5.970667879020202586e-09 2.738096640650680339e-09 2.760459625744802712e-10 -1.619381184378279524e-09 -3.067168569065883449e-09 1.923544519780857141e-09 1.862043171539188495e-09 1.913548696193789905e-09 2.132548093759769991e-09 2.547649846597818073e-09 3.166370527231685583e-09 3.987173264307419831e-09 5.024061026824547882e-09 6.255688942503515237e-09 7.628482429732736265e-09 9.055624130582954498e-09 1.026295047683120847e-08 1.060184877790306870e-08 9.407265690832646575e-09 7.570467481403478752e-09 5.768662548694258385e-09 4.180839621591959725e-09 2.871423335016687195e-09 1.834801974377725385e-09 1.017232268962574882e-09 3.880192416119523945e-10 -8.681429635154748900e-11 -4.497083848817396765e-10 -7.273452600767845443e-10 9.723701426689208664e-11 9.563839075950850779e-11 1.008034745356478939e-10 1.162192044914009438e-10 1.438935276302430295e-10 1.844246346783013317e-10 2.378530350223434784e-10 3.052653225092012670e-10 3.854818220505308365e-10 4.752510001156930953e-10 5.691576911886060918e-10 6.493632004908481543e-10 6.728759370840840799e-10 5.957331358234767831e-10 4.767602900647428735e-10 3.606779532327427133e-10 2.590358710030174183e-10 1.757536044602519267e-10 1.102380103706674393e-10 5.888674088498822817e-11 1.960268725220448236e-11 -9.888200519621014227e-12 -3.237364078864323855e-11 -4.967138680694747121e-11 2.162968220208614752e-11 2.175978746905786595e-11 2.301021355489701463e-11 2.597524144573813761e-11 3.110091741796449613e-11 3.855842802889663480e-11 4.837876140982331356e-11 6.075842681366777850e-11 7.546200324284885721e-11 9.186689533735746967e-11 1.089537674583226756e-10 1.234527868227549022e-10 1.275346832426511516e-10 1.131275631429976819e-10 9.102304632690727117e-11 6.938332533723483803e-11 5.033425309993605354e-11 3.463105066164167362e-11 2.219712794977588210e-11 1.238386576603374970e-11 4.820991094204333459e-12 -9.023828746653544317e-13 -5.303743086826329995e-12 -8.704328493640060980e-12
6.057256090725312578e-11 6.140609375986337258e-11 6.327594937770051088e-11 6.669623650375721767e-11 7.221711252090429606e-11 8.016294825616900157e-11 9.067617489252261295e-11 1.040179285692044467e-10 1.199747603863925124e-10 1.380217652432390602e-10 1.575983411049634514e-10 1.767327012969403093e-10 1.917202190047627397e-10 1.945550620623330262e-10 1.760187359321109839e-10 1.482945588770125513e-10 1.195809655293760469e-10 9.324749246036220093e-11 7.056293024260439448e-11 5.128786968437619267e-11 3.538092270447393337e-11 2.255002596014358931e-11 1.213272362008367838e-11 3.821612534712188241e-12 2.544874648744498603e-09 2.470173908077173385e-09 2.490877287014872373e-09 2.665295670935825651e-09 3.026822538363351028e-09 3.586816425384905259e-09 4.345671391446472680e-09 5.318413005573327245e-09 6.491634145138531666e-09 7.833609157436765166e-09 9.313358048329715116e-09 1.079452185117258211e-08 1.200114924772192788e-08 1.232001095897602451e-08 1.106960170437355829e-08 9.148009852315688076e-09 7.181616460309565116e-09 5.414333076915041823e-09 3.926388937380827672e-09 2.692336268664074732e-09 1.699260263943253425e-09 9.187901444665372779e-10 3.017227545873446536e-10 -1.777720994267664408e-10 6.410494469162328375e-09 6.096284019165966696e-09 6.212098185760440955e-09 6.999043817071729258e-09 8.576579820226767630e-09 1.097380578318434012e-08 1.419661355477830119e-08 1.832176857980640622e-08 2.332807713576699052e-08 2.912244010237242743e-08 3.564731449654491043e-08 4.241224458181234122e-08 4.837705471510702410e-08 5.089743142659695791e-08 4.473233056954855936e-08 3.613453488585950421e-08 2.773660801941095073e-08 2.040522722943585675e-08 1.437375243177628784e-08 9.468569397612267395e-09 5.593631772975405962e-09 2.600302896638706809e-09 2.738156027642734480e-10 -1.506207726827564585e-09 5.820409479134726608e-10 5.922968786060028372e-10 6.737484789748134690e-10 8.743479517753453365e-10 1.225269312509099645e-09 1.736912535245146941e-09 2.412582503810620416e-09 3.271496684743280921e-09 4.310130843635408234e-09 5.510717781917143485e-09 6.857702587467136326e-09 8.239691634310135559e-09 9.407265690832646575e-09 9.776196512096774406e-09 8.711107733495892061e-09 7.044495097937058611e-09 5.369843028852440127e-09 3.901043623815071963e-09 2.695803980420992419e-09 1.721954274840384698e-09 9.586881094010306422e-10 3.746089364951264483e-10 -7.525609424917203048e-11 -4.169659240245330477e-10 1.134375748634095627e-11 1.574312643012512680e-11 2.405917771964179054e-11 3.884221180362503722e-11 6.245949002486037013e-11 9.592377828860905418e-11 1.396790630053320172e-10 1.951440684519176232e-10 2.622618210722519182e-10 3.400762386711430613e-10 4.278061532391506746e-10 5.184339437945383545e-10 5.957331358234767831e-10 6.209749650010928791e-10 5.521094840176942267e-10 4.440583020415973925e-10 3.360669151851920054e-10 2.419493131078965469e-10 1.652119945928990407e-10 1.035983259202413965e-10 5.560966559593821680e-11 1.910920940458648867e-11 -8.856724435320217917e-12 -3.004849801758195768e-11 6.319546985262833028e-12 6.844837178673724507e-12 8.261907655445137858e-12 1.095505279142173058e-11 1.528443689439982900e-11 2.143886669685427820e-11 2.950754101042977077e-11 3.974498863647367675e-11 5.212431988565369543e-11 6.644725272741583629e-11 8.254312889567520256e-11 9.909640332147840416e-11 1.131275631429976819e-10 1.175775391038582165e-10 1.047329801047831537e-10 8.467316255801387614e-11 6.455575601654300528e-11 4.693117177309967700e-11 3.247674538696245325e-11 2.079810395984981901e-11 1.164105321324949813e-11 4.625844497052389325e-12 -7.915446624169135276e-13 -4.931543632795440040e-12
4.086973490754442576e-11 4.071227533337985175e-11 4.143516051550133480e-11 4.365864750968581861e-11 4.787469338368940084e-11 5.433195102011775942e-11 6.312332258472159559e-11 7.448528042644346056e-11 8.832684422345132090e-11 1.043960895820732778e-10 1.226191631534501466e-10 1.420412154935020458e-10 1.608521114133187352e-10 1.760187359321109839e-10 1.796708865339471979e-10 1.632413954055820160e-10 1.376527317347257734e-10 1.111839872075155808e-10 8.700441453826413014e-11 6.574862381318503235e-11 4.781095262906454971e-11 3.310575086404053510e-11 2.101497666733949800e-11 1.127114799312431374e-11 1.121190075783360467e-09 1.087644050342627545e-09 1.123292825145413623e-09 1.279518904204402513e-09 1.587538277308147770e-09 2.057913273949812931e-09 2.692780557529265167e-09 3.509032937518224583e-09 4.503872159126573152e-09 5.665868328599195899e-09 6.998670698433257471e-09 8.442991815276145499e-09 9.874535472857833316e-09 1.106960170437355664e-08 1.142509208712447648e-08 1.030815924841987893e-08 8.526235721815865010e-09 6.707112074664023071e-09 5.079499693192383788e-09 3.681218727056165695e-09 2.529145285595633408e-09 1.607681157713270542e-09 8.689529513238607899e-10 2.887726263845796141e-10 3.627371086049859320e-10 6.073178802454960328e-10 1.050236652261592912e-09 1.886235258737002191e-09 3.279836907249516729e-09 5.298023805977368245e-09 7.964416921142043208e-09 1.137217944542443322e-08 1.553093284395276495e-08 2.042882411781836276e-08 2.612213688424813811e-08 3.242776805696363714e-08 3.890100217778539242e-08 4.473233056954855936e-08 4.732266212927373605e-08 4.175213607548627188e-08 3.375343276709556608e-08 2.596718949642951066e-08 1.920115112109430457e-08 1.352041389130424815e-08 8.929792540745990123e-09 5.324921705416877003e-09 2.483811513067106130e-09 2.903311267694130178e-10 -6.515114205119162058e-10 -5.057785855925966251e-10 -3.267827779146571097e-10 -9.695674354692845497e-11 2.230429000809543893e-10 6.560247789123347001e-10 1.213686316722082292e-09 1.918510444922266160e-09 2.775652644646898641e-09 3.783771505545586038e-09 4.956075817903287919e-09 6.251884333054478748e-09 7.570467481403478752e-09 8.711107733495892061e-09 9.098738568772448248e-09 8.142148506896147267e-09 6.591053773116069960e-09 5.036548760079453802e-09 3.678993511002011079e-09 2.541950113035582624e-09 1.628989910544489972e-09 9.176793245205498536e-10 3.623489978548087072e-10 -6.256793008769868773e-11 -6.449764951524557245e-11 -5.254226611816732882e-11 -3.795518746329661462e-11 -2.082726914716303170e-11 1.042664235243235552e-12 2.942829844063784102e-11 6.541804042432597145e-11 1.106698242829814144e-10 1.656766542543790385e-10 2.305231772532613402e-10 3.062553639440457003e-10 3.904551228050666917e-10 4.767602900647428735e-10 5.521094840176942267e-10 5.783753062952780834e-10 5.164204014805040778e-10 4.157466997873717957e-10 3.154069752477812463e-10 2.283436759501496106e-10 1.558934927842378060e-10 9.809340725298234939e-11 5.334401428710351175e-11 1.862010306490919943e-11 -7.808252193977515289e-12 -7.354788580773258609e-12 -5.831545413484064527e-12 -3.670522209457480325e-12 -7.485352015494853006e-13 3.217937070701393829e-12 8.445528759335642331e-12 1.510717085962885754e-11 2.350227087531682581e-11 3.370992721942377348e-11 4.572709232263117537e-11 5.972234629924460533e-11 7.521961241139975951e-11 9.102304632690728409e-11 1.047329801047831537e-10 1.094043365987843490e-10 9.786193398109891361e-11 7.918812581110832209e-11 6.051307423321076235e-11 4.422560599886702300e-11 3.059346763077968738e-11 1.965030200700900297e-11 1.112165085779291142e-11 4.456237957688799325e-12 -6.568937990777720875e-13
2.255958772592971335e-11 2.243260404370991452e-11 2.300392113013153351e-11 2.482409272089109769e-11 2.833866584621574854e-11 3.376892165628173196e-11 4.119811005195557459e-11 5.084797041525951341e-11 6.269793579539309969e-11 7.664308500819923099e-11 9.283062821116340822e-11 1.108142967850405827e-10 1.297105879648750554e-10 1.482945588770125513e-10 1.632413954055820160e-10 1.672523106012701877e-10 1.521881430957537434e-10 1.285537522157996659e-10 1.041799620599215580e-10 8.145775506265577655e-11 6.161659834639396959e-11 4.498084904117605726e-11 3.107800364916604719e-11 1.973063637775820382e-11 -2.214646780371265311e-10 -1.306204608512494142e-10 -3.932458249925544240e-12 1.853299721024280738e-10 4.741332013365884005e-10 8.821750238909492329e-10 1.418255875390133273e-09 2.101695603443833443e-09 2.935784706885254775e-09 3.919370050220053924e-09 5.070404817367469320e-09 6.366036172830899264e-09 7.752133254758845328e-09 9.148009852315688076e-09 1.030815924841987893e-08 1.067281655747939781e-08 9.642398565176110717e-09 7.990737050827832374e-09 6.310795134752125097e-09 4.777026115137420505e-09 3.467894042811715436e-09 2.395881273750840431e-09 1.521437732671375126e-09 8.252611349685609243e-10 -5.039924084052609368e-09 -4.171584677914233836e-09 -3.185391925394164065e-09 -2.099786952316145527e-09 -7.432618844523056186e-10 1.015292546948262406e-09 3.250440798487227325e-09 6.064180118859294524e-09 9.493611567029776008e-09 1.355544446504943771e-08 1.835876373394340435e-08 2.384864033994959774e-08 2.985980029102742456e-08 3.613453488585950421e-08 4.175213607548626527e-08 4.429314967806884267e-08 3.912015079478866685e-08 3.168638254016978427e-08 2.448117875309986188e-08 1.809249196471669582e-08 1.276367169801792363e-08 8.483956392167154869e-09 5.056733257398655336e-09 2.374416809850325610e-09 -1.669532620181951829e-09 -1.431851969075045254e-09 -1.149570177155205485e-09 -8.564033930466690110e-10 -5.337043260492390688e-10 -1.506194479498601471e-10 3.168735816033123800e-10 8.960550435785996751e-10 1.597395133100965186e-09 2.427550671589655688e-09 3.410407152724086428e-09 4.536411059918796733e-09 5.768662548694258385e-09 7.044495097937060265e-09 8.142148506896147267e-09 8.526459372806365146e-09 7.638499054484643801e-09 6.195170851474433811e-09 4.754683953034675427e-09 3.471232347654275987e-09 2.403341517190478820e-09 1.551262552096089800e-09 8.742418817991814961e-10 3.493690969932033090e-10 -1.242341808827069235e-10 -1.083664043072179700e-10 -8.864609695190236955e-11 -6.771389604056226647e-11 -4.535983635965700067e-11 -1.998895417332930029e-11 1.019226312627917930e-11 4.722424493113062966e-11 9.197410978244684698e-11 1.450352079655729727e-10 2.080997485016377312e-10 2.807204408338205817e-10 3.606779532327426616e-10 4.440583020415973925e-10 5.164204014805040778e-10 5.422796354213293464e-10 4.846678941542544284e-10 3.909053154339880250e-10 2.978663243036722189e-10 2.155142223545549511e-10 1.474418088755868539e-10 9.347689025908826862e-11 5.087181706902962758e-11 1.804476521951424494e-11 -1.865276735212566150e-11 -1.629081224268159205e-11 -1.330556387279271975e-11 -9.912918860179805922e-12 -5.977095576927973344e-12 -1.314969492746140910e-12 4.295796832356007446e-12 1.120374749591986939e-11 1.955946837744656027e-11 2.945661978804859849e-11 4.118715278012011615e-11 5.464126790515434645e-11 6.938332533723483803e-11 8.467316255801387614e-11 9.786193398109892654e-11 1.024888521311550140e-10 9.177267981275798077e-11 7.439814942832264565e-11 5.709713554920378479e-11 4.170393929806939732e-11 2.890595625816381100e-11 1.869696777422395189e-11 1.058319175674099174e-11 4.286307474972471098e-12
5.165855756194087898e-12 5.838530934549631638e-12 7.064075995761929670e-12 9.138151365664161906e-12 1.243832450381316371e-11 1.720701741064055901e-11 2.357229072051943317e-11 3.176961293093008290e-11 4.183135647329162119e-11 5.373948496422703637e-11 6.773614647711556884e-11 8.363988969528194837e-11 1.010423762226394835e-10 1.195809655293760469e-10 1.376527317347257734e-10 1.521881430957537434e-10 1.565422641381301131e-10 1.428631126089471783e-10 1.211115143695069473e-10 9.815753580049520270e-11 7.687279686539091583e-11 5.839340291981467337e-11 4.259288920425608237e-11 2.948120234735399359e-11 -1.413279296042503343e-09 -1.210025716769427473e-09 -9.680481035122810485e-10 -7.075530519326520204e-10 -4.057883467933890084e-10 -3.493092087247326540e-11 4.251007020879348978e-10 9.984562186485496248e-10 1.693097579356756076e-09 2.513641310585137082e-09 3.483404471491135789e-09 4.597505280606383611e-09 5.835828617116878263e-09 7.181616460309566771e-09 8.526235721815863356e-09 9.642398565176110717e-09 1.002073767499267238e-08 9.080492385743448547e-09 7.555062960307793615e-09 5.967931892432744003e-09 4.526617616765475624e-09 3.303352881316012695e-09 2.281667559529761396e-09 1.454022869470030629e-09 -9.388583227218083626e-09 -8.231528264731856617e-09 -6.814127390700959548e-09 -5.369490507549947100e-09 -3.897914081769525252e-09 -2.271654051908263649e-09 -3.577968864981499497e-10 1.978887701628208327e-09 4.791828760549375150e-09 8.122697380179068880e-09 1.208926494536606225e-08 1.670569205764570595e-08 2.192547634469669852e-08 2.773660801941095073e-08 3.375343276709556608e-08 3.912015079478866023e-08 4.164099343448223813e-08 3.689372201086698611e-08 3.000665214288514104e-08 2.318403394058372109e-08 1.716932462305557243e-08 1.218203869106278357e-08 8.097085991342083099e-09 4.848661850788804245e-09 -2.417082852080004970e-09 -2.166106719880106733e-09 -1.837938741501259333e-09 -1.485166449295608617e-09 -1.131275787672377974e-09 -7.671688325706101729e-10 -3.628421370667560056e-10 1.170417402806933624e-10 6.888910184812675275e-10 1.364482151715772654e-09 2.170952982386129318e-09 3.112603546055088059e-09 4.180839621591959725e-09 5.369843028852440127e-09 6.591053773116069960e-09 7.638499054484643801e-09 8.025562603677520664e-09 7.210222553242117383e-09 5.872073561061446958e-09 4.506933796939032038e-09 3.297555339165010656e-09 2.297235735996098281e-09 1.483250894062529098e-09 8.410436706802358382e-10 -1.661492160101047891e-10 -1.506723447040900023e-10 -1.297839747726565855e-10 -1.063693291579842177e-10 -8.227193233030578901e-11 -5.784043526661637986e-11 -3.152619646151173675e-11 -8.490265904282702769e-13 3.550408223794180330e-11 7.847011461089041092e-11 1.299159600204793858e-10 1.902441636282465312e-10 2.590358710030174183e-10 3.360669151851919537e-10 4.157466997873719508e-10 4.846678941542544284e-10 5.105722597489234518e-10 4.576072707365780963e-10 3.706226168910160209e-10 2.824100814485056504e-10 2.047826816508012065e-10 1.409993227543547402e-10 8.943521979158112713e-11 4.901327875247640571e-11 -2.718499437775430320e-11 -2.457134366969586577e-11 -2.114509204956722126e-11 -1.732786544058184146e-11 -1.324249645696325420e-11 -8.847652231969109591e-12 -3.952531428172525159e-12 1.804476007817204659e-12 8.635475232603046701e-12 1.669926209938560683e-11 2.632631969941290803e-11 3.757072780015817177e-11 5.033425309993606000e-11 6.455575601654300528e-11 7.918812581110833502e-11 9.177267981275798077e-11 9.643413307198919074e-11 8.659761568235890675e-11 7.049370144696326128e-11 5.410238060991574710e-11 3.960194454397094929e-11 2.761750072295922731e-11 1.786797252884097490e-11 1.017359015951132674e-11
-1.058453196951194448e-11 -8.921272874611537380e-12 -6.682799506400859565e-12 -3.920454891949332536e-12 -4.303308568677071538e-13 4.010816742179408591e-12 9.599312402155467877e-12 1.661773495520614810e-11 2.515158547675533873e-11 3.524158349828973842e-11 4.716538233126202829e-11 6.088168158227609356e-11 7.622918038797770200e-11 9.324749246036220093e-11 1.111839872075155808e-10 1.285537522157996659e-10 1.428631126089471783e-10 1.474607491423359018e-10 1.349861523612347292e-10 1.144970311615216105e-10 9.295241302190470214e-11 7.307834722120703391e-11 5.548057083526384548e-11 4.053824297111549607e-11 -2.352036710040768530e-09 -2.104441056361425622e-09 -1.788334973482010563e-09 -1.452077799020589965e-09 -1.109665667496103710e-09 -7.479119553348750525e-10 -3.395036334930341677e-10 1.475710459603677964e-10 7.268282930455556563e-10 1.407242868864100856e-09 2.213757262694088181e-09 3.150462396958546467e-09 4.213735002874881550e-09 5.414333076915041823e-09 6.707112074664023071e-09 7.990737050827832374e-09 9.080492385743448547e-09 9.466515608226677574e-09 8.604271576998098393e-09 7.162180763478093728e-09 5.667825650801179553e-09 4.318083528665174355e-09 3.149823464594704469e-09 2.180887291374061591e-09 -1.241314860342411193e-08 -1.130808772434628545e-08 -9.804519849364060986e-09 -8.127755212142488390e-09 -6.450801709156639386e-09 -4.813613020545706454e-09 -3.094888305844052665e-09 -1.119431161673905774e-09 1.199422331880517594e-09 3.920130158120503865e-09 7.165809284494951756e-09 1.097513352103886760e-08 1.536248424925044717e-08 2.040522722943585675e-08 2.596718949642951066e-08 3.168638254016978427e-08 3.689372201086698611e-08 3.939482171723559263e-08 3.499940909509998485e-08 2.847183312342018291e-08 2.203752435472991961e-08 1.639764978946758523e-08 1.162918123299470531e-08 7.751119154081911482e-09 -2.884585201053488112e-09 -2.671029684464081852e-09 -2.366478567696223329e-09 -2.004261957827532036e-09 -1.621741479184558944e-09 -1.249101590650418742e-09 -8.774115523513625832e-10 -4.686377303030548507e-10 1.686366194174072878e-12 5.507315948013332317e-10 1.206304096460145839e-09 1.978625464576122651e-09 2.871423335016687195e-09 3.901043623815071963e-09 5.036548760079453802e-09 6.195170851474434638e-09 7.210222553242115729e-09 7.595889648769138095e-09 6.843927126524945794e-09 5.575092080316214800e-09 4.286807818590114708e-09 3.152093710110820492e-09 2.195120451571800228e-09 1.421993357440073125e-09 -1.909426720313649373e-10 -1.782414346888010093e-10 -1.598197670333477330e-10 -1.372564984300185340e-10 -1.124851986803356435e-10 -8.771856796511062921e-11 -6.321272340405899709e-11 -3.686850684692122102e-11 -6.950122764129614726e-12 2.786123168328168602e-11 6.947600747282298209e-11 1.186561714894584334e-10 1.757536044602519267e-10 2.419493131078965469e-10 3.154069752477812463e-10 3.909053154339880767e-10 4.576072707365780963e-10 4.833272427729767311e-10 4.344365409619795620e-10 3.519228735747572549e-10 2.686528202592400554e-10 1.958034371349921523e-10 1.347740620729724221e-10 8.579026740477213526e-11 -3.276727194627308353e-11 -3.041803731228156209e-11 -2.712859621767450867e-11 -2.324587037063681169e-11 -1.904779617130304862e-11 -1.473536549753649687e-11 -1.025519060213324507e-11 -5.302590907462378434e-12 3.523820956005373825e-13 6.922679055505344995e-12 1.475327101141587962e-11 2.397262823729412048e-11 3.463105066164168008e-11 4.693117177309967700e-11 6.051307423321076235e-11 7.439814942832264565e-11 8.659761568235890675e-11 9.124697466603382822e-11 8.217901976760357837e-11 6.691317589732067747e-11 5.144823401576173499e-11 3.784599107172670151e-11 2.638299698543223309e-11 1.712405343845571257e-11
-2.382661323557692810e-11 -2.147390877291789898e-11 -1.837514433668999396e-11 -1.483612975887447583e-11 -1.089770777694178543e-11 -6.480033942458129939e-12 -1.379977414816639327e-12 4.738317883848352157e-12 1.202209953153221659e-11 2.056447718923183795e-11 3.065623624295694896e-11 4.233312378375992853e-11 5.556330423746723727e-11 7.056293024260439448e-11 8.700441453826415599e-11 1.041799620599215709e-10 1.211115143695069473e-10 1.349861523612346775e-10 1.395707278866246827e-10 1.278471275837666961e-10 1.085852155371622174e-10 8.843374491876439709e-11 6.948088493150014187e-11 5.281712300945039465e-11 -3.002174920395206405e-09 -2.769098850534586075e-09 -2.446761178864996344e-09 -2.075345663647873921e-09 -1.689806135897244287e-09 -1.311536635851284867e-09 -9.274849076918803416e-10 -5.016365999330980337e-10 -1.305781409978412001e-11 5.524062611345200293e-10 1.220495746418678073e-09 1.999837617429934264e-09 2.894673861872829265e-09 3.926388937380827672e-09 5.079499693192382961e-09 6.310795134752124270e-09 7.555062960307793615e-09 8.604271576998098393e-09 8.980248427892245488e-09 8.165180282627491788e-09 6.805110876281793034e-09 5.403825359370984928e-09 4.113764598853491986e-09 3.005247600809730615e-09 -1.420221669970064662e-08 -1.330670570584898432e-08 -1.199447206775275724e-08 -1.037190818694886078e-08 -8.593970831993158713e-09 -6.857059335932380545e-09 -5.194389517333074394e-09 -3.452255606779243984e-09 -1.506502478839497244e-09 7.309869129270208489e-10 3.383475506102808895e-09 6.505094370532266063e-09 1.013083234628215751e-08 1.437375243177628784e-08 1.920115112109430127e-08 2.448117875309986849e-08 3.000665214288513443e-08 3.499940909509998485e-08 3.739716703751297588e-08 3.322654524147809595e-08 2.706180696630710963e-08 2.102305490940607094e-08 1.562854388475161599e-08 1.110128145501218594e-08 -3.118611086667587866e-09 -2.956754814965022042e-09 -2.712313451592262272e-09 -2.395221820942768110e-09 -2.025278035837061589e-09 -1.644005533612047031e-09 -1.277774420093095731e-09 -9.089931055472228422e-10 -5.110549527316942150e-10 -6.000146117217602533e-11 4.732664839629891191e-10 1.101859250136400146e-09 1.834801974377725385e-09 2.695803980420992832e-09 3.678993511002011079e-09 4.754683953034675427e-09 5.872073561061446958e-09 6.843927126524944967e-09 7.214124593190695644e-09 6.500196849098772846e-09 5.301117581839827077e-09 4.091380480337775954e-09 3.005658984471832840e-09 2.096829977107489605e-09 -2.019985992501486449e-10 -1.925623306307109412e-10 -1.781884566088491797e-10 -1.592380806657214847e-10 -1.364970776326103937e-10 -1.121569208743046230e-10 -8.813020051060870094e-11 -6.402781719752785856e-11 -3.849898692423777767e-11 -9.885617962041873684e-12 2.384637481593982033e-11 6.365924917171958275e-11 1.102380103706674393e-10 1.652119945928990148e-10 2.283436759501496106e-10 2.978663243036722189e-10 3.706226168910160209e-10 4.344365409619795620e-10 4.590771823085223625e-10 4.126327587630255732e-10 3.346387249978958090e-10 2.564362443625695720e-10 1.867249963471796110e-10 1.287589829759820783e-10 -3.576596040673309250e-11 -3.390643609861242718e-11 -3.115438883246617080e-11 -2.766415161410281262e-11 -2.363847171444854644e-11 -1.941044407374617773e-11 -1.514899522178680221e-11 -1.069264188156546161e-11 -5.863662670637535890e-12 -4.367279699610258259e-13 5.944042000651298637e-12 1.344963167230826308e-11 2.219712794977587887e-11 3.247674538696245325e-11 4.422560599886702300e-11 5.709713554920378479e-11 7.049370144696324836e-11 8.217901976760357837e-11 8.664577564964929026e-11 7.803975564728635866e-11 6.361608330975803640e-11 4.909620850214406751e-11 3.608246948202287117e-11 2.519659684040820677e-11
-3.428903250723306032e-11 -3.170630192124270959e-11 -2.819626725336654977e-11 -2.412841033150347892e-11 -1.971936148065156102e-11 -1.511221097595247671e-11 -1.022783957644061978e-11 -4.740525084991546709e-12 1.550343708300675608e-12 8.797261090202661433e-12 1.730387087549780153e-11 2.715390207170600123e-11 3.838681702397774987e-11 5.128786968437617975e-11 6.574862381318503235e-11 8.145775506265577655e-11 9.815753580049521562e-11 1.144970311615216105e-10 1.278471275837667478e-10 1.325088630029902444e-10 1.216357310794378544e-10 1.036312924540557277e-10 8.438875649287688438e-11 6.640116137806133784e-11 -3.401087722235613251e-09 -3.210144315071167860e-09 -2.930073021209932185e-09 -2.579676025113226036e-09 -2.184801862649765307e-09 -1.785647145363340874e-09 -1.401184963549488550e-09 -1.010146666176436330e-09 -5.883130857792034125e-10 -1.146362055469867036e-10 4.384849825811285155e-10 1.082562577702982871e-09 1.825675106597293474e-09 2.692336268664075146e-09 3.681218727056165695e-09 4.777026115137420505e-09 5.967931892432744003e-09 7.162180763478092900e-09 8.165180282627491788e-09 8.539942299707491244e-09 7.780406109263843437e-09 6.505627533875435014e-09 5.164668327403762040e-09 3.938025153233425028e-09 -1.504595833859435096e-08 -1.438332668985025771e-08 -1.336780502480175835e-08 -1.201459606949026931e-08 -1.037411024973227508e-08 -8.618758827835107536e-09 -6.923241832819314273e-09 -5.277711073969676545e-09 -3.581727135725900570e-09 -1.714123738801961215e-09 4.609839199543747677e-10 3.006421343267277205e-09 5.970667879020202586e-09 9.468569397612265741e-09 1.352041389130424318e-08 1.809249196471669582e-08 2.318403394058372770e-08 2.847183312342018291e-08 3.322654524147810257e-08 3.556746178101051568e-08 3.167203295958230876e-08 2.588517164852814374e-08 2.010072536725598029e-08 1.496803943988068161e-08 -3.184681687157651584e-09 -3.070510825756980102e-09 -2.891942818765806401e-09 -2.646372473498313357e-09 -2.333894589846577918e-09 -1.977954147105206440e-09 -1.614515068627377612e-09 -1.258568863339158371e-09 -9.032704038926096483e-10 -5.235861997445440622e-10 -8.702168097486488420e-11 4.226245379084513262e-10 1.017232268962575089e-09 1.721954274840384698e-09 2.541950113035582624e-09 3.471232347654275574e-09 4.506933796939032038e-09 5.575092080316215627e-09 6.500196849098772846e-09 6.865136869810711348e-09 6.197970882759848867e-09 5.072378629290530612e-09 3.913446266091200713e-09 2.880162002460633530e-09 -2.033583945280515008e-10 -1.968114742652685518e-10 -1.865237046030385111e-10 -1.722424655256109168e-10 -1.537483448022887440e-10 -1.320508359475714479e-10 -1.090188464318853004e-10 -8.581481787151753938e-11 -6.270593887148371160e-11 -3.843935281134786442e-11 -1.083519376980220883e-11 2.131138625384327094e-11 5.888674088498822817e-11 1.035983259202413965e-10 1.558934927842378060e-10 2.155142223545549511e-10 2.824100814485056504e-10 3.519228735747572549e-10 4.126327587630256249e-10 4.368880040348805402e-10 3.934720935071610539e-10 3.202426206972077497e-10 2.453101984425878224e-10 1.789528617663968773e-10 -3.682932964367396455e-11 -3.547613762419671612e-11 -3.339299793984726999e-11 -3.058942190604624459e-11 -2.710443918786580882e-11 -2.318531530267833299e-11 -1.912019687984312862e-11 -1.496138240688725359e-11 -1.066563255356390719e-11 -6.061414565463140210e-12 -8.126857877215194479e-13 5.283323543653365650e-12 1.238386576603374970e-11 2.079810395984981254e-11 3.059346763077968738e-11 4.170393929806939732e-11 5.410238060991574710e-11 6.691317589732067747e-11 7.803975564728635866e-11 8.244524640543177788e-11 7.440463048911494016e-11 6.086574060335363158e-11 4.695584623100402660e-11 3.457053603644314385e-11
-4.177954360781361751e-11 -3.934757190269686973e-11 -3.591162975372402607e-11 -3.175667800530224429e-11 -2.712132887045703488e-11 -2.230549743882038136e-11 -1.743199227204319324e-11 -1.230214552668757839e-11 -6.728455452842955937e-12 -5.086689442617749775e-13 6.683634095914537800e-12 1.497064968504405558e-11 2.443530299853166839e-11 3.538092270447393983e-11 4.781095262906454324e-11 6.161659834639396959e-11 7.687279686539091583e-11 9.295241302190470214e-11 1.085852155371622174e-10 1.216357310794378286e-10 1.263357418292623842e-10 1.162280674216498479e-10 9.903533661039949966e-11 8.075376469232669550e-11 -3.594922476048735349e-09 -3.450570343828488287e-09 -3.230602028069336190e-09 -2.938350738321953161e-09 -2.581084348269237566e-09 -2.189323388977732200e-09 -1.798700991599501023e-09 -1.417367088611020546e-09 -1.035258775815240284e-09 -6.286618291690763565e-10 -1.663197614598243888e-10 3.664379826117164143e-10 9.801324954855550762e-10 1.699260263943253425e-09 2.529145285595633408e-09 3.467894042811715436e-09 4.526617616765475624e-09 5.667825650801179553e-09 6.805110876281793861e-09 7.780406109263843437e-09 8.152303826376208967e-09 7.443443646113347981e-09 6.223569773409952663e-09 4.947496397375717205e-09 -1.519870910451579492e-08 -1.473429777801505182e-08 -1.400313711306659867e-08 -1.298427902869787025e-08 -1.165393454467767292e-08 -1.008148778170507539e-08 -8.415357955707505230e-09 -6.773752949269046768e-09 -5.190469804545424162e-09 -3.570701011058981266e-09 -1.759061312986812880e-09 3.248352217457812196e-10 2.738096640650680339e-09 5.593631772975405962e-09 8.929792540745990123e-09 1.276367169801792197e-08 1.716932462305556912e-08 2.203752435472991961e-08 2.706180696630710963e-08 3.167203295958230876e-08 3.397136297404305269e-08 3.031243422368207819e-08 2.476847048317027914e-08 1.926053595860514638e-08 -3.135068338405984143e-09 -3.058448458565554342e-09 -2.936147250047545505e-09 -2.761678154275925044e-09 -2.525672977072649652e-09 -2.231584734631052177e-09 -1.898692977333326688e-09 -1.551004424925791853e-09 -1.211774328586197061e-09 -8.748958016888298962e-10 -5.088473296032897125e-10 -9.288828468443338860e-11 3.880192416119523945e-10 9.586881094010306422e-10 1.628989910544489972e-09 2.403341517190478820e-09 3.297555339165010242e-09 4.286807818590115535e-09 5.301117581839827077e-09 6.197970882759848867e-09 6.557170719807999710e-09 5.933208120573806017e-09 4.854934865818653171e-09 3.751153046231910197e-09 -1.981965240248926640e-10 -1.938979397631829183e-10 -1.870023044500603498e-10 -1.770762422635437105e-10 -1.634606110162013605e-10 -1.461390451121330014e-10 -1.259219485970534892e-10 -1.039794598668584021e-10 -8.197548020772726854e-11 -6.017376363151400323e-11 -3.687735552518723739e-11 -1.066124066804430599e-11 1.960268725220448236e-11 5.560966559593821680e-11 9.809340725298233647e-11 1.474418088755868539e-10 2.047826816508012065e-10 2.686528202592400554e-10 3.346387249978958090e-10 3.934720935071610022e-10 4.173168263279564103e-10 3.766966927041293591e-10 3.065293548038543282e-10 2.351484765557640253e-10 -3.651211276780426618e-11 -3.558308447469365806e-11 -3.411402311939121205e-11 -3.205030307065740823e-11 -2.932006514407373147e-11 -2.600335389941112949e-11 -2.230909714004722302e-11 -1.840432347855964380e-11 -1.443899352642891782e-11 -1.037068821047001465e-11 -5.935681600899180185e-12 -9.346137489737432440e-13 4.820991094204334267e-12 1.164105321324949813e-11 1.965030200700900297e-11 2.890595625816381100e-11 3.960194454397095575e-11 5.144823401576173499e-11 6.361608330975803640e-11 7.440463048911495308e-11 7.874142268970244297e-11 7.122130857518568020e-11 5.825123943849430116e-11 4.500307126587054605e-11
-4.653680535548949451e-11 -4.446199760568659247e-11 -4.143022967318386385e-11 -3.759745534916439669e-11 -3.311455346333475173e-11 -2.829278493593705410e-11 -2.339565519052622668e-11 -1.841332822308048422e-11 -1.327979867259346428e-11 -7.806783953756273852e-12 -1.649910450205455470e-12 5.352800235752174744e-12 1.331913808487569785e-11 2.255002596014358931e-11 3.310575086404054156e-11 4.498084904117605726e-11 5.839340291981468629e-11 7.307834722120703391e-11 8.843374491876439709e-11 1.036312924540557277e-10 1.162280674216498479e-10 1.207824242383410547e-10 1.111213373102155962e-10 9.476581690440943975e-11 -3.637675417898563022e-09 -3.533637839070497667e-09 -3.371336783909590779e-09 -3.147206923353387993e-09 -2.856438854849238557e-09 -2.510999538252237399e-09 -2.137262771593200167e-09 -1.758128205107378770e-09 -1.390556772124239609e-09 -1.024439120875085371e-09 -6.282357038649993113e-10 -1.829965610423900984e-10 3.247226668135467812e-10 9.187901444665373813e-10 1.607681157713270542e-09 2.395881273750840431e-09 3.303352881316012695e-09 4.318083528665174355e-09 5.403825359370985755e-09 6.505627533875435014e-09 7.443443646113347981e-09 7.800323408487084071e-09 7.120614509193957897e-09 5.958432716967462184e-09 -1.488760832765257004e-08 -1.457407583154326676e-08 -1.407330473824417536e-08 -1.335539390811964887e-08 -1.237358852667466894e-08 -1.112044357436182686e-08 -9.651323185706241580e-09 -8.060926294225590962e-09 -6.499236505982146312e-09 -4.997106251208951729e-09 -3.430844676652126137e-09 -1.698027487405185046e-09 2.760459625744802712e-10 2.600302896638706809e-09 5.324921705416877003e-09 8.483956392167154869e-09 1.218203869106278357e-08 1.639764978946758523e-08 2.102305490940607094e-08 2.588517164852814705e-08 3.031243422368207819e-08 3.250842486465456625e-08 2.899610167016767301e-08 2.371249350782343220e-08 -3.012785063698090232e-09 -2.963824299933894965e-09 -2.884570927485371252e-09 -2.768376950041606118e-09 -2.603908351965105941e-09 -2.384556939861020733e-09 -2.112088272333099148e-09 -1.796585433448084194e-09 -1.468483731727691561e-09 -1.149498621470600018e-09 -8.264726420762894237e-10 -4.787539709477995001e-10 -8.681429635154748900e-11 3.746089364951263966e-10 9.176793245205496468e-10 1.551262552096089593e-09 2.297235735996098281e-09 3.152093710110820492e-09 4.091380480337776781e-09 5.072378629290530612e-09 5.933208120573805190e-09 6.276327055592208575e-09 5.676998899831310370e-09 4.648920822268446094e-09 -1.890820109167306606e-10 -1.864318873999581952e-10 -1.820878525978441566e-10 -1.756206626252108863e-10 -1.663176338993202981e-10 -1.536982513373814859e-10 -1.376909158713222625e-10 -1.185941809532135312e-10 -9.798113191873984588e-11 -7.739658541775630958e-11 -5.659001178914299813e-11 -3.453566571677449252e-11 -9.888200519621014227e-12 1.910920940458649190e-11 5.334401428710350529e-11 9.347689025908826862e-11 1.409993227543547402e-10 1.958034371349921265e-10 2.564362443625695720e-10 3.202426206972077497e-10 3.766966927041293591e-10 3.994537474037430562e-10 3.604215101161976153e-10 2.935090465868094049e-10 -3.529999350032810931e-11 -3.469172340273461212e-11 -3.371050216067130827e-11 -3.228739848481365530e-11 -3.031282549310170388e-11 -2.775123015181733718e-11 -2.466272219051852604e-11 -2.115273481503097803e-11 -1.746436521608044269e-11 -1.373539812303870584e-11 -9.834667781987613541e-12 -5.619425954078679473e-12 -9.023828746653541288e-13 4.625844497052390133e-12 1.112165085779291142e-11 1.869696777422394866e-11 2.761750072295922085e-11 3.784599107172670797e-11 4.909620850214406751e-11 6.086574060335361866e-11 7.122130857518568020e-11 7.536360484948849589e-11 6.814007549624936117e-11 5.577387315154255605e-11
-4.910804176704471027e-11 -4.745707452467186177e-11 -4.497889991505150532e-11 -4.172446368909916249e-11 -3.773367013551975343e-11 -3.322328119040190353e-11 -2.846449654437850697e-11 -2.357848379459892549e-11 -1.867678071835896664e-11 -1.368826558592987799e-11 -8.303609761827911573e-12 -2.331918665244810302e-12 4.381287872000642078e-12 1.213272362008368161e-11 2.101497666733949800e-11 3.107800364916604719e-11 4.259288920425608883e-11 5.548057083526384548e-11 6.948088493150014187e-11 8.438875649287688438e-11 9.903533661039949966e-11 1.111213373102155962e-10 1.156542077209330511e-10 1.065676298716541799e-10 -3.576428139949263855e-09 -3.504491353117882142e-09 -3.390680048621458154e-09 -3.229564148510882414e-09 -3.011782472090917123e-09 -2.736380796554738839e-09 -2.412523328848206010e-09 -2.055043309043196080e-09 -1.693921964425310525e-09 -1.344784849528906660e-09 -9.901852574797933093e-10 -6.104469870613667671e-10 -1.879178988349793720e-10 3.017227545873446536e-10 8.689529513238607899e-10 1.521437732671375126e-09 2.281667559529761810e-09 3.149823464594704469e-09 4.113764598853492813e-09 5.164668327403762868e-09 6.223569773409952663e-09 7.120614509193958724e-09 7.473010173159994298e-09 6.832426286866120336e-09 -1.427755966227985349e-08 -1.407644120027523919e-08 -1.375194585780323620e-08 -1.327739625327886797e-08 -1.260302381771393028e-08 -1.169415015675125732e-08 -1.053707866716677182e-08 -9.148273605111165340e-09 -7.649802483874837495e-09 -6.181804611636967225e-09 -4.740791762491520641e-09 -3.252133518314455289e-09 -1.619381184378279731e-09 2.738156027642733446e-10 2.483811513067106130e-09 5.056733257398655336e-09 8.097085991342083099e-09 1.162918123299470531e-08 1.562854388475161930e-08 2.010072536725598029e-08 2.476847048317027914e-08 2.899610167016767301e-08 3.113751276414336902e-08 2.782530265974848966e-08 -2.846278565595612574e-09 -2.817717551063875977e-09 -2.770321899359831058e-09 -2.698259974814676945e-09 -2.591466085222291740e-09 -2.440830954161389356e-09 -2.239722663848533958e-09 -1.983905851089012174e-09 -1.689066741263743787e-09 -1.383502772247804133e-09 -1.080286966661426406e-09 -7.755568239750021207e-10 -4.497083848817396765e-10 -7.525609424917204341e-11 3.623489978548087072e-10 8.742418817991815995e-10 1.483250894062529098e-09 2.195120451571800228e-09 3.005658984471832840e-09 3.913446266091201541e-09 4.854934865818653171e-09 5.676998899831310370e-09 6.014263487878963230e-09 5.448664224805574282e-09 -1.776551399453124751e-10 -1.761977154071632185e-10 -1.737001503055105784e-10 -1.697927856299608903e-10 -1.638747460613079758e-10 -1.553850415243112935e-10 -1.438664921107237674e-10 -1.289116923777869485e-10 -1.111561804051564235e-10 -9.205197056849700887e-11 -7.256753728802977691e-11 -5.299925939197823844e-11 -3.237364078864323855e-11 -8.856724435320219533e-12 1.862010306490920589e-11 5.087181706902962758e-11 8.943521979158114005e-11 1.347740620729724480e-10 1.867249963471796110e-10 2.453101984425878224e-10 3.065293548038543282e-10 3.604215101161976153e-10 3.827681551916295347e-10 3.459215815244965964e-10 -3.352757704791042052e-11 -3.315472140604753837e-11 -3.254022823990399483e-11 -3.162105607366325626e-11 -3.029158700261825732e-11 -2.847044902726053554e-11 -2.611610600465914366e-11 -2.321331935095101043e-11 -1.993015780107382575e-11 -1.649192366213429687e-11 -1.294377532747720735e-11 -9.259477465235973174e-12 -5.303743086826330803e-12 -7.915446624169131237e-13 4.456237957688799325e-12 1.058319175674099174e-11 1.786797252884097490e-11 2.638299698543222986e-11 3.608246948202287117e-11 4.695584623100402013e-11 5.825123943849431408e-11 6.814007549624934825e-11 7.221116567213555461e-11 6.539425431075037208e-11
-4.995386128019029307e-11 -4.870327986730606797e-11 -4.678749868434193747e-11 -4.419638621099603610e-11 -4.088990306214206892e-11 -3.696582844613688896e-11 -3.260683950830637862e-11 -2.794569041118200652e-11 -2.320989697797042432e-11 -1.849618818183756373e-11 -1.361881249981889757e-11 -8.413801211436318280e-12 -2.700674384732418612e-12 3.821612534712188241e-12 1.127114799312431374e-11 1.973063637775820705e-11 2.948120234735399359e-11 4.053824297111548961e-11 5.281712300945039465e-11 6.640116137806135077e-11 8.075376469232668258e-11 9.476581690440943975e-11 1.065676298716541799e-10 1.110696528418499920e-10 -3.446542942710927539e-09 -3.398945802382105669e-09 -3.322904031292088103e-09 -3.213176821209245579e-09 -3.060057273412193973e-09 -2.856938808621444090e-09 -2.601499730678094954e-09 -2.294373823005666083e-09 -1.956764824975777319e-09 -1.616647940927208173e-09 -1.280986283214941791e-09 -9.429811098078628667e-10 -5.840612088359585207e-10 -1.777720994267664150e-10 2.887726263845796141e-10 8.252611349685609243e-10 1.454022869470030629e-09 2.180887291374060764e-09 3.005247600809730615e-09 3.938025153233425855e-09 4.947496397375718859e-09 5.958432716967460529e-09 6.832426286866118681e-09 7.180203542418240323e-09 -1.349306792474002807e-08 -1.337515903860797024e-08 -1.318072001976461463e-08 -1.288632677406302595e-08 -1.245148185520120981e-08 -1.183487479467632800e-08 -1.100220883491075929e-08 -9.915618569072807223e-09 -8.617058781331335163e-09 -7.220508208645356096e-09 -5.824027910787617591e-09 -4.463428098054918680e-09 -3.067168569065882622e-09 -1.506207726827564585e-09 2.903311267694130695e-10 2.374416809850326024e-09 4.848661850788804245e-09 7.751119154081911482e-09 1.110128145501218759e-08 1.496803943988068161e-08 1.926053595860514638e-08 2.371249350782343220e-08 2.782530265974848966e-08 2.992805608925159004e-08 -2.658242419762932249e-09 -2.644293705726395725e-09 -2.619269863578988816e-09 -2.578281652164267637e-09 -2.513561382623406724e-09 -2.417006435940463878e-09 -2.280320137311777205e-09 -2.093304075456986533e-09 -1.856453009761291912e-09 -1.584230159511715189e-09 -1.296005821991271626e-09 -1.011672369199458008e-09 -7.273452600767847511e-10 -4.169659240245330477e-10 -6.256793008769872651e-11 3.493690969932033090e-10 8.410436706802358382e-10 1.421993357440073125e-09 2.096829977107489191e-09 2.880162002460633530e-09 3.751153046231910197e-09 4.648920822268445267e-09 5.448664224805575109e-09 5.780004454220120046e-09 -1.652407922281711362e-10 -1.645925917609115290e-10 -1.633473657053805236e-10 -1.612077241866754932e-10 -1.577254465722624201e-10 -1.524230360095040177e-10 -1.447895360515293345e-10 -1.341615899415926272e-10 -1.204004440201561589e-10 -1.040831858090594385e-10 -8.612474046921841413e-11 -6.789831441302119510e-11 -4.967138680694747121e-11 -3.004849801758195768e-11 -7.808252193977513674e-12 1.804476521951424494e-11 4.901327875247641218e-11 8.579026740477213526e-11 1.287589829759820524e-10 1.789528617663969290e-10 2.351484765557640253e-10 2.935090465868093532e-10 3.459215815244965964e-10 3.678569383522403752e-10 -3.145738052964180771e-11 -3.125063946335769492e-11 -3.089696333383674014e-11 -3.034459312132989962e-11 -2.950766019202214351e-11 -2.830179018366757207e-11 -2.664825382431537138e-11 -2.445714045388719068e-11 -2.176566491937622559e-11 -1.872919002085078420e-11 -1.548028130686921668e-11 -1.214750032506611495e-11 -8.704328493640062596e-12 -4.931543632795440040e-12 -6.568937990777721885e-13 4.286307474972471098e-12 1.017359015951132674e-11 1.712405343845571580e-11 2.519659684040820677e-11 3.457053603644314385e-11 4.500307126587053959e-11 5.577387315154255605e-11 6.539425431075035915e-11 6.939399796373849556e-11
3.398657556104823985e-10 2.855636229045379530e-10 2.298671696662117219e-10 1.825548222411113198e-10 1.435617420880546724e-10 1.123757289884062241e-10 8.784833770780167587e-11 6.833133929682598432e-11 5.301216113029644959e-11 4.110013586046098952e-11 3.164227950393247566e-11 2.413521354820812458e-11 1.814199221588388521e-11 1.317109803732947878e-11 8.961790921706665668e-12 5.290314237954252539e-12 1.922942999316589273e-12 -1.156681362399186004e-12 -3.865463602225323883e-12 -6.144823384798216881e-12 -7.898001908083585335e-12 -9.111844501549204122e-12 -9.863576031497675762e-12 -1.022784099960350658e-11 4.111244612303831619e-09 3.386699944489554663e-09 2.651408722003472527e-09 2.041729897550481332e-09 1.553673077181848946e-09 1.175137401311346523e-09 8.867699374308313744e-10 6.648836287639999721e-10 4.969586979121842509e-10 3.715577451410981857e-10 2.757945020965257859e-10 2.007286760317427452e-10 1.378289567588171291e-10 7.980126274837206853e-11 2.507107618371742590e-11 -2.448605198309797277e-11 -6.660931991995479029e-11 -9.858633978711603434e-11 -1.199735134527673176e-10 -1.324547146058342016e-10 -1.378036326247988376e-10 -1.379705241315591812e-10 -1.346011332660400070e-10 -1.289605633437921164e-10 9.003705492710406844e-08 7.322591457605227352e-08 5.630922074199030911e-08 4.251744855180095023e-08 3.168802834303690332e-08 2.345521655498244562e-08 1.731247051372148959e-08 1.268947033166655474e-08 9.274031707135952521e-09 6.780116276606917044e-09 4.879587096020944036e-09 3.322735032617274765e-09 1.923544519780857141e-09 5.820409479134726608e-10 -6.515114205119162058e-10 -1.669532620181951829e-09 -2.417082852080004970e-09 -2.884585201053488112e-09 -3.118611086667587866e-09 -3.184681687157651584e-09 -3.135068338405984143e-09 -3.012785063698090232e-09 -2.846278565595612574e-09 -2.658242419762932249e-09 3.432631364932526548e-07 2.674416790450452854e-07 1.993077867295460281e-07 1.468342543574694217e-07 1.070488955585629309e-07 7.761601412649172752e-08 5.615990065803390589e-08 4.037654521591445747e-08 2.898004671786188546e-08 2.078665926914474871e-08 1.441830008023478579e-08 8.904517792088404043e-09 3.764602891291523679e-09 -1.111498289075668855e-09 -5.303144677428479641e-09 -8.387078128990466281e-09 -1.033459244842788486e-08 -1.131044731909746987e-08 -1.157886354078463160e-08 -1.138220075128322439e-08 -1.089616299042530941e-08 -1.025199912159589855e-08 -9.526682809906941699e-09 -8.783368574438110683e-09 1.154139017053238341e-07 9.225833668830072580e-08 6.925235350414886219e-08 5.093844190179263554e-08 3.693346931633691267e-08 2.657264902169741704e-08 1.905957017187842203e-08 1.357552762439728046e-08 9.638855177801138845e-09 6.771878957242140450e-09 4.455734472188004944e-09 2.395979664200086868e-09 4.929873941585279268e-10 -1.227883905634766229e-09 -2.597987133244356089e-09 -3.519080310802669335e-09 -4.037129436736813101e-09 -4.238526206860659443e-09 -4.223035655128964601e-09 -4.070649821269744806e-09 -3.839355031794085114e-09 -3.571451893386820759e-09 -3.289043340431693192e-09 -3.010752362402127885e-09 9.107260334875028504e-09 7.248496804117045987e-09 5.408537495897739663e-09 3.953267788148210012e-09 2.847967533449372104e-09 2.035882887091214057e-09 1.451174537248724516e-09 1.027214724922805715e-09 7.231380238723145330e-10 4.984539818198012946e-10 3.134793113769734593e-10 1.488793155960712666e-10 -1.820479101937859805e-14 -1.292219176557237871e-10 -2.273061714517498875e-10 -2.902295786762803195e-10 -3.233436146633210677e-10 -3.337379486490661964e-10 -3.288949392876276327e-10 -3.146038644583489836e-10 -2.951114992464046922e-10 -2.734625880176585220e-10 -2.511083035251723523e-10 -2.292708008248851832e-10
2.855636229045379013e-10 2.638007872964072267e-10 2.237194986611698953e-10 1.819194796249319220e-10 1.450684083590486613e-10 1.145899614941831842e-10 9.015866451169914178e-11 7.048218299587014427e-11 5.489127448710848668e-11 4.265111043526572484e-11 3.285036384256138123e-11 2.504351117531649358e-11 1.881008755310459753e-11 1.362402530722842378e-11 9.209468545307720946e-12 5.392278319145723286e-12 2.004543036542874075e-12 -9.711634465868682584e-13 -3.532723542353761275e-12 -5.705588850080726313e-12 -7.429704688010347837e-12 -8.678403264273209997e-12 -9.498840603197244400e-12 -9.939921298488004173e-12 3.386699944489554663e-09 3.108233540742915496e-09 2.588607153844793947e-09 2.049883703542665980e-09 1.585482117369317004e-09 1.212140207713585125e-09 9.219798633093556070e-10 6.958955031405931915e-10 5.230293969477442961e-10 3.920221959256156363e-10 2.893594209267643931e-10 2.067588376884171997e-10 1.381263972956727372e-10 7.845403103532145716e-11 2.624430511980551668e-11 -1.916386680501953328e-11 -5.825154293784740463e-11 -8.941002526540247594e-11 -1.116609998074996403e-10 -1.257525218621245021e-10 -1.327826513221990928e-10 -1.343872473868179930e-10 -1.321648175104023306e-10 -1.273947769738734717e-10 7.322591457605227352e-08 6.698089430078289048e-08 5.515078557910281687e-08 4.293999954240384332e-08 3.257564120822896953e-08 2.439915295621092923e-08 1.817225225232236652e-08 1.342356911038022160e-08 9.866651730314723297e-09 7.198200025643573635e-09 5.079787224594289660e-09 3.331369532845613411e-09 1.862043171539188495e-09 5.922968786060028372e-10 -5.057785855925966251e-10 -1.431851969075045254e-09 -2.166106719880106733e-09 -2.671029684464081852e-09 -2.956754814965022042e-09 -3.070510825756980102e-09 -3.058448458565554342e-09 -2.963824299933894965e-09 -2.817717551063875977e-09 -2.644293705726395725e-09 2.674416790450452854e-07 2.486902217490792446e-07 1.980116712522105560e-07 1.499754740822767209e-07 1.111677187762562930e-07 8.152749576779934961e-08 5.954271815375598350e-08 4.316168928134434569e-08 3.110978605884007335e-08 2.205786283384255024e-08 1.473855543369160009e-08 8.657139283817983895e-09 3.611537699389702227e-09 -7.006147515761059972e-10 -4.389760958563531883e-09 -7.345633244665413587e-09 -9.440134329038226975e-09 -1.064355271974531961e-08 -1.111792449520358969e-08 -1.108050604298216557e-08 -1.070984343385986512e-08 -1.014758058347183246e-08 -9.480002175099997667e-09 -8.773679691261589717e-09 9.225833668830073904e-08 8.409903171935741869e-08 6.821215031867423318e-08 5.192077043317763711e-08 3.839255062999538625e-08 2.799432640336874654e-08 2.029194864334024481e-08 1.457220291715676803e-08 1.034314253377889255e-08 7.116927609234251665e-09 4.488951531524658772e-09 2.325737492986510022e-09 5.479954879986619845e-10 -9.611817290665120348e-10 -2.211881153120145093e-09 -3.144731520345300245e-09 -3.740998667454507460e-09 -4.028786322849981573e-09 -4.083717826693029610e-09 -3.983797176495144430e-09 -3.789941070667666539e-09 -3.547921259197568751e-09 -3.282220166455272991e-09 -3.012535806529768642e-09 7.248496804117045987e-09 6.603701142096440424e-09 5.336648354383762422e-09 4.039773993888928634e-09 2.969197133392445824e-09 2.151790998457633218e-09 1.550187966178875819e-09 1.104885920866602923e-09 7.742156733246673754e-10 5.206509516166673791e-10 3.152429950187506775e-10 1.478239693400220485e-10 1.085912250660359539e-11 -1.043337144183994067e-10 -1.967516219998738404e-10 -2.623982046658219383e-10 -3.019038685385629207e-10 -3.187799958836939413e-10 -3.191221597767285321e-10 -3.086843138865937025e-10 -2.919073528062722781e-10 -2.720474516815360420e-10 -2.507532229874528004e-10 -2.294178092286884167e-10
2.298671696662117477e-10 2.237194986611698953e-10 2.081956376907291805e-10 1.786126457761874992e-10 1.462476897010551269e-10 1.174024396741251565e-10 9.337742225158358705e-11 7.357595237987043933e-11 5.761967563408266265e-11 4.492773660760966645e-11 3.467261041756284361e-11 2.644302077162015394e-11 1.981989971725608236e-11 1.429047264305500905e-11 9.621988652217776949e-12 5.663543337413911245e-12 2.249872559616455907e-12 -6.463040042194339354e-13 -3.070673176411524440e-12 -5.119380934019906647e-12 -6.789158899457062449e-12 -8.062845017710909561e-12 -8.962947326531547485e-12 -9.505675027742690086e-12 2.651408722003472527e-09 2.588607153844793534e-09 2.401659763964928059e-09 2.027864822555932704e-09 1.618635662792795642e-09 1.261388204509444561e-09 9.721330024780510912e-10 7.411626727188366453e-10 5.609134557473371744e-10 4.209203711901170916e-10 3.083360838877806259e-10 2.168420195904716423e-10 1.423278526633578432e-10 8.054461408485666073e-11 2.973224671228802485e-11 -1.217372551952167763e-11 -4.777214925481055138e-11 -7.725453180795895436e-11 -9.995484758738063090e-11 -1.158486599629847222e-10 -1.251116404583210655e-10 -1.287919690863594601e-10 -1.283003556110392914e-10 -1.248691445671610927e-10 5.630922074199030911e-08 5.515078557910281687e-08 5.112734428356596012e-08 4.274853510503095571e-08 3.357509472056228393e-08 2.568198098354807759e-08 1.940950920380466237e-08 1.449457342295235925e-08 1.070729094422985320e-08 7.763948392367446664e-09 5.380169730229782378e-09 3.451367392447072808e-09 1.913548696193789905e-09 6.737484789748134690e-10 -3.267827779146571097e-10 -1.149570177155205485e-09 -1.837938741501259333e-09 -2.366478567696223329e-09 -2.712313451592262272e-09 -2.891942818765806401e-09 -2.936147250047545505e-09 -2.884570927485371252e-09 -2.770321899359831058e-09 -2.619269863578988816e-09 1.993077867295460281e-07 1.980116712522105824e-07 1.873706016216086272e-07 1.520276588134979004e-07 1.163248260118769588e-07 8.703396576770741419e-08 6.448422452879433316e-08 4.721651884351932597e-08 3.402881521229062723e-08 2.376284569044459937e-08 1.549438998070793281e-08 8.947198770943267118e-09 3.868750158243243114e-09 -1.396112517709095590e-10 -3.371522436420326339e-09 -6.042802129373496749e-09 -8.182433415517229269e-09 -9.634977525278063166e-09 -1.039075168377006337e-08 -1.059422446771754534e-08 -1.040470866839731256e-08 -9.971602555590208758e-09 -9.392346036085282837e-09 -8.742578937713305569e-09 6.925235350414886219e-08 6.821215031867421995e-08 6.325502841234393894e-08 5.222067369871465242e-08 4.014605938686096062e-08 2.996832596927552636e-08 2.207193130812592156e-08 1.598564088153651613e-08 1.129470976323738013e-08 7.635792633319417157e-09 4.723612327203688462e-09 2.455541274517819023e-09 7.197104083074732361e-10 -6.483291331221235585e-10 -1.755767333870061611e-09 -2.647541943401102496e-09 -3.308439138339124415e-09 -3.703831343316293006e-09 -3.860630295507047970e-09 -3.841880546893995264e-09 -3.706917657064533882e-09 -3.504864572369107852e-09 -3.264870195355117175e-09 -3.009915828155986648e-09 5.408537495897739663e-09 5.336648354383761595e-09 4.951019691814234346e-09 4.075031766580826568e-09 3.116768294037419574e-09 2.313228830547900700e-09 1.692345614276807841e-09 1.213721659351294745e-09 8.448171695489189650e-10 5.591475640334002530e-10 3.344748347508540934e-10 1.613206915315039299e-10 2.942608642298441352e-11 -7.481872896939316991e-11 -1.588579086036550227e-10 -2.243095120155433714e-10 -2.701586341135097051e-10 -2.954788763549856917e-10 -3.034184993748936763e-10 -2.989179699528602092e-10 -2.863654677851580436e-10 -2.692910265321570497e-10 -2.497266080744008959e-10 -2.293566497740597146e-10
1.825548222411113198e-10 1.819194796249319479e-10 1.786126457761874992e-10 1.679683089115678678e-10 1.453302459523215199e-10 1.199740133078293811e-10 9.707939965762525776e-11 7.737909648072695076e-11 6.107626882552720925e-11 4.788323782467057310e-11 3.708464774087124024e-11 2.831096337000412141e-11 2.117998322046219443e-11 1.522640535238237032e-11 1.027253969730411458e-11 6.173699856451908361e-12 2.723987744624048894e-12 -1.388615238966947687e-13 -2.482176193213354315e-12 -4.433208301084131746e-12 -6.037644994087608804e-12 -7.312832104167379599e-12 -8.280780238096630995e-12 -8.931840506707285603e-12 2.041729897550481332e-09 2.049883703542665980e-09 2.027864822555932704e-09 1.907795164291113492e-09 1.627704076443028914e-09 1.311782041573144064e-09 1.032070823406176390e-09 7.977480171935650169e-10 6.083210264227902966e-10 4.568324205195077742e-10 3.330099406432079539e-10 2.327281517797321943e-10 1.526707919311861141e-10 8.822195674313186160e-11 3.712584109801563116e-11 -3.222570169885821133e-12 -3.628407020911604756e-11 -6.371214154985633802e-11 -8.602351040098788739e-11 -1.032592768624544336e-10 -1.148534293205627747e-10 -1.210403126039175879e-10 -1.228037322978017848e-10 -1.211838250756080495e-10 4.251744855180095023e-08 4.293999954240384332e-08 4.274853510503096232e-08 4.028144917835937966e-08 3.407821253346877221e-08 2.705185359394822351e-08 2.090748159311666074e-08 1.582332269146927388e-08 1.173470180797419954e-08 8.472489722443787623e-09 5.834566917718956378e-09 3.747371088366874726e-09 2.132548093759769991e-09 8.743479517753453365e-10 -9.695674354692845497e-11 -8.564033930466690110e-10 -1.485166449295608617e-09 -2.004261957827532036e-09 -2.395221820942768110e-09 -2.646372473498313357e-09 -2.761678154275925044e-09 -2.768376950041606118e-09 -2.698259974814676945e-09 -2.578281652164267637e-09 1.468342543574694217e-07 1.499754740822767473e-07 1.520276588134979004e-07 1.466358801936911350e-07 1.205769678897094527e-07 9.335417617039839212e-08 7.060949768401928283e-08 5.221082428826729538e-08 3.758402091787550138e-08 2.607496159363596144e-08 1.698666641379028008e-08 9.993273475885756205e-09 4.734379700765045131e-09 7.331296565354959337e-10 -2.313414770932562727e-09 -4.718296019678017656e-09 -6.739193000519436642e-09 -8.337324873647468103e-09 -9.385808206900016955e-09 -9.891987110835304383e-09 -9.951111533134974373e-09 -9.697540940925749568e-09 -9.243332605790948128e-09 -8.673581310262372581e-09 5.093844190179263554e-08 5.192077043317763711e-08 5.222067369871465242e-08 4.938825193387250792e-08 4.133485748618125812e-08 3.215314893964511201e-08 2.421743271291411745e-08 1.769502255755005501e-08 1.248807815516457990e-08 8.425201381788214938e-09 5.260002637285326206e-09 2.860962255794002634e-09 1.079860792525841945e-09 -2.639879600975226260e-10 -1.291832052388408235e-09 -2.111291489012567077e-09 -2.782358247634623847e-09 -3.269275325795381581e-09 -3.544108333217980201e-09 -3.632287382752572516e-09 -3.578813732511985228e-09 -3.432893948566357590e-09 -3.229871438131202890e-09 -2.997918085935044523e-09 3.953267788148210839e-09 4.039773993888928634e-09 4.075031766580826568e-09 3.858986234279331307e-09 3.221338576171643770e-09 2.492272076090647106e-09 1.862624258002417632e-09 1.346403130604513423e-09 9.374254240487329151e-10 6.217323623682016020e-10 3.783498795147090831e-10 1.955055623978569586e-10 6.063476356308243658e-11 -4.098839360783861113e-11 -1.191929619575656037e-10 -1.813856139399934956e-10 -2.304904217672688266e-10 -2.639142245330759562e-10 -2.809495781208346458e-10 -2.843103044874890125e-10 -2.776066830239500998e-10 -2.645009991889443170e-10 -2.475283653652474706e-10 -2.287626108655082988e-10
1.435617420880546982e-10 1.450684083590486354e-10 1.462476897010551269e-10 1.453302459523215457e-10 1.381531210801879947e-10 1.207405206174250359e-10 1.005532057729736702e-10 8.158811934464803919e-11 6.516375423803208445e-11 5.149926070088342205e-11 4.008496487677400804e-11 3.066825432755754752e-11 2.295855316779552179e-11 1.654263630769802244e-11 1.127261375598263882e-11 6.996914243332545357e-12 3.472502507277088143e-12 5.934669438296273899e-13 -1.734186082692840343e-12 -3.645357883251556068e-12 -5.204887372666278072e-12 -6.465784849354547407e-12 -7.475910117170544732e-12 -8.222759404678393039e-12 1.553673077181848946e-09 1.585482117369317004e-09 1.618635662792795642e-09 1.627704076443028914e-09 1.553187390785483105e-09 1.341563736168734509e-09 1.092493605156897395e-09 8.612450650166745520e-10 6.633761352507007491e-10 5.001192178456735093e-10 3.653186043781251252e-10 2.566428123981283359e-10 1.708967768389161592e-10 1.028479041829592369e-10 4.979783312050079729e-11 8.892156826134004573e-12 -2.349506802187132993e-11 -4.955988233962495105e-11 -7.095260831625408081e-11 -8.865478711686706539e-11 -1.021256353049709527e-10 -1.109051084142840279e-10 -1.153200690435944636e-10 -1.159844765389022062e-10 3.168802834303689670e-08 3.257564120822897615e-08 3.357509472056228393e-08 3.407821253346877221e-08 3.264211531486034678e-08 2.799005474428103330e-08 2.244185401291655745e-08 1.730302632336389799e-08 1.293379421430947761e-08 9.379348992655361982e-09 6.511698983726259409e-09 4.265714019287572774e-09 2.547649846597818073e-09 1.225269312509099645e-09 2.230429000809543893e-10 -5.337043260492390688e-10 -1.131275787672377974e-09 -1.621741479184558944e-09 -2.025278035837061589e-09 -2.333894589846577918e-09 -2.525672977072649652e-09 -2.603908351965105941e-09 -2.591466085222291740e-09 -2.513561382623406724e-09 1.070488955585629309e-07 1.111677187762562930e-07 1.163248260118769721e-07 1.205769678897094527e-07 1.184806461912715144e-07 9.884334276359852466e-08 7.716558646575040786e-08 5.787814264689349724e-08 4.193204427812129160e-08 2.932931492023186526e-08 1.944609081607702288e-08 1.191690991263850036e-08 6.299419139591397223e-09 2.078311109438286269e-09 -1.058926967615853022e-09 -3.404734073622754769e-09 -5.287443662536043384e-09 -6.867676171221711547e-09 -8.113930335084500081e-09 -8.934758857532163053e-09 -9.297339017363640401e-09 -9.282836582116618532e-09 -8.999095029895100328e-09 -8.545754535750910240e-09 3.693346931633691929e-08 3.839255062999539287e-08 4.014605938686096062e-08 4.133485748618125812e-08 3.984255634072328343e-08 3.378857149717992927e-08 2.641173539106602609e-08 1.963421331609471704e-08 1.401048859772568639e-08 9.593060080125845505e-09 6.164337730980131534e-09 3.580020979410814999e-09 1.674675393637405344e-09 2.571711446880309362e-10 -7.898449561935237909e-10 -1.579159252013446039e-09 -2.222016922880126338e-09 -2.748262792624901750e-09 -3.126599461421320470e-09 -3.336179955792443843e-09 -3.386844237491937643e-09 -3.317330003097811412e-09 -3.167145077824824531e-09 -2.969998824142331907e-09 2.847967533449371690e-09 2.969197133392445824e-09 3.116768294037419574e-09 3.221338576171643770e-09 3.109526603073133415e-09 2.627084939721128540e-09 2.038011211394461376e-09 1.500770576432500793e-09 1.059366492481747300e-09 7.159015224427795624e-10 4.515383852514134471e-10 2.537874782685234690e-10 1.089893897131938246e-10 1.826452395137497862e-12 -7.732787291077395258e-11 -1.375191509945909770e-10 -1.864968478875346807e-10 -2.250424680264811878e-10 -2.508199848645114901e-10 -2.633719933647983835e-10 -2.642541517703426713e-10 -2.566380775344692077e-10 -2.434480655344277302e-10 -2.271680624368282218e-10
1.123757289884062241e-10 1.145899614941831842e-10 1.174024396741251565e-10 1.199740133078293553e-10 1.207405206174250359e-10 1.160506341364022835e-10 1.023225688588713990e-10 8.550109260064668018e-11 6.953474555743446569e-11 5.558460415203080639e-11 4.357833504483416645e-11 3.350402825918022287e-11 2.520658000402888921e-11 1.831719987225801690e-11 1.269916755736090548e-11 8.188336512601782222e-12 4.518584845466163983e-12 1.560326637670453282e-12 -8.107337533364265017e-13 -2.745165045922562284e-12 -4.308477116389436545e-12 -5.567160616602706210e-12 -6.599037369505906175e-12 -7.413815576415782504e-12 1.175137401311346523e-09 1.212140207713585125e-09 1.261388204509444561e-09 1.311782041573144064e-09 1.341563736168734509e-09 1.297931280289698088e-09 1.131619981143144975e-09 9.214201011351084592e-10 7.221947419584778855e-10 5.505040852068924615e-10 4.063968245394190974e-10 2.897364020509993586e-10 1.977502643590284773e-10 1.249205511243734114e-10 6.835885887984694068e-11 2.507990061525616676e-11 -8.593156557669383710e-12 -3.485124072122242695e-11 -5.577620682433501512e-11 -7.332001035636554226e-11 -8.777513320194815377e-11 -9.866691401689731836e-11 -1.057536139106238090e-10 -1.090174156236962911e-10 2.345521655498243901e-08 2.439915295621092923e-08 2.568198098354807759e-08 2.705185359394821689e-08 2.799005474428103330e-08 2.719479848331250460e-08 2.348228062428232186e-08 1.872440401666557757e-08 1.426799792584283470e-08 1.051125721323201606e-08 7.440116968457139923e-09 5.021565769708767528e-09 3.166370527231685583e-09 1.736912535245146941e-09 6.560247789123347001e-10 -1.506194479498601471e-10 -7.671688325706101729e-10 -1.249101590650418742e-09 -1.644005533612047031e-09 -1.977954147105206440e-09 -2.231584734631052177e-09 -2.384556939861020733e-09 -2.440830954161389356e-09 -2.417006435940463878e-09 7.761601412649172752e-08 8.152749576779934961e-08 8.703396576770742742e-08 9.335417617039839212e-08 9.884334276359851143e-08 9.852679441600522361e-08 8.247216041141647262e-08 6.374690105519115132e-08 4.713731161000736396e-08 3.364850447560973422e-08 2.295273631534224899e-08 1.474159733472830081e-08 8.593169060844228352e-09 3.957503476890546834e-09 5.285672109639933344e-10 -1.985032651466324188e-09 -3.892933661589182584e-09 -5.417985876622596818e-09 -6.704394083636069483e-09 -7.744627426228445897e-09 -8.415251364866898420e-09 -8.684651656148442074e-09 -8.626017318497954997e-09 -8.331754526365646751e-09 2.657264902169742365e-08 2.799432640336874654e-08 2.996832596927552636e-08 3.215314893964509877e-08 3.378857149717992927e-08 3.294371192006824823e-08 2.797673229139683394e-08 2.163324251327734610e-08 1.586358774061872539e-08 1.116369832212342825e-08 7.449930188940892788e-09 4.620382749623697104e-09 2.519470795778848978e-09 9.521911528852460446e-10 -1.968707900816266916e-10 -1.035334364128007588e-09 -1.679488456813557926e-09 -2.204311262067039192e-09 -2.635280011174959463e-09 -2.949932146720459892e-09 -3.116108808720262028e-09 -3.143184296163069812e-09 -3.065124970473571935e-09 -2.917980959159724317e-09 2.035882887091214057e-09 2.151790998457633218e-09 2.313228830547900287e-09 2.492272076090647106e-09 2.627084939721128953e-09 2.562310737658764955e-09 2.166996894912154645e-09 1.664019980305968445e-09 1.210015248585337374e-09 8.429664543544937507e-10 5.549829491899818238e-10 3.370653461315034620e-10 1.763493037291980013e-10 5.721242385687705408e-11 -2.973735476386874786e-11 -9.327633245895275110e-11 -1.426197029393425201e-10 -1.827745955658322282e-10 -2.143166550951430161e-10 -2.355520665738480396e-10 -2.451590207451982634e-10 -2.446143712301505126e-10 -2.366452385602085440e-10 -2.239593672642078703e-10
8.784833770780168880e-11 9.015866451169914178e-11 9.337742225158358705e-11 9.707939965762525776e-11 1.005532057729736702e-10 1.023225688588713990e-10 9.921008917013910193e-11 8.783576715012361001e-11 7.355059345329468532e-11 5.982033636248987336e-11 4.743849113209339726e-11 3.680648307406974478e-11 2.796210084206819000e-11 2.059683173708607909e-11 1.459311345524438060e-11 9.783422815104189475e-12 5.887571788864649643e-12 2.770534388289177578e-12 2.937854961728140609e-13 -1.717118684369430471e-12 -3.336864461625723944e-12 -4.631081077284604904e-12 -5.689838197612302457e-12 -6.549277787309313537e-12 8.867699374308313744e-10 9.219798633093554002e-10 9.721330024780510912e-10 1.032070823406176596e-09 1.092493605156897602e-09 1.131619981143144975e-09 1.102663894456243597e-09 9.604730352954441707e-10 7.782644775825946037e-10 6.062401852776671240e-10 4.560895672960405879e-10 3.321478569724546095e-10 2.333295107674903793e-10 1.545294441923227985e-10 9.303870255040522644e-11 4.588711893785333926e-11 9.314214380987752299e-12 -1.879123866396000715e-11 -4.050036550462559727e-11 -5.815768296235140711e-11 -7.291867365430754992e-11 -8.503919315465681265e-11 -9.430465577294851145e-11 -1.001574507165750176e-10 1.731247051372148959e-08 1.817225225232236652e-08 1.940950920380466237e-08 2.090748159311666405e-08 2.244185401291655745e-08 2.348228062428232517e-08 2.291318269517316135e-08 1.971044768707529424e-08 1.561976014861788282e-08 1.183499784889599669e-08 8.609176768670408211e-09 6.010078940587675662e-09 3.987173264307419831e-09 2.412582503810620416e-09 1.213686316722082292e-09 3.168735816033123800e-10 -3.628421370667560056e-10 -8.774115523513625832e-10 -1.277774420093095731e-09 -1.614515068627377612e-09 -1.898692977333326688e-09 -2.112088272333099148e-09 -2.239722663848533958e-09 -2.280320137311777205e-09 5.615990065803390589e-08 5.954271815375599012e-08 6.448422452879433316e-08 7.060949768401929607e-08 7.716558646575039463e-08 8.247216041141647262e-08 8.251372717120306285e-08 6.876511746699255217e-08 5.287228826003045031e-08 3.893817320060811336e-08 2.745994898542119582e-08 1.846191019671420499e-08 1.161750211216848721e-08 6.408222616981615992e-09 2.522731126108271454e-09 -3.234703671969786718e-10 -2.446105028478682847e-09 -4.046548444168306963e-09 -5.324052967965857232e-09 -6.430705592194360876e-09 -7.318193710065329194e-09 -7.876177353171496467e-09 -8.085270994100658348e-09 -8.002279234917635354e-09 1.905957017187842203e-08 2.029194864334024812e-08 2.207193130812592156e-08 2.421743271291411745e-08 2.641173539106602609e-08 2.797673229139683725e-08 2.738341358271003649e-08 2.320386578571201077e-08 1.788069211355865414e-08 1.307519147579921101e-08 9.093434210620405350e-09 5.976525526226208465e-09 3.620738009711170529e-09 1.841228330246461012e-09 5.268449062847893813e-10 -4.286969100053197698e-10 -1.139386573302996866e-09 -1.682622994979763367e-09 -2.124639751575230376e-09 -2.495639586130108617e-09 -2.762336919564169006e-09 -2.897057884153804481e-09 -2.910463885615824939e-09 -2.831265527780874209e-09 1.451174537248724516e-09 1.550187966178876232e-09 1.692345614276807634e-09 1.862624258002417632e-09 2.038011211394460962e-09 2.166996894912155058e-09 2.125399022829647460e-09 1.795980861631752457e-09 1.375557546696406482e-09 9.979731073482328883e-10 6.870581248574411345e-10 4.452346395539162428e-10 2.636424532449926165e-10 1.273393461517996304e-10 2.724561724464774522e-11 -4.523030621408546168e-11 -9.922535856286274936e-11 -1.409343361623168183e-10 -1.747867206298057976e-10 -2.018886325193081234e-10 -2.197799581675207769e-10 -2.273854595122614489e-10 -2.261208911459675681e-10 -2.183396310922626585e-10
6.833133929682598432e-11 7.048218299587014427e-11 7.357595237987043933e-11 7.737909648072695076e-11 8.158811934464803919e-11 8.550109260064668018e-11 8.783576715012359708e-11 8.572042184020934672e-11 7.611947454138757639e-11 6.376307949933598589e-11 5.154302273305821560e-11 4.059534061567929829e-11 3.129126147407584027e-11 2.345243782076897898e-11 1.701831883177460059e-11 1.184138281959431229e-11 7.638385034679510499e-12 4.277270017440803130e-12 1.618769799420338710e-12 -5.256950377515730030e-13 -2.247966495824571761e-12 -3.621878464029657117e-12 -4.738409473398719598e-12 -5.643896765852144951e-12 6.648836287639999721e-10 6.958955031405931915e-10 7.411626727188366453e-10 7.977480171935650169e-10 8.612450650166747588e-10 9.214201011351084592e-10 9.604730352954441707e-10 9.391226346779889396e-10 8.184164189793991544e-10 6.628843749751198950e-10 5.132926161971959323e-10 3.839820178943025157e-10 2.781586046693081723e-10 1.923514065747916880e-10 1.245990450441083458e-10 7.219654977811024075e-11 3.133146576583867782e-11 -5.545592926953148640e-14 -2.397141020340768893e-11 -4.279455543714304082e-11 -5.801146299545368590e-11 -7.068197756288554281e-11 -8.130038837813138445e-11 -8.932471985859198055e-11 1.268947033166655308e-08 1.342356911038021994e-08 1.449457342295235925e-08 1.582332269146927388e-08 1.730302632336389799e-08 1.872440401666557426e-08 1.971044768707529424e-08 1.933654419333792043e-08 1.668018478124625759e-08 1.324363351864732939e-08 9.990006272050482768e-09 7.233067802584805665e-09 5.024061026824547882e-09 3.271496684743280921e-09 1.918510444922266160e-09 8.960550435785996751e-10 1.170417402806933624e-10 -4.686377303030548507e-10 -9.089931055472228422e-10 -1.258568863339158371e-09 -1.551004424925791853e-09 -1.796585433448084194e-09 -1.983905851089012174e-09 -2.093304075456986533e-09 4.037654521591445747e-08 4.316168928134434569e-08 4.721651884351932597e-08 5.221082428826728876e-08 5.787814264689349724e-08 6.374690105519115132e-08 6.876511746699255217e-08 6.948231597905161249e-08 5.818513090853623750e-08 4.488481799626008100e-08 3.292521505806482097e-08 2.311523335994998647e-08 1.545947571791752030e-08 9.518605669378674469e-09 5.030775567590117425e-09 1.705373830716344176e-09 -7.784625558894817116e-10 -2.616285652758220650e-09 -3.991635897580424761e-09 -5.111203016389883645e-09 -6.076719754301725069e-09 -6.846635482722611191e-09 -7.336246584349147577e-09 -7.510189689666517338e-09 1.357552762439727880e-08 1.457220291715676803e-08 1.598564088153651282e-08 1.769502255755005501e-08 1.963421331609471704e-08 2.163324251327734610e-08 2.320386578571200746e-08 2.298063184660114304e-08 1.960730423492522231e-08 1.517956026327259324e-08 1.106422940750054889e-08 7.662819691125664889e-09 5.009504173428570462e-09 2.962079682906723418e-09 1.425742907319477196e-09 2.974950978858002275e-10 -5.389498530246162454e-10 -1.155697996037052580e-09 -1.623227995529276736e-09 -2.011530104327047557e-09 -2.336093921173600165e-09 -2.567863806819455469e-09 -2.685660274741902375e-09 -2.693998689823164252e-09 1.027214724922805922e-09 1.104885920866602923e-09 1.213721659351294745e-09 1.346403130604513009e-09 1.500770576432500793e-09 1.664019980305968445e-09 1.795980861631752043e-09 1.784710678674163546e-09 1.519368925642773687e-09 1.169484277988481230e-09 8.457803637638475633e-10 5.798333038328994320e-10 3.736632164757952970e-10 2.155516954531772551e-10 9.763474943114160343e-11 1.156247583084268225e-11 -5.194287000883659558e-11 -9.881855770977720257e-11 -1.347585429594580436e-10 -1.645735134263463996e-10 -1.883460736236557720e-10 -2.039145404050571955e-10 -2.105292196369414443e-10 -2.091362497734956479e-10
5.301216113029644959e-11 5.489127448710848668e-11 5.761967563408266265e-11 6.107626882552722217e-11 6.516375423803207152e-11 6.953474555743446569e-11 7.355059345329468532e-11 7.611947454138757639e-11 7.462602285720660585e-11 6.638385015852688370e-11 5.543426302725436832e-11 4.467193575711971191e-11 3.510835829292948740e-11 2.684840726334556027e-11 1.996263802342367640e-11 1.436350581424343668e-11 9.783623997740149589e-12 6.102988079250925322e-12 3.187019859597254206e-12 8.419356885869893184e-13 -1.031407051556405610e-12 -2.523150224385615575e-12 -3.734707624399183935e-12 -4.711144975565300503e-12 4.969586979121842509e-10 5.230293969477442961e-10 5.609134557473371744e-10 6.083210264227902966e-10 6.633761352507008525e-10 7.221947419584778855e-10 7.782644775825946037e-10 8.184164189793991544e-10 8.064570268789947426e-10 7.062770336544674746e-10 5.717441814896552355e-10 4.424544211239912143e-10 3.310441568914092967e-10 2.379714453431598390e-10 1.630250484654547787e-10 1.042281263770051181e-10 5.788110626780732631e-11 2.202517109268906571e-11 -5.312607306552739802e-12 -2.652920448551706981e-11 -4.308613613479465997e-11 -5.637735677106110179e-11 -6.767483935663529479e-11 -7.708642577770794812e-11 9.274031707135952521e-09 9.866651730314723297e-09 1.070729094422985320e-08 1.173470180797419954e-08 1.293379421430947926e-08 1.426799792584283470e-08 1.561976014861788282e-08 1.668018478124625759e-08 1.656064360016895072e-08 1.439297529348825618e-08 1.143748532983019186e-08 8.631088136450120288e-09 6.255688942503515237e-09 4.310130843635408234e-09 2.775652644646898641e-09 1.597395133100965186e-09 6.888910184812675275e-10 1.686366194174072878e-12 -5.110549527316942150e-10 -9.032704038926096483e-10 -1.211774328586197061e-09 -1.468483731727691561e-09 -1.689066741263743787e-09 -1.856453009761291912e-09 2.898004671786188215e-08 3.110978605884007997e-08 3.402881521229062723e-08 3.758402091787550138e-08 4.193204427812129822e-08 4.713731161000736396e-08 5.287228826003045031e-08 5.818513090853623750e-08 5.973154748353295966e-08 5.039997552560584417e-08 3.891108371599579902e-08 2.855980363674634983e-08 2.007907239922890612e-08 1.331225311038139955e-08 8.089799424453054267e-09 4.163907771229679398e-09 1.195764460084570769e-09 -1.003220146580162401e-09 -2.615155842673062658e-09 -3.841837141024956312e-09 -4.833380396686098401e-09 -5.687829265553632942e-09 -6.386209270004219727e-09 -6.828197583463122773e-09 9.638855177801137190e-09 1.034314253377889255e-08 1.129470976323738013e-08 1.248807815516458320e-08 1.401048859772568639e-08 1.586358774061872539e-08 1.788069211355865414e-08 1.960730423492522231e-08 1.973015665711178106e-08 1.699329848276479152e-08 1.317870791332979516e-08 9.616528395938643683e-09 6.672697736531234839e-09 4.323024322697115900e-09 2.518720024513373546e-09 1.171359562996590479e-09 1.624760202711383218e-10 -5.785496612736242249e-10 -1.119785149868552958e-09 -1.537792195251628630e-09 -1.883828956259244442e-09 -2.173296241777855292e-09 -2.385163828283471564e-09 -2.492425191506515638e-09 7.231380238723145330e-10 7.742156733246674788e-10 8.448171695489187582e-10 9.374254240487331219e-10 1.059366492481747300e-09 1.210015248585337167e-09 1.375557546696406275e-09 1.519368925642773687e-09 1.534552057608653228e-09 1.318921746523751939e-09 1.016968530748057604e-09 7.363039017679159936e-10 5.057325783338872116e-10 3.228294317967135337e-10 1.832764709113279164e-10 7.976443108118392213e-11 2.768607760848534487e-12 -5.351424071313749573e-11 -9.471160962521870804e-11 -1.269598709205710707e-10 -1.536595837574293966e-10 -1.749487572415876627e-10 -1.892240571993611029e-10 -1.952657639827601332e-10
4.110013586046098952e-11 4.265111043526572484e-11 4.492773660760966645e-11 4.788323782467057310e-11 5.149926070088342205e-11 5.558460415203079346e-11 5.982033636248987336e-11 6.376307949933598589e-11 6.638385015852688370e-11 6.537807404744853822e-11 5.819461220252276659e-11 4.859942525999688638e-11 3.919923701899284555e-11 3.067958856258890790e-11 2.337638575830123272e-11 1.732997108362063737e-11 1.232182591230970754e-11 8.259978195693598656e-12 5.021377100168194837e-12 2.409444199605609615e-12 3.273000055233105050e-13 -1.322882211693632975e-12 -2.661490968762734215e-12 -3.740051160003005745e-12 3.715577451410981857e-10 3.920221959256156363e-10 4.209203711901170916e-10 4.568324205195077742e-10 5.001192178456735093e-10 5.505040852068924615e-10 6.062401852776671240e-10 6.628843749751198950e-10 7.062770336544673712e-10 7.029260884447361765e-10 6.180586849684759074e-10 5.015541220586888044e-10 3.892942515349329577e-10 2.902780428748925959e-10 2.079736796889424384e-10 1.420252438415105086e-10 8.923307629603406353e-11 4.791040110024959017e-11 1.615873262873423261e-11 -8.498327925219002340e-12 -2.746166051471974708e-11 -4.213758812484920646e-11 -5.415141032353367451e-11 -6.431134024821028350e-11 6.780116276606917044e-09 7.198200025643574462e-09 7.763948392367446664e-09 8.472489722443790932e-09 9.379348992655361982e-09 1.051125721323201606e-08 1.183499784889599669e-08 1.324363351864732939e-08 1.439297529348825618e-08 1.446439188708172404e-08 1.263421298960466994e-08 1.007127331805302075e-08 7.628482429732736265e-09 5.510717781917143485e-09 3.783771505545586038e-09 2.427550671589655688e-09 1.364482151715772654e-09 5.507315948013332317e-10 -6.000146117217602533e-11 -5.235861997445440622e-10 -8.748958016888298962e-10 -1.149498621470600018e-09 -1.383502772247804133e-09 -1.584230159511715189e-09 2.078665926914474871e-08 2.205786283384254694e-08 2.376284569044460599e-08 2.607496159363596144e-08 2.932931492023185864e-08 3.364850447560972760e-08 3.893817320060810674e-08 4.488481799626007438e-08 5.039997552560584417e-08 5.243189764474576915e-08 4.443092029743731044e-08 3.440469089919853985e-08 2.535390420390851689e-08 1.776115955402373714e-08 1.172962414921713140e-08 7.095735661197344191e-09 3.542124465662439842e-09 8.780202340044204550e-10 -1.079027189011412502e-09 -2.539002368787735411e-09 -3.642316178126854708e-09 -4.532052328823001519e-09 -5.319386270780975856e-09 -5.961713517218008842e-09 6.771878957242140450e-09 7.116927609234251665e-09 7.635792633319417157e-09 8.425201381788213283e-09 9.593060080125845505e-09 1.116369832212342990e-08 1.307519147579921267e-08 1.517956026327259324e-08 1.699329848276478822e-08 1.732515376572114971e-08 1.500217321262578036e-08 1.167487340384191612e-08 8.556165480202759300e-09 5.915685845991271604e-09 3.817276551887649331e-09 2.213913753279708486e-09 9.933251183831277346e-10 8.720180445188907980e-11 -5.730943042231710917e-10 -1.064893126873142012e-09 -1.443110519784321375e-09 -1.756158194111335659e-09 -2.024799954020332554e-09 -2.220903436336821634e-09 4.984539818198012946e-10 5.206509516166673791e-10 5.591475640334002530e-10 6.217323623682016020e-10 7.159015224427795624e-10 8.429664543544939575e-10 9.979731073482328883e-10 1.169484277988481230e-09 1.318921746523751939e-09 1.349509779279163049e-09 1.165998764425882356e-09 9.021007550181598921e-10 6.559660153539081825e-10 4.488733661056156755e-10 2.853820133992638932e-10 1.613088201376374260e-10 6.749123889039769211e-11 -1.728618866012822510e-12 -5.197441125303235485e-11 -8.952446265892426494e-11 -1.188191381618450114e-10 -1.430590298121430086e-10 -1.628609170819887721e-10 -1.761019290928829608e-10
3.164227950393248213e-11 3.285036384256138123e-11 3.467261041756284361e-11 3.708464774087124670e-11 4.008496487677400804e-11 4.357833504483416645e-11 4.743849113209339726e-11 5.154302273305821560e-11 5.543426302725436832e-11 5.819461220252276659e-11 5.770683887489954791e-11 5.158364329648559796e-11 4.323158855858905245e-11 3.483072313596656086e-11 2.724566651869989981e-11 2.077294508638528915e-11 1.530538088953036133e-11 1.080893315040041102e-11 7.186688718205030767e-12 4.243783228082861108e-12 1.889302577366026458e-12 2.638847960440021651e-14 -1.477783852630804308e-12 -2.688265196184136540e-12 2.757945020965257859e-10 2.893594209267643931e-10 3.083360838877806259e-10 3.330099406432079539e-10 3.653186043781251252e-10 4.063968245394190974e-10 4.560895672960406913e-10 5.132926161971958289e-10 5.717441814896552355e-10 6.180586849684758040e-10 6.217027446977437167e-10 5.501340131087961201e-10 4.487660776681850432e-10 3.482029693602398435e-10 2.596988771238121712e-10 1.863759888838435616e-10 1.263691883523443758e-10 7.863983933979803123e-11 4.152086556709356419e-11 1.246319128173650989e-11 -9.906197975024163912e-12 -2.696933985081518991e-11 -4.042504027265932134e-11 -5.137276181060462744e-11 4.879587096020944036e-09 5.079787224594289660e-09 5.380169730229782378e-09 5.834566917718956378e-09 6.511698983726259409e-09 7.440116968457139096e-09 8.609176768670408211e-09 9.990006272050482768e-09 1.143748532983019186e-08 1.263421298960467160e-08 1.284358227059896520e-08 1.129524908139517399e-08 9.055624130582954498e-09 6.857702587467136326e-09 4.956075817903287919e-09 3.410407152724086428e-09 2.170952982386129318e-09 1.206304096460145839e-09 4.732664839629891191e-10 -8.702168097486488420e-11 -5.088473296032897125e-10 -8.264726420762894237e-10 -1.080286966661426406e-09 -1.296005821991271626e-09 1.441830008023478413e-08 1.473855543369160340e-08 1.549438998070793281e-08 1.698666641379028008e-08 1.944609081607702288e-08 2.295273631534224899e-08 2.745994898542119582e-08 3.292521505806481435e-08 3.891108371599579240e-08 4.443092029743730382e-08 4.676512699436999665e-08 3.989242911576402457e-08 3.106739073092392882e-08 2.288139383576932258e-08 1.603531681301268532e-08 1.061911020793551855e-08 6.373947991044699167e-09 3.143012100643390731e-09 7.382397593517804222e-10 -1.062745758798019518e-09 -2.397567041909977479e-09 -3.402018502439941830e-09 -4.231778587831373315e-09 -4.964271053668813388e-09 4.455734472188004117e-09 4.488951531524657945e-09 4.723612327203688462e-09 5.260002637285326206e-09 6.164337730980129880e-09 7.449930188940891961e-09 9.093434210620405350e-09 1.106422940750054889e-08 1.317870791332979516e-08 1.500217321262578036e-08 1.547242231059092456e-08 1.348960036837153700e-08 1.056088755042090006e-08 7.737152854357648661e-09 5.353569121790438185e-09 3.467681985088021338e-09 1.997645371236378461e-09 8.866168235275496531e-10 6.694493994382070926e-11 -5.427816171497929044e-10 -9.945962800707736057e-10 -1.340952089952952873e-09 -1.634593018315335477e-09 -1.885920856023527876e-09 3.134793113769735110e-10 3.152429950187506775e-10 3.344748347508540934e-10 3.783498795147090831e-10 4.515383852514134988e-10 5.549829491899818238e-10 6.870581248574410311e-10 8.457803637638475633e-10 1.016968530748057604e-09 1.165998764425882356e-09 1.206655340892782003e-09 1.049586375018555082e-09 8.169266173077497507e-10 5.938441782113478609e-10 4.067758718180028539e-10 2.597535966409223276e-10 1.458967730547132411e-10 6.038379359092587552e-11 -2.347985361295580724e-12 -4.884827966457378355e-11 -8.342614998828763013e-11 -1.103149795613131088e-10 -1.330969825318778194e-10 -1.516595568650302763e-10
2.413521354820812458e-11 2.504351117531649358e-11 2.644302077162015394e-11 2.831096337000412141e-11 3.066825432755754752e-11 3.350402825918022287e-11 3.680648307406974478e-11 4.059534061567929829e-11 4.467193575711971191e-11 4.859942525999688638e-11 5.158364329648559796e-11 5.157295926869619144e-11 4.634999411530622764e-11 3.888524361735923987e-11 3.136862164454341405e-11 2.459780468128354296e-11 1.869568101625441441e-11 1.374101928099301435e-11 9.690824748158525123e-12 6.364120994738011217e-12 3.681508836113613251e-12 1.550547084844796709e-12 -1.672610671989372929e-13 -1.543051574227225974e-12 2.007286760317427711e-10 2.067588376884171480e-10 2.168420195904716681e-10 2.327281517797321943e-10 2.566428123981283359e-10 2.897364020509993586e-10 3.321478569724546612e-10 3.839820178943025157e-10 4.424544211239911109e-10 5.015541220586887010e-10 5.501340131087962235e-10 5.588227975118343098e-10 4.976452297447820892e-10 4.065551917062209696e-10 3.160286969036319178e-10 2.365117424801631753e-10 1.691975808082604006e-10 1.144473491408238457e-10 7.117168653769817403e-11 3.687200088051846771e-11 1.023618059022652225e-11 -1.011752962574973037e-11 -2.594375876889999112e-11 -3.834230918107414188e-11 3.322735032617274765e-09 3.331369532845613411e-09 3.451367392447072808e-09 3.747371088366874726e-09 4.265714019287572774e-09 5.021565769708765874e-09 6.010078940587675662e-09 7.233067802584804838e-09 8.631088136450121942e-09 1.007127331805302075e-08 1.129524908139517564e-08 1.159529907384271764e-08 1.026295047683120847e-08 8.239691634310135559e-09 6.251884333054478748e-09 4.536411059918796733e-09 3.112603546055088059e-09 1.978625464576122651e-09 1.101859250136400146e-09 4.226245379084513262e-10 -9.288828468443338860e-11 -4.787539709477995001e-10 -7.755568239750021207e-10 -1.011672369199458008e-09 8.904517792088404043e-09 8.657139283817983895e-09 8.947198770943267118e-09 9.993273475885756205e-09 1.191690991263850036e-08 1.474159733472830081e-08 1.846191019671420499e-08 2.311523335994998647e-08 2.855980363674635645e-08 3.440469089919853323e-08 3.989242911576402457e-08 4.241345034420628584e-08 3.638003912899450994e-08 2.835764957029960268e-08 2.092618718799269754e-08 1.473440454515560900e-08 9.734890339593865837e-09 5.843140238986575517e-09 2.899090303858964914e-09 6.630144008928200052e-10 -1.001623219808028930e-09 -2.229487799657170076e-09 -3.173978306390816551e-09 -3.951029556012839167e-09 2.395979664200086868e-09 2.325737492986510022e-09 2.455541274517819023e-09 2.860962255794002634e-09 3.580020979410814585e-09 4.620382749623696277e-09 5.976525526226208465e-09 7.662819691125664889e-09 9.616528395938643683e-09 1.167487340384191612e-08 1.348960036837153369e-08 1.404021958545486026e-08 1.231659633744230469e-08 9.654947744919562708e-09 7.090401056066499354e-09 4.933294303455675797e-09 3.190890503745740667e-09 1.841135556423205254e-09 8.264531670748201400e-10 6.201877529825371522e-11 -5.034988830161476782e-10 -9.206500535541413914e-10 -1.247655690745679171e-09 -1.523748419913302196e-09 1.488793155960712666e-10 1.478239693400220485e-10 1.613206915315039557e-10 1.955055623978569328e-10 2.537874782685234690e-10 3.370653461315034620e-10 4.452346395539162428e-10 5.798333038328994320e-10 7.363039017679160970e-10 9.021007550181598921e-10 1.049586375018555082e-09 1.095971776032820440e-09 9.591917792985259655e-10 7.475657658870082998e-10 5.448212325921956345e-10 3.753927795079029748e-10 2.394132855341186963e-10 1.347375886136069163e-10 5.653018145733261744e-11 -2.056148619476357564e-12 -4.524189046664210597e-11 -7.720826475640153697e-11 -1.026274104928635121e-10 -1.240726772308215756e-10
1.814199221588388521e-11 1.881008755310459753e-11 1.981989971725608559e-11 2.117998322046219443e-11 2.295855316779552179e-11 2.520658000402888598e-11 2.796210084206819000e-11 3.129126147407584027e-11 3.510835829292948740e-11 3.919923701899283909e-11 4.323158855858905245e-11 4.634999411530622764e-11 4.666218206065452065e-11 4.205622810033079968e-11 3.536146777277105794e-11 2.861702437376315422e-11 2.240542468238539439e-11 1.702096084113182926e-11 1.252604245751416928e-11 8.778577470578824334e-12 5.722770089969386069e-12 3.275760421822571885e-12 1.295262895680912110e-12 -2.883437050125807480e-13 1.378289567588171291e-10 1.381263972956727113e-10 1.423278526633578690e-10 1.526707919311861141e-10 1.708967768389161075e-10 1.977502643590284256e-10 2.333295107674903793e-10 2.781586046693081206e-10 3.310441568914093484e-10 3.892942515349330094e-10 4.487660776681850432e-10 4.976452297447820892e-10 5.089959741427124525e-10 4.545605756802023607e-10 3.722407088241629740e-10 2.904534924986464861e-10 2.170388859880198891e-10 1.552678422336751679e-10 1.053327614982954983e-10 6.509512740927847043e-11 3.344141920217273996e-11 9.026909723238571187e-12 -9.998475735042044509e-12 -2.469544761508796338e-11 1.923544519780857141e-09 1.862043171539188495e-09 1.913548696193790319e-09 2.132548093759769991e-09 2.547649846597818073e-09 3.166370527231685583e-09 3.987173264307419831e-09 5.024061026824547882e-09 6.255688942503515237e-09 7.628482429732736265e-09 9.055624130582954498e-09 1.026295047683120847e-08 1.060184877790306870e-08 9.407265690832646575e-09 7.570467481403478752e-09 5.768662548694258385e-09 4.180839621591959725e-09 2.871423335016687195e-09 1.834801974377725385e-09 1.017232268962575089e-09 3.880192416119523945e-10 -8.681429635154748900e-11 -4.497083848817396765e-10 -7.273452600767847511e-10 3.764602891291523679e-09 3.611537699389702227e-09 3.868750158243242287e-09 4.734379700765045131e-09 6.299419139591397223e-09 8.593169060844228352e-09 1.161750211216848721e-08 1.545947571791752030e-08 2.007907239922890612e-08 2.535390420390851689e-08 3.106739073092392882e-08 3.638003912899450994e-08 3.889988081900100634e-08 3.342711026907808874e-08 2.611675728334073327e-08 1.936593197318506208e-08 1.362384945592086048e-08 9.016407797479652237e-09 5.449789272004426863e-09 2.696006793864997741e-09 6.172647735481822906e-10 -9.218755949386103225e-10 -2.081476889351417746e-09 -2.968955536041465592e-09 4.929873941585278234e-10 5.479954879986619845e-10 7.197104083074733394e-10 1.079860792525841945e-09 1.674675393637405551e-09 2.519470795778848978e-09 3.620738009711170115e-09 5.009504173428570462e-09 6.672697736531233185e-09 8.556165480202759300e-09 1.056088755042089841e-08 1.231659633744230469e-08 1.288869086898110708e-08 1.133206177732225291e-08 8.906719807831158708e-09 6.575397831945194527e-09 4.572756995666103928e-09 2.964515050327746008e-09 1.725177455294056677e-09 7.740614004704068036e-10 6.183537583064856944e-11 -4.622849393167821733e-10 -8.572865241380203877e-10 -1.165444048179261433e-09 -1.820479101937548678e-14 1.085912250660359862e-11 2.942608642298440706e-11 6.063476356308243658e-11 1.089893897131938246e-10 1.763493037291980013e-10 2.636424532449926682e-10 3.736632164757953487e-10 5.057325783338873150e-10 6.559660153539081825e-10 8.169266173077497507e-10 9.591917792985261723e-10 1.006877436324653641e-09 8.831917062843587597e-10 6.901829313583422479e-10 5.057108926744346060e-10 3.482635339689991632e-10 2.226333735688558682e-10 1.264354204544418592e-10 5.306844223334142387e-11 -1.557870062625500364e-12 -4.161241981942106341e-11 -7.190443741743318142e-11 -9.587235107499945245e-11
1.317109803732947878e-11 1.362402530722842701e-11 1.429047264305501067e-11 1.522640535238237032e-11 1.654263630769802244e-11 1.831719987225801690e-11 2.059683173708607586e-11 2.345243782076897575e-11 2.684840726334556027e-11 3.067958856258890790e-11 3.483072313596656086e-11 3.888524361735923341e-11 4.205622810033079321e-11 4.262141141365488211e-11 3.857907911860546244e-11 3.257050296064879190e-11 2.635711383227355781e-11 2.065623640393824081e-11 1.573740872344934791e-11 1.154745309899737289e-11 8.078237873030824763e-12 5.268306766300836293e-12 2.975290469283095292e-12 1.134076068394395037e-12 7.980126274837206853e-11 7.845403103532145716e-11 8.054461408485667365e-11 8.822195674313186160e-11 1.028479041829592369e-10 1.249205511243733856e-10 1.545294441923227727e-10 1.923514065747916880e-10 2.379714453431598907e-10 2.902780428748925959e-10 3.482029693602398435e-10 4.065551917062209696e-10 4.545605756802023090e-10 4.678917609245119639e-10 4.196197029908446978e-10 3.451669260036685507e-10 2.693415534899263933e-10 2.015928292614067772e-10 1.448868316291918983e-10 9.812400470395651575e-11 6.069990926826518066e-11 3.144381298212423357e-11 8.426048870806798306e-12 -9.393046944606524421e-12 5.820409479134726608e-10 5.922968786060027338e-10 6.737484789748134690e-10 8.743479517753455433e-10 1.225269312509099645e-09 1.736912535245146941e-09 2.412582503810620416e-09 3.271496684743280921e-09 4.310130843635408234e-09 5.510717781917143485e-09 6.857702587467134671e-09 8.239691634310135559e-09 9.407265690832646575e-09 9.776196512096774406e-09 8.711107733495892061e-09 7.044495097937060265e-09 5.369843028852440127e-09 3.901043623815071963e-09 2.695803980420992832e-09 1.721954274840384698e-09 9.586881094010306422e-10 3.746089364951263966e-10 -7.525609424917204341e-11 -4.169659240245330477e-10 -1.111498289075669062e-09 -7.006147515761062040e-10 -1.396112517709094815e-10 7.331296565354961405e-10 2.078311109438286269e-09 3.957503476890546006e-09 6.408222616981616820e-09 9.518605669378674469e-09 1.331225311038139955e-08 1.776115955402374044e-08 2.288139383576932258e-08 2.835764957029959937e-08 3.342711026907808874e-08 3.594328977259355023e-08 3.102467647826966685e-08 2.436686232650912348e-08 1.807500654785716479e-08 1.274996206024919494e-08 8.498056188324511860e-09 5.138220337881146597e-09 2.560246752592095687e-09 6.252175110750316452e-10 -8.370859746974240635e-10 -1.932298124456856933e-09 -1.227883905634766229e-09 -9.611817290665120348e-10 -6.483291331221235585e-10 -2.639879600975225743e-10 2.571711446880308845e-10 9.521911528852460446e-10 1.841228330246460599e-09 2.962079682906723418e-09 4.323024322697115900e-09 5.915685845991271604e-09 7.737152854357648661e-09 9.654947744919564362e-09 1.133206177732225291e-08 1.192636765294863513e-08 1.053133577521041577e-08 8.322421622505865984e-09 6.147732073775949779e-09 4.288067557896804730e-09 2.801740827944668826e-09 1.632502279236150735e-09 7.407482349815221778e-10 7.673812891552751181e-11 -4.220714199490686690e-10 -7.957051043703502691e-10 -1.292219176557237871e-10 -1.043337144183994455e-10 -7.481872896939316991e-11 -4.098839360783861113e-11 1.826452395137499881e-12 5.721242385687705408e-11 1.273393461517996563e-10 2.155516954531772551e-10 3.228294317967135337e-10 4.488733661056156238e-10 5.938441782113476541e-10 7.475657658870082998e-10 8.831917062843588631e-10 9.323242020108301990e-10 8.212960566584929414e-10 6.453195486371229147e-10 4.730874728122347572e-10 3.267712016311329798e-10 2.105917580660578038e-10 1.197838213341054624e-10 5.096076896386729902e-11 1.086985744700243974e-14 -3.812207744844635650e-11 -6.678332656744235405e-11
8.961790921706664052e-12 9.209468545307720946e-12 9.621988652217775334e-12 1.027253969730411619e-11 1.127261375598263882e-11 1.269916755736090387e-11 1.459311345524438060e-11 1.701831883177460059e-11 1.996263802342367640e-11 2.337638575830123272e-11 2.724566651869989981e-11 3.136862164454341405e-11 3.536146777277105794e-11 3.857907911860546244e-11 3.932924650847797711e-11 3.575032599418424186e-11 3.020928525341516793e-11 2.448564491302720351e-11 1.925383522552158054e-11 1.464645263206192115e-11 1.074802077103671326e-11 7.541407250182597193e-12 4.894330224498770489e-12 2.750812961238107059e-12 2.507107618371742590e-11 2.624430511980551668e-11 2.973224671228802485e-11 3.712584109801563762e-11 4.979783312050079729e-11 6.835885887984694068e-11 9.303870255040522644e-11 1.245990450441083199e-10 1.630250484654547528e-10 2.079736796889424384e-10 2.596988771238121712e-10 3.160286969036319178e-10 3.722407088241629740e-10 4.196197029908446978e-10 4.342361467655734181e-10 3.910661158332724743e-10 3.219683615505520849e-10 2.517657206956696078e-10 1.893169728579220906e-10 1.359769068335418538e-10 9.227690334286618866e-11 5.751734599409745078e-11 2.980018226572428020e-11 8.139789816738222928e-12 -6.515114205119162058e-10 -5.057785855925965217e-10 -3.267827779146571097e-10 -9.695674354692841619e-11 2.230429000809543376e-10 6.560247789123347001e-10 1.213686316722082292e-09 1.918510444922266160e-09 2.775652644646899468e-09 3.783771505545586865e-09 4.956075817903286265e-09 6.251884333054478748e-09 7.570467481403478752e-09 8.711107733495892061e-09 9.098738568772448248e-09 8.142148506896147267e-09 6.591053773116069960e-09 5.036548760079453802e-09 3.678993511002011079e-09 2.541950113035582624e-09 1.628989910544489972e-09 9.176793245205496468e-10 3.623489978548087072e-10 -6.256793008769872651e-11 -5.303144677428479641e-09 -4.389760958563531883e-09 -3.371522436420325925e-09 -2.313414770932562727e-09 -1.058926967615853022e-09 5.285672109639932310e-10 2.522731126108271454e-09 5.030775567590117425e-09 8.089799424453052612e-09 1.172962414921713140e-08 1.603531681301268532e-08 2.092618718799270085e-08 2.611675728334073327e-08 3.102467647826967347e-08 3.353768255774059355e-08 2.905984667733191859e-08 2.284051888538007205e-08 1.698482713545588169e-08 1.205192544561569746e-08 8.032197155078388885e-09 4.876229876862098728e-09 2.469400104244415308e-09 6.260911300687805067e-10 -7.575713471268401690e-10 -2.597987133244356089e-09 -2.211881153120144680e-09 -1.755767333870061818e-09 -1.291832052388408235e-09 -7.898449561935237909e-10 -1.968707900816266916e-10 5.268449062847893813e-10 1.425742907319477403e-09 2.518720024513373959e-09 3.817276551887650158e-09 5.353569121790438185e-09 7.090401056066498527e-09 8.906719807831158708e-09 1.053133577521041577e-08 1.113519868215825575e-08 9.874181945485400953e-09 7.809890136785325511e-09 5.783979995826484328e-09 4.059510687964843024e-09 2.652926714130564320e-09 1.553552229606933372e-09 7.201224286446257510e-10 8.701180772716679405e-11 -3.853906890546199025e-10 -2.273061714517499392e-10 -1.967516219998738404e-10 -1.588579086036550486e-10 -1.191929619575656295e-10 -7.732787291077395258e-11 -2.973735476386875433e-11 2.724561724464774522e-11 9.763474943114160343e-11 1.832764709113279164e-10 2.853820133992638932e-10 4.067758718180029573e-10 5.448212325921955311e-10 6.901829313583422479e-10 8.212960566584930448e-10 8.708827986329857674e-10 7.703568800514553628e-10 6.057709750687054857e-10 4.452325464459646882e-10 3.094939818989036079e-10 1.995064791840667189e-10 1.140993767811659257e-10 4.976462370688580177e-11 1.176625859756425116e-12 -3.494767015762894497e-11
5.290314237954252539e-12 5.392278319145722478e-12 5.663543337413911245e-12 6.173699856451909169e-12 6.996914243332545357e-12 8.188336512601782222e-12 9.783422815104187859e-12 1.184138281959431552e-11 1.436350581424343668e-11 1.732997108362063737e-11 2.077294508638528592e-11 2.459780468128354296e-11 2.861702437376315422e-11 3.257050296064879190e-11 3.575032599418424186e-11 3.658601201450998697e-11 3.330781764446390432e-11 2.819274244379064260e-11 2.292391023009221547e-11 1.800843376260943461e-11 1.370839973858270135e-11 1.009385347694135881e-11 7.063616918668211895e-12 4.581068438881982417e-12 -2.448605198309796954e-11 -1.916386680501953974e-11 -1.217372551952168086e-11 -3.222570169885819921e-12 8.892156826134004573e-12 2.507990061525616352e-11 4.588711893785333926e-11 7.219654977811022782e-11 1.042281263770051181e-10 1.420252438415105345e-10 1.863759888838435616e-10 2.365117424801632270e-10 2.904534924986464861e-10 3.451669260036685507e-10 3.910661158332725260e-10 4.059214004743964171e-10 3.660360607527098365e-10 3.019264446806292306e-10 2.370387520666263415e-10 1.781431335220108440e-10 1.281670263791201237e-10 8.747737309300504111e-11 5.447232414178732381e-11 2.833802839876469143e-11 -1.669532620181951415e-09 -1.431851969075045667e-09 -1.149570177155205485e-09 -8.564033930466690110e-10 -5.337043260492391722e-10 -1.506194479498601212e-10 3.168735816033123283e-10 8.960550435785998819e-10 1.597395133100965186e-09 2.427550671589655688e-09 3.410407152724086428e-09 4.536411059918796733e-09 5.768662548694258385e-09 7.044495097937058611e-09 8.142148506896147267e-09 8.526459372806365146e-09 7.638499054484643801e-09 6.195170851474434638e-09 4.754683953034675427e-09 3.471232347654275574e-09 2.403341517190478820e-09 1.551262552096089593e-09 8.742418817991815995e-10 3.493690969932033090e-10 -8.387078128990464626e-09 -7.345633244665412759e-09 -6.042802129373496749e-09 -4.718296019678017656e-09 -3.404734073622754769e-09 -1.985032651466323774e-09 -3.234703671969784133e-10 1.705373830716344176e-09 4.163907771229679398e-09 7.095735661197344191e-09 1.061911020793551855e-08 1.473440454515561066e-08 1.936593197318506208e-08 2.436686232650912017e-08 2.905984667733191859e-08 3.147535619814065018e-08 2.729034538162580308e-08 2.148854279855718316e-08 1.605346309313762222e-08 1.138314771114643331e-08 7.603353410241191291e-09 4.654475554731363158e-09 2.361266477189830565e-09 6.174094363039746591e-10 -3.519080310802669335e-09 -3.144731520345300245e-09 -2.647541943401102082e-09 -2.111291489012567077e-09 -1.579159252013446246e-09 -1.035334364128007588e-09 -4.286969100053197698e-10 2.974950978858002275e-10 1.171359562996590272e-09 2.213913753279708486e-09 3.467681985088021338e-09 4.933294303455675797e-09 6.575397831945193700e-09 8.322421622505865984e-09 9.874181945485400953e-09 1.045882692766517202e-08 9.280633692104104010e-09 7.353364861679604366e-09 5.471369127178848770e-09 3.837591917878386421e-09 2.514080883560091739e-09 1.486300343193736477e-09 6.918304798230410928e-10 9.261053686908813160e-11 -2.902295786762803195e-10 -2.623982046658219383e-10 -2.243095120155433714e-10 -1.813856139399935215e-10 -1.375191509945909770e-10 -9.327633245895277695e-11 -4.523030621408546814e-11 1.156247583084268225e-11 7.976443108118392213e-11 1.613088201376374519e-10 2.597535966409223793e-10 3.753927795079029748e-10 5.057108926744345026e-10 6.453195486371229147e-10 7.703568800514553628e-10 8.181792717462161336e-10 7.241572575528430313e-10 5.704278024220104613e-10 4.212505180231807749e-10 2.926249419430267362e-10 1.891210066743774390e-10 1.092693179864966852e-10 4.793306238874720933e-11 1.932964462919060307e-12
1.922942999316590081e-12 2.004543036542874479e-12 2.249872559616455503e-12 2.723987744624048894e-12 3.472502507277088143e-12 4.518584845466164791e-12 5.887571788864648835e-12 7.638385034679512114e-12 9.783623997740149589e-12 1.232182591230970593e-11 1.530538088953036133e-11 1.869568101625441441e-11 2.240542468238539762e-11 2.635711383227355781e-11 3.020928525341516793e-11 3.330781764446390432e-11 3.422212537353791532e-11 3.124641796493711490e-11 2.653980227230015616e-11 2.157879907319837515e-11 1.697552913899941064e-11 1.297233003265638045e-11 9.541334973598853928e-12 6.685750170862961949e-12 -6.660931991995479029e-11 -5.825154293784740463e-11 -4.777214925481055138e-11 -3.628407020911604756e-11 -2.349506802187132347e-11 -8.593156557669383710e-12 9.314214380987753915e-12 3.133146576583867782e-11 5.788110626780733278e-11 8.923307629603406353e-11 1.263691883523444016e-10 1.691975808082604265e-10 2.170388859880199408e-10 2.693415534899264450e-10 3.219683615505520849e-10 3.660360607527097848e-10 3.813206383151980008e-10 3.448664998026928051e-10 2.855983426872749161e-10 2.242489738825536817e-10 1.688693580049091992e-10 1.221471945173628365e-10 8.335026746133280027e-11 5.209906225696995918e-11 -2.417082852080004970e-09 -2.166106719880106320e-09 -1.837938741501259333e-09 -1.485166449295608824e-09 -1.131275787672378181e-09 -7.671688325706102763e-10 -3.628421370667560573e-10 1.170417402806933365e-10 6.888910184812675275e-10 1.364482151715772654e-09 2.170952982386129318e-09 3.112603546055088473e-09 4.180839621591959725e-09 5.369843028852440127e-09 6.591053773116069960e-09 7.638499054484643801e-09 8.025562603677520664e-09 7.210222553242115729e-09 5.872073561061446958e-09 4.506933796939032038e-09 3.297555339165010242e-09 2.297235735996098281e-09 1.483250894062529098e-09 8.410436706802358382e-10 -1.033459244842788486e-08 -9.440134329038226975e-09 -8.182433415517230923e-09 -6.739193000519438296e-09 -5.287443662536044211e-09 -3.892933661589182584e-09 -2.446105028478682847e-09 -7.784625558894815048e-10 1.195764460084570769e-09 3.542124465662440255e-09 6.373947991044699167e-09 9.734890339593867492e-09 1.362384945592086048e-08 1.807500654785716479e-08 2.284051888538007205e-08 2.729034538162580639e-08 2.964023129679260254e-08 2.578012959847248346e-08 2.038785903152377212e-08 1.522866298363467365e-08 1.082258095695951217e-08 7.278560687334159956e-09 4.459126966253172952e-09 2.282333622667003912e-09 -4.037129436736813101e-09 -3.740998667454507460e-09 -3.308439138339124415e-09 -2.782358247634623019e-09 -2.222016922880126338e-09 -1.679488456813557719e-09 -1.139386573302996659e-09 -5.389498530246162454e-10 1.624760202711383477e-10 9.933251183831277346e-10 1.997645371236378461e-09 3.190890503745741080e-09 4.572756995666103928e-09 6.147732073775949779e-09 7.809890136785325511e-09 9.280633692104100701e-09 9.858569761773271718e-09 8.771625672325966720e-09 6.980303346381427490e-09 5.193353750223451279e-09 3.651432692629083834e-09 2.410016878024855316e-09 1.427008649398823330e-09 6.725259255702938795e-10 -3.233436146633210677e-10 -3.019038685385629207e-10 -2.701586341135097051e-10 -2.304904217672688266e-10 -1.864968478875346807e-10 -1.426197029393425201e-10 -9.922535856286272351e-11 -5.194287000883659558e-11 2.768607760848538526e-12 6.749123889039769211e-11 1.458967730547132411e-10 2.394132855341186963e-10 3.482635339689992149e-10 4.730874728122347572e-10 6.057709750687054857e-10 7.241572575528430313e-10 7.713079163753324363e-10 6.845140475326186626e-10 5.415842428947568856e-10 3.999132043665599508e-10 2.785015636500788898e-10 1.814024575169477177e-10 1.050113363688220928e-10 4.674366374183287919e-11
-1.156681362399186407e-12 -9.711634465868680564e-13 -6.463040042194341374e-13 -1.388615238966948696e-13 5.934669438296269860e-13 1.560326637670453080e-12 2.770534388289177578e-12 4.277270017440803130e-12 6.102988079250925322e-12 8.259978195693600271e-12 1.080893315040041102e-11 1.374101928099301435e-11 1.702096084113182926e-11 2.065623640393823757e-11 2.448564491302720028e-11 2.819274244379064260e-11 3.124641796493711490e-11 3.221602037843305208e-11 2.950271480985899604e-11 2.507044284827210612e-11 2.041586624003336116e-11 1.611988255165411245e-11 1.231001944890585873e-11 9.067744141476237270e-12 -9.858633978711604727e-11 -8.941002526540247594e-11 -7.725453180795895436e-11 -6.371214154985633802e-11 -4.955988233962495752e-11 -3.485124072122243341e-11 -1.879123866396001038e-11 -5.545592926953255294e-14 2.202517109268906571e-11 4.791040110024959663e-11 7.863983933979801830e-11 1.144473491408238457e-10 1.552678422336751679e-10 2.015928292614067255e-10 2.517657206956696078e-10 3.019264446806292306e-10 3.448664998026928051e-10 3.603596944975923857e-10 3.268820607276326698e-10 2.708119527435776835e-10 2.130196158468506272e-10 1.611381379961610514e-10 1.165020685588368013e-10 7.969810684753085715e-11 -2.884585201053488526e-09 -2.671029684464082680e-09 -2.366478567696223329e-09 -2.004261957827532036e-09 -1.621741479184558944e-09 -1.249101590650418742e-09 -8.774115523513625832e-10 -4.686377303030548507e-10 1.686366194174049452e-12 5.507315948013332317e-10 1.206304096460145839e-09 1.978625464576123065e-09 2.871423335016687195e-09 3.901043623815071963e-09 5.036548760079453802e-09 6.195170851474433811e-09 7.210222553242117383e-09 7.595889648769138095e-09 6.843927126524944967e-09 5.575092080316215627e-09 4.286807818590115535e-09 3.152093710110820492e-09 2.195120451571800228e-09 1.421993357440073125e-09 -1.131044731909746987e-08 -1.064355271974531961e-08 -9.634977525278063166e-09 -8.337324873647468103e-09 -6.867676171221711547e-09 -5.417985876622596818e-09 -4.046548444168306963e-09 -2.616285652758220237e-09 -1.003220146580162401e-09 8.780202340044204550e-10 3.143012100643390731e-09 5.843140238986575517e-09 9.016407797479652237e-09 1.274996206024919494e-08 1.698482713545588169e-08 2.148854279855718316e-08 2.578012959847248346e-08 2.808100474132830745e-08 2.448690457475836741e-08 1.936444053378559359e-08 1.449071785425280759e-08 1.035362007078549874e-08 6.961220789123438029e-09 4.281924958895280238e-09 -4.238526206860659443e-09 -4.028786322849981573e-09 -3.703831343316293006e-09 -3.269275325795381581e-09 -2.748262792624901750e-09 -2.204311262067039192e-09 -1.682622994979763367e-09 -1.155697996037052580e-09 -5.785496612736242249e-10 8.720180445188909273e-11 8.866168235275496531e-10 1.841135556423205254e-09 2.964515050327746008e-09 4.288067557896804730e-09 5.783979995826484328e-09 7.353364861679604366e-09 8.771625672325966720e-09 9.340050855481820304e-09 8.334040293167726359e-09 6.632568645126273713e-09 4.944133362477462641e-09 3.496014568111177425e-09 2.307349535286808743e-09 1.372840635080101713e-09 -3.337379486490661964e-10 -3.187799958836939413e-10 -2.954788763549856917e-10 -2.639142245330759562e-10 -2.250424680264811619e-10 -1.827745955658322282e-10 -1.409343361623168183e-10 -9.881855770977720257e-11 -5.351424071313749573e-11 -1.728618866012821500e-12 6.038379359092587552e-11 1.347375886136069422e-10 2.226333735688558682e-10 3.267712016311329798e-10 4.452325464459646882e-10 5.704278024220105647e-10 6.845140475326186626e-10 7.308097239732960799e-10 6.504455555679752051e-10 5.146586077822033261e-10 3.807756669035820333e-10 2.667293174137634513e-10 1.737351744080569642e-10 1.010945639964027802e-10
-3.865463602225323883e-12 -3.532723542353761275e-12 -3.070673176411524440e-12 -2.482176193213354315e-12 -1.734186082692840545e-12 -8.107337533364265017e-13 2.937854961728142124e-13 1.618769799420338912e-12 3.187019859597254610e-12 5.021377100168195645e-12 7.186688718205029959e-12 9.690824748158523508e-12 1.252604245751416928e-11 1.573740872344934791e-11 1.925383522552158377e-11 2.292391023009221547e-11 2.653980227230014646e-11 2.950271480985899604e-11 3.047231311306503990e-11 2.792392946050944341e-11 2.375935002544264437e-11 1.940813796225369866e-11 1.531368184459594918e-11 1.170835117210648643e-11 -1.199735134527673176e-10 -1.116609998074996403e-10 -9.995484758738060505e-11 -8.602351040098787447e-11 -7.095260831625406789e-11 -5.577620682433501512e-11 -4.050036550462560373e-11 -2.397141020340768893e-11 -5.312607306552739802e-12 1.615873262873423261e-11 4.152086556709357065e-11 7.117168653769818696e-11 1.053327614982955112e-10 1.448868316291918983e-10 1.893169728579221681e-10 2.370387520666263415e-10 2.855983426872749161e-10 3.268820607276326698e-10 3.419150642763318725e-10 3.102377918399268752e-10 2.573338103767057481e-10 2.031254574416536576e-10 1.535277576163428238e-10 1.111680744255856938e-10 -3.118611086667587866e-09 -2.956754814965021628e-09 -2.712313451592262272e-09 -2.395221820942768523e-09 -2.025278035837061589e-09 -1.644005533612047031e-09 -1.277774420093095938e-09 -9.089931055472228422e-10 -5.110549527316943184e-10 -6.000146117217602533e-11 4.732664839629892225e-10 1.101859250136400146e-09 1.834801974377725385e-09 2.695803980420992419e-09 3.678993511002011079e-09 4.754683953034675427e-09 5.872073561061446958e-09 6.843927126524945794e-09 7.214124593190695644e-09 6.500196849098772846e-09 5.301117581839827077e-09 4.091380480337776781e-09 3.005658984471832840e-09 2.096829977107489191e-09 -1.157886354078463160e-08 -1.111792449520358969e-08 -1.039075168377006337e-08 -9.385808206900016955e-09 -8.113930335084500081e-09 -6.704394083636069483e-09 -5.324052967965857232e-09 -3.991635897580425588e-09 -2.615155842673062658e-09 -1.079027189011412295e-09 7.382397593517804222e-10 2.899090303858964914e-09 5.449789272004426863e-09 8.498056188324513515e-09 1.205192544561569746e-08 1.605346309313762222e-08 2.038785903152377543e-08 2.448690457475836741e-08 2.667588733135787994e-08 2.325619547690461210e-08 1.841219691802439584e-08 1.383442183518962856e-08 9.874783126177663509e-09 6.652220536947907787e-09 -4.223035655128964601e-09 -4.083717826693029610e-09 -3.860630295507047970e-09 -3.544108333217980201e-09 -3.126599461421320470e-09 -2.635280011174959463e-09 -2.124639751575230376e-09 -1.623227995529276736e-09 -1.119785149868552958e-09 -5.730943042231710917e-10 6.694493994382070926e-11 8.264531670748199332e-10 1.725177455294056677e-09 2.801740827944668826e-09 4.059510687964843024e-09 5.471369127178848770e-09 6.980303346381427490e-09 8.334040293167728013e-09 8.875674060674433968e-09 7.918244825369603358e-09 6.308749396816807140e-09 4.722254195909464484e-09 3.335876300298281662e-09 2.206332937626217914e-09 -3.288949392876276327e-10 -3.191221597767284287e-10 -3.034184993748936763e-10 -2.809495781208346458e-10 -2.508199848645114901e-10 -2.143166550951430161e-10 -1.747867206298057976e-10 -1.347585429594580436e-10 -9.471160962521870804e-11 -5.197441125303235485e-11 -2.347985361295582340e-12 5.653018145733261744e-11 1.264354204544418592e-10 2.105917580660578038e-10 3.094939818989036079e-10 4.212505180231807749e-10 5.415842428947568856e-10 6.504455555679749983e-10 6.945212399433016688e-10 6.180116317286374341e-10 4.895423859549493312e-10 3.637239231944985785e-10 2.545235430363092484e-10 1.661418687886227774e-10
-6.144823384798216881e-12 -5.705588850080726313e-12 -5.119380934019906647e-12 -4.433208301084131746e-12 -3.645357883251556068e-12 -2.745165045922562688e-12 -1.717118684369430471e-12 -5.256950377515729020e-13 8.419356885869891165e-13 2.409444199605609615e-12 4.243783228082861108e-12 6.364120994738011217e-12 8.778577470578824334e-12 1.154745309899737128e-11 1.464645263206192115e-11 1.800843376260943461e-11 2.157879907319837515e-11 2.507044284827210612e-11 2.792392946050944341e-11 2.891324061564946559e-11 2.655176887367746323e-11 2.266144175187259092e-11 1.850890971077426979e-11 1.462520934321759807e-11 -1.324547146058341499e-10 -1.257525218621244762e-10 -1.158486599629847222e-10 -1.032592768624544336e-10 -8.865478711686703954e-11 -7.332001035636552934e-11 -5.815768296235142003e-11 -4.279455543714304082e-11 -2.652920448551706981e-11 -8.498327925219000725e-12 1.246319128173650989e-11 3.687200088051846771e-11 6.509512740927847043e-11 9.812400470395650283e-11 1.359769068335418538e-10 1.781431335220108440e-10 2.242489738825536817e-10 2.708119527435776318e-10 3.102377918399269269e-10 3.251815122449442599e-10 2.956445034314291747e-10 2.460419718963275785e-10 1.941558455052653414e-10 1.469885057320057129e-10 -3.184681687157651584e-09 -3.070510825756980102e-09 -2.891942818765806401e-09 -2.646372473498313357e-09 -2.333894589846578332e-09 -1.977954147105206440e-09 -1.614515068627378026e-09 -1.258568863339158371e-09 -9.032704038926096483e-10 -5.235861997445440622e-10 -8.702168097486485835e-11 4.226245379084513262e-10 1.017232268962574882e-09 1.721954274840384698e-09 2.541950113035582624e-09 3.471232347654275987e-09 4.506933796939032038e-09 5.575092080316214800e-09 6.500196849098772846e-09 6.865136869810711348e-09 6.197970882759848867e-09 5.072378629290530612e-09 3.913446266091201541e-09 2.880162002460633530e-09 -1.138220075128322439e-08 -1.108050604298216557e-08 -1.059422446771754534e-08 -9.891987110835304383e-09 -8.934758857532161398e-09 -7.744627426228447551e-09 -6.430705592194360049e-09 -5.111203016389883645e-09 -3.841837141024956312e-09 -2.539002368787735411e-09 -1.062745758798019518e-09 6.630144008928199018e-10 2.696006793864997741e-09 5.138220337881146597e-09 8.032197155078390539e-09 1.138314771114643331e-08 1.522866298363467365e-08 1.936444053378559359e-08 2.325619547690460879e-08 2.537644777967620100e-08 2.217771020644598234e-08 1.762547978857023477e-08 1.323654880332230785e-08 9.466059799207292369e-09 -4.070649821269745633e-09 -3.983797176495144430e-09 -3.841880546893996091e-09 -3.632287382752572930e-09 -3.336179955792443843e-09 -2.949932146720460719e-09 -2.495639586130108617e-09 -2.011530104327047557e-09 -1.537792195251628630e-09 -1.064893126873141805e-09 -5.427816171497929044e-10 6.201877529825375400e-11 7.740614004704069070e-10 1.632502279236150735e-09 2.652926714130565147e-09 3.837591917878387248e-09 5.193353750223451279e-09 6.632568645126272886e-09 7.918244825369603358e-09 8.449145891392276099e-09 7.553116771794167523e-09 6.040839994342669010e-09 4.519721691456716408e-09 3.199218947646325517e-09 -3.146038644583489836e-10 -3.086843138865937025e-10 -2.989179699528602092e-10 -2.843103044874890125e-10 -2.633719933647983835e-10 -2.355520665738480396e-10 -2.018886325193080717e-10 -1.645735134263463737e-10 -1.269598709205710707e-10 -8.952446265892425201e-11 -4.884827966457378355e-11 -2.056148619476359179e-12 5.306844223334142387e-11 1.197838213341054624e-10 1.995064791840667189e-10 2.926249419430267362e-10 3.999132043665598991e-10 5.146586077822033261e-10 6.180116317286374341e-10 6.611665317101736374e-10 5.895374278057053576e-10 4.687995324032777815e-10 3.481424967853195276e-10 2.441131047415822884e-10
-7.898001908083585335e-12 -7.429704688010347837e-12 -6.789158899457060833e-12 -6.037644994087608804e-12 -5.204887372666278072e-12 -4.308477116389436545e-12 -3.336864461625723944e-12 -2.247966495824572165e-12 -1.031407051556405610e-12 3.273000055233106060e-13 1.889302577366026458e-12 3.681508836113613251e-12 5.722770089969386876e-12 8.078237873030824763e-12 1.074802077103671164e-11 1.370839973858270135e-11 1.697552913899941064e-11 2.041586624003335793e-11 2.375935002544264437e-11 2.655176887367746323e-11 2.755267837194307686e-11 2.535958275028548398e-11 2.164681782953358469e-11 1.770353815386772817e-11 -1.378036326247988118e-10 -1.327826513221990928e-10 -1.251116404583210396e-10 -1.148534293205628005e-10 -1.021256353049709398e-10 -8.777513320194816670e-11 -7.291867365430754992e-11 -5.801146299545367944e-11 -4.308613613479465351e-11 -2.746166051471975354e-11 -9.906197975024163912e-12 1.023618059022652225e-11 3.344141920217273996e-11 6.069990926826518066e-11 9.227690334286617573e-11 1.281670263791201237e-10 1.688693580049091992e-10 2.130196158468506014e-10 2.573338103767057481e-10 2.956445034314291747e-10 3.104448910699959997e-10 2.828662422229363583e-10 2.353896681832550306e-10 1.860061486381105040e-10 -3.135068338405984143e-09 -3.058448458565553928e-09 -2.936147250047545505e-09 -2.761678154275925044e-09 -2.525672977072649238e-09 -2.231584734631052177e-09 -1.898692977333326274e-09 -1.551004424925792267e-09 -1.211774328586197061e-09 -8.748958016888296894e-10 -5.088473296032897125e-10 -9.288828468443338860e-11 3.880192416119523945e-10 9.586881094010306422e-10 1.628989910544489972e-09 2.403341517190478820e-09 3.297555339165010656e-09 4.286807818590114708e-09 5.301117581839827077e-09 6.197970882759848867e-09 6.557170719807999710e-09 5.933208120573805190e-09 4.854934865818653171e-09 3.751153046231910197e-09 -1.089616299042530941e-08 -1.070984343385986512e-08 -1.040470866839731090e-08 -9.951111533134974373e-09 -9.297339017363642056e-09 -8.415251364866898420e-09 -7.318193710065329194e-09 -6.076719754301723415e-09 -4.833380396686098401e-09 -3.642316178126854708e-09 -2.397567041909977479e-09 -1.001623219808028930e-09 6.172647735481822906e-10 2.560246752592095687e-09 4.876229876862100383e-09 7.603353410241191291e-09 1.082258095695951217e-08 1.449071785425280593e-08 1.841219691802439253e-08 2.217771020644598234e-08 2.425081370009983581e-08 2.123724720462879971e-08 1.687173958055451261e-08 1.268913606499640055e-08 -3.839355031794085114e-09 -3.789941070667666539e-09 -3.706917657064533055e-09 -3.578813732511985228e-09 -3.386844237491937643e-09 -3.116108808720262442e-09 -2.762336919564169006e-09 -2.336093921173600165e-09 -1.883828956259244442e-09 -1.443110519784321375e-09 -9.945962800707731921e-10 -5.034988830161476782e-10 6.183537583064855651e-11 7.407482349815221778e-10 1.553552229606933372e-09 2.514080883560091739e-09 3.651432692629082594e-09 4.944133362477463468e-09 6.308749396816807140e-09 7.553116771794167523e-09 8.073151817073917057e-09 7.233803172514981687e-09 5.783755831447569511e-09 4.333870285645087114e-09 -2.951114992464047439e-10 -2.919073528062721747e-10 -2.863654677851580436e-10 -2.776066830239500998e-10 -2.642541517703426713e-10 -2.451590207451982634e-10 -2.197799581675207511e-10 -1.883460736236557979e-10 -1.536595837574294224e-10 -1.188191381618450114e-10 -8.342614998828763013e-11 -4.524189046664209951e-11 -1.557870062625500364e-12 5.096076896386729902e-11 1.140993767811659644e-10 1.891210066743774390e-10 2.785015636500788898e-10 3.807756669035819816e-10 4.895423859549494346e-10 5.895374278057054610e-10 6.317645917440329524e-10 5.646402147963958538e-10 4.488480999113058382e-10 3.338241027677175387e-10
-9.111844501549204122e-12 -8.678403264273209997e-12 -8.062845017710909561e-12 -7.312832104167379599e-12 -6.465784849354547407e-12 -5.567160616602706210e-12 -4.631081077284604904e-12 -3.621878464029656713e-12 -2.523150224385615575e-12 -1.322882211693633177e-12 2.638847960440025753e-14 1.550547084844796709e-12 3.275760421822571885e-12 5.268306766300836293e-12 7.541407250182597193e-12 1.009385347694135881e-11 1.297233003265637884e-11 1.611988255165411569e-11 1.940813796225369866e-11 2.266144175187259092e-11 2.535958275028548075e-11 2.633204273749363914e-11 2.423764859063574175e-11 2.070720606024464796e-11 -1.379705241315592070e-10 -1.343872473868179930e-10 -1.287919690863594860e-10 -1.210403126039175879e-10 -1.109051084142840279e-10 -9.866691401689731836e-11 -8.503919315465681265e-11 -7.068197756288552988e-11 -5.637735677106109533e-11 -4.213758812484920646e-11 -2.696933985081518345e-11 -1.011752962574973037e-11 9.026909723238571187e-12 3.144381298212423357e-11 5.751734599409745078e-11 8.747737309300504111e-11 1.221471945173628365e-10 1.611381379961610773e-10 2.031254574416536576e-10 2.460419718963275268e-10 2.828662422229363583e-10 2.970542390459757281e-10 2.706005213477358840e-10 2.253620483543915269e-10 -3.012785063698090232e-09 -2.963824299933894965e-09 -2.884570927485371252e-09 -2.768376950041606118e-09 -2.603908351965105527e-09 -2.384556939861020733e-09 -2.112088272333098734e-09 -1.796585433448084194e-09 -1.468483731727691561e-09 -1.149498621470600018e-09 -8.264726420762894237e-10 -4.787539709477995001e-10 -8.681429635154748900e-11 3.746089364951264483e-10 9.176793245205498536e-10 1.551262552096089800e-09 2.297235735996098281e-09 3.152093710110820492e-09 4.091380480337775954e-09 5.072378629290530612e-09 5.933208120573806017e-09 6.276327055592208575e-09 5.676998899831310370e-09 4.648920822268445267e-09 -1.025199912159590020e-08 -1.014758058347183246e-08 -9.971602555590210412e-09 -9.697540940925749568e-09 -9.282836582116618532e-09 -8.684651656148443728e-09 -7.876177353171496467e-09 -6.846635482722611191e-09 -5.687829265553633769e-09 -4.532052328823001519e-09 -3.402018502439941830e-09 -2.229487799657170076e-09 -9.218755949386103225e-10 6.252175110750316452e-10 2.469400104244415308e-09 4.654475554731363158e-09 7.278560687334159956e-09 1.035362007078549709e-08 1.383442183518962856e-08 1.762547978857023477e-08 2.123724720462879971e-08 2.321171696390529778e-08 2.031532732103874037e-08 1.615200545702289630e-08 -3.571451893386820759e-09 -3.547921259197567923e-09 -3.504864572369107852e-09 -3.432893948566357590e-09 -3.317330003097811412e-09 -3.143184296163069812e-09 -2.897057884153804481e-09 -2.567863806819455055e-09 -2.173296241777855292e-09 -1.756158194111335659e-09 -1.340952089952952873e-09 -9.206500535541415982e-10 -4.622849393167821733e-10 7.673812891552753766e-11 7.201224286446257510e-10 1.486300343193736477e-09 2.410016878024854902e-09 3.496014568111177425e-09 4.722254195909463657e-09 6.040839994342669010e-09 7.233803172514980033e-09 7.728902704273315640e-09 6.921422155382059892e-09 5.537939297547546166e-09 -2.734625880176585220e-10 -2.720474516815360420e-10 -2.692910265321570497e-10 -2.645009991889443170e-10 -2.566380775344692077e-10 -2.446143712301504609e-10 -2.273854595122614489e-10 -2.039145404050571697e-10 -1.749487572415876627e-10 -1.430590298121430086e-10 -1.103149795613131088e-10 -7.720826475640153697e-11 -4.161241981942106341e-11 1.086985744700243974e-14 4.976462370688580177e-11 1.092693179864966723e-10 1.814024575169477177e-10 2.667293174137635030e-10 3.637239231944985785e-10 4.687995324032777815e-10 5.646402147963957504e-10 6.048173205440329043e-10 5.402224082740679079e-10 4.297340100240515689e-10
-9.863576031497677377e-12 -9.498840603197244400e-12 -8.962947326531547485e-12 -8.280780238096630995e-12 -7.475910117170544732e-12 -6.599037369505906175e-12 -5.689838197612304073e-12 -4.738409473398720406e-12 -3.734707624399183935e-12 -2.661490968762734619e-12 -1.477783852630804308e-12 -1.672610671989371667e-13 1.295262895680912110e-12 2.975290469283095292e-12 4.894330224498771297e-12 7.063616918668212703e-12 9.541334973598853928e-12 1.231001944890585712e-11 1.531368184459594918e-11 1.850890971077426979e-11 2.164681782953358145e-11 2.423764859063574175e-11 2.520728218770687235e-11 2.323854722835810710e-11 -1.346011332660400070e-10 -1.321648175104023564e-10 -1.283003556110392914e-10 -1.228037322978017848e-10 -1.153200690435944765e-10 -1.057536139106238348e-10 -9.430465577294851145e-11 -8.130038837813138445e-11 -6.767483935663530771e-11 -5.415141032353367451e-11 -4.042504027265932134e-11 -2.594375876889999112e-11 -9.998475735042044509e-12 8.426048870806798306e-12 2.980018226572428020e-11 5.447232414178732381e-11 8.335026746133280027e-11 1.165020685588368013e-10 1.535277576163428238e-10 1.941558455052653414e-10 2.353896681832550306e-10 2.706005213477358840e-10 2.845946945825833361e-10 2.596558065740179865e-10 -2.846278565595612574e-09 -2.817717551063875977e-09 -2.770321899359831058e-09 -2.698259974814676945e-09 -2.591466085222291740e-09 -2.440830954161389356e-09 -2.239722663848533958e-09 -1.983905851089012174e-09 -1.689066741263743787e-09 -1.383502772247804133e-09 -1.080286966661426613e-09 -7.755568239750021207e-10 -4.497083848817396765e-10 -7.525609424917203048e-11 3.623489978548087072e-10 8.742418817991814961e-10 1.483250894062529098e-09 2.195120451571800228e-09 3.005658984471832840e-09 3.913446266091200713e-09 4.854934865818653171e-09 5.676998899831310370e-09 6.014263487878963230e-09 5.448664224805575109e-09 -9.526682809906941699e-09 -9.480002175099996013e-09 -9.392346036085282837e-09 -9.243332605790948128e-09 -8.999095029895100328e-09 -8.626017318497954997e-09 -8.085270994100658348e-09 -7.336246584349147577e-09 -6.386209270004219727e-09 -5.319386270780975856e-09 -4.231778587831373315e-09 -3.173978306390816551e-09 -2.081476889351417746e-09 -8.370859746974239601e-10 6.260911300687804033e-10 2.361266477189830151e-09 4.459126966253172952e-09 6.961220789123437202e-09 9.874783126177665163e-09 1.323654880332230785e-08 1.687173958055451591e-08 2.031532732103874037e-08 2.223099133487119952e-08 1.949723537215833614e-08 -3.289043340431692779e-09 -3.282220166455272991e-09 -3.264870195355117175e-09 -3.229871438131203304e-09 -3.167145077824824945e-09 -3.065124970473571935e-09 -2.910463885615824939e-09 -2.685660274741902375e-09 -2.385163828283471564e-09 -2.024799954020332140e-09 -1.634593018315335271e-09 -1.247655690745679171e-09 -8.572865241380203877e-10 -4.220714199490686173e-10 8.701180772716679405e-11 6.918304798230410928e-10 1.427008649398823330e-09 2.307349535286808743e-09 3.335876300298281662e-09 4.519721691456716408e-09 5.783755831447569511e-09 6.921422155382059892e-09 7.406321964634052078e-09 6.643387529198004667e-09 -2.511083035251723523e-10 -2.507532229874528004e-10 -2.497266080744008959e-10 -2.475283653652474706e-10 -2.434480655344276785e-10 -2.366452385602085440e-10 -2.261208911459675681e-10 -2.105292196369414443e-10 -1.892240571993611029e-10 -1.628609170819887979e-10 -1.330969825318778194e-10 -1.026274104928635121e-10 -7.190443741743318142e-11 -3.812207744844634358e-11 1.176625859756424308e-12 4.793306238874720933e-11 1.050113363688220928e-10 1.737351744080569642e-10 2.545235430363092484e-10 3.481424967853194759e-10 4.488480999113056831e-10 5.402224082740679079e-10 5.795452147537273567e-10 5.185015991409452353e-10
-1.022784099960350658e-11 -9.939921298488004173e-12 -9.505675027742690086e-12 -8.931840506707287218e-12 -8.222759404678393039e-12 -7.413815576415782504e-12 -6.549277787309313537e-12 -5.643896765852144951e-12 -4.711144975565300503e-12 -3.740051160003005745e-12 -2.688265196184136944e-12 -1.543051574227226176e-12 -2.883437050125808995e-13 1.134076068394395037e-12 2.750812961238107059e-12 4.581068438881983225e-12 6.685750170862961949e-12 9.067744141476237270e-12 1.170835117210648643e-11 1.462520934321759807e-11 1.770353815386772817e-11 2.070720606024464796e-11 2.323854722835810710e-11 2.420295847231103013e-11 -1.289605633437921164e-10 -1.273947769738734717e-10 -1.248691445671610927e-10 -1.211838250756080495e-10 -1.159844765389022062e-10 -1.090174156236962911e-10 -1.001574507165750176e-10 -8.932471985859199348e-11 -7.708642577770794812e-11 -6.431134024821028350e-11 -5.137276181060462744e-11 -3.834230918107414188e-11 -2.469544761508795691e-11 -9.393046944606527652e-12 8.139789816738224544e-12 2.833802839876469143e-11 5.209906225696995272e-11 7.969810684753085715e-11 1.111680744255856938e-10 1.469885057320057129e-10 1.860061486381105040e-10 2.253620483543915269e-10 2.596558065740179865e-10 2.734504272780540657e-10 -2.658242419762932249e-09 -2.644293705726395725e-09 -2.619269863578988816e-09 -2.578281652164267224e-09 -2.513561382623406310e-09 -2.417006435940463878e-09 -2.280320137311776791e-09 -2.093304075456986533e-09 -1.856453009761291912e-09 -1.584230159511715189e-09 -1.296005821991271833e-09 -1.011672369199458215e-09 -7.273452600767845443e-10 -4.169659240245330477e-10 -6.256793008769868773e-11 3.493690969932033090e-10 8.410436706802358382e-10 1.421993357440073125e-09 2.096829977107489605e-09 2.880162002460633530e-09 3.751153046231910197e-09 4.648920822268446094e-09 5.448664224805574282e-09 5.780004454220120046e-09 -8.783368574438110683e-09 -8.773679691261589717e-09 -8.742578937713305569e-09 -8.673581310262372581e-09 -8.545754535750908586e-09 -8.331754526365648405e-09 -8.002279234917635354e-09 -7.510189689666515683e-09 -6.828197583463124427e-09 -5.961713517218008842e-09 -4.964271053668813388e-09 -3.951029556012839167e-09 -2.968955536041465592e-09 -1.932298124456857347e-09 -7.575713471268401690e-10 6.174094363039745557e-10 2.282333622667003499e-09 4.281924958895281065e-09 6.652220536947907787e-09 9.466059799207292369e-09 1.268913606499640055e-08 1.615200545702289630e-08 1.949723537215833614e-08 2.137284342419222571e-08 -3.010752362402127885e-09 -3.012535806529768642e-09 -3.009915828155986648e-09 -2.997918085935044523e-09 -2.969998824142332321e-09 -2.917980959159724317e-09 -2.831265527780874209e-09 -2.693998689823164252e-09 -2.492425191506515638e-09 -2.220903436336821634e-09 -1.885920856023527876e-09 -1.523748419913302196e-09 -1.165444048179261019e-09 -7.957051043703501657e-10 -3.853906890546198508e-10 9.261053686908809283e-11 6.725259255702937761e-10 1.372840635080101713e-09 2.206332937626217914e-09 3.199218947646325517e-09 4.333870285645087114e-09 5.537939297547546166e-09 6.643387529198004667e-09 7.118234182693012365e-09 -2.292708008248851832e-10 -2.294178092286884167e-10 -2.293566497740597146e-10 -2.287626108655082988e-10 -2.271680624368282218e-10 -2.239593672642078703e-10 -2.183396310922626585e-10 -2.091362497734956479e-10 -1.952657639827601332e-10 -1.761019290928829608e-10 -1.516595568650302763e-10 -1.240726772308215756e-10 -9.587235107499945245e-11 -6.678332656744236698e-11 -3.494767015762894497e-11 1.932964462919059499e-12 4.674366374183288565e-11 1.010945639964027802e-10 1.661418687886227774e-10 2.441131047415822884e-10 3.338241027677175904e-10 4.297340100240516723e-10 5.185015991409452353e-10 5.569880308333394576e-10
3.919137941941464757e-10 3.297735210139087826e-10 2.660272217267379089e-10 2.118082454421859706e-10 1.670349550924210333e-10 1.311432511608206566e-10 1.028420355537890278e-10 8.025500861265535623e-11 6.245182996180187011e-11 4.850923662124917887e-11 3.733732420282082512e-11 2.842635775376342134e-11 2.135842131991339514e-11 1.562999148734468288e-11 1.093716740351579998e-11 6.932025516379090678e-12 3.241650922313897118e-12 -2.242860198575986726e-13 -3.384393022401219458e-12 -6.142763682587259310e-12 -8.342499158936226391e-12 -9.929103064389776828e-12 -1.097183161112043463e-11 -1.154433068459044949e-11 5.989467451829761370e-10 4.946198886574543504e-10 3.886781830182027688e-10 3.006315913244511722e-10 2.299111994121095091e-10 1.748450487183227458e-10 1.327119882953777540e-10 1.001279446555817714e-10 7.529548263697316156e-11 5.653268432063938358e-11 4.198018734419537633e-11 3.051870579541622157e-11 2.113179155245297912e-11 1.284449914637408323e-11 5.318400022565742006e-12 -1.449981892091553894e-12 -7.379894265724021667e-12 -1.214781874241189815e-11 -1.559056087102763905e-11 -1.782546495774746640e-11 -1.901482511795994990e-11 -1.939577530935457554e-11 -1.920208162164225522e-11 -1.861707830534381244e-11 5.786857948237711743e-09 4.685995950048843466e-09 3.582117008135076384e-09 2.687842938471276303e-09 1.990398873320143130e-09 1.463775176876384771e-09 1.073557336705671012e-09 7.819741156404498295e-10 5.678857582478015304e-10 4.114126046542934102e-10 2.901770964480107428e-10 1.887252394069210611e-10 9.723701426689208664e-11 1.134375748634095627e-11 -6.449764951524557245e-11 -1.242341808827069235e-10 -1.661492160101047891e-10 -1.909426720313649373e-10 -2.019985992501486449e-10 -2.033583945280515008e-10 -1.981965240248926640e-10 -1.890820109167306606e-10 -1.776551399453124751e-10 -1.652407922281711362e-10 1.154139017053238341e-07 9.225833668830073904e-08 6.925235350414886219e-08 5.093844190179263554e-08 3.693346931633691929e-08 2.657264902169742365e-08 1.905957017187842203e-08 1.357552762439727880e-08 9.638855177801137190e-09 6.771878957242140450e-09 4.455734472188004117e-09 2.395979664200086868e-09 4.929873941585278234e-10 -1.227883905634766229e-09 -2.597987133244356089e-09 -3.519080310802669335e-09 -4.037129436736813101e-09 -4.238526206860659443e-09 -4.223035655128964601e-09 -4.070649821269745633e-09 -3.839355031794085114e-09 -3.571451893386820759e-09 -3.289043340431692779e-09 -3.010752362402127885e-09 4.078413623925396799e-07 3.022932755055447431e-07 2.173247753425240302e-07 1.551796073666546698e-07 1.098013151376729992e-07 7.733342602276090539e-08 5.438291686449522399e-08 3.805387548944694506e-08 2.660469333401733832e-08 1.827619256527055681e-08 1.127272666880796373e-08 4.823120556220437867e-09 -1.151274173601950390e-09 -6.333107034685343791e-09 -1.007134000330047762e-08 -1.225513455030572125e-08 -1.322022756778457094e-08 -1.334073778978566868e-08 -1.293286879251848912e-08 -1.221776691924272320e-08 -1.135118795054905575e-08 -1.044006756804076155e-08 -9.533419868608005976e-09 -8.666864191759380742e-09 9.878294991499110751e-08 7.780142867618705073e-08 5.719243201008987526e-08 4.112547435698502493e-08 2.911706023746188292e-08 2.044224710662887293e-08 1.430936849308048458e-08 9.947132256223359153e-09 6.850675089118352450e-09 4.510702138513246417e-09 2.494900363080837178e-09 6.607343824659306882e-10 -9.636896024228013489e-10 -2.270176539087428711e-09 -3.141882336242220212e-09 -3.601927215520126093e-09 -3.758671960766617190e-09 -3.711989527488047586e-09 -3.544407059527769515e-09 -3.309894480356759414e-09 -3.047782321154984835e-09 -2.783999917807698363e-09 -2.526782129597464148e-09 -2.283491770222333499e-09
3.297735210139088860e-10 3.048492674255221890e-10 2.589034572751342605e-10 2.109794523140446756e-10 1.686735581778604493e-10 1.336121869531323022e-10 1.054368657773550971e-10 8.266866765513362065e-11 6.453419503569696051e-11 5.020844404102567720e-11 3.870069042061832716e-11 2.955563364685966438e-11 2.230379033237111267e-11 1.632910278124790837e-11 1.130817209093771038e-11 7.019494093075791408e-12 3.226477268413980938e-12 -1.379405471013650414e-13 -3.099552295711818328e-12 -5.690349329114659603e-12 -7.819397450609003370e-12 -9.423500013017628050e-12 -1.053407105187027714e-11 -1.119092884364902560e-11 4.946198886574542470e-10 4.544174693881414475e-10 3.793731593467246175e-10 3.015373153181586932e-10 2.342828942691362091e-10 1.800282261209599598e-10 1.376829271310333960e-10 1.045056779100145455e-10 7.892604682001526171e-11 5.934110015551824035e-11 4.393589919908368115e-11 3.166624675222773193e-11 2.163447750105563462e-11 1.299988129203938633e-11 5.504256570153393954e-12 -9.448344889099932600e-13 -6.495838413854452322e-12 -1.104215202070904148e-11 -1.447883745633156259e-11 -1.685684813282245251e-11 -1.824738470019802335e-11 -1.882446580702276225e-11 -1.879788596224852385e-11 -1.834344495860607239e-11 4.685995950048843466e-09 4.282874861693956557e-09 3.513390886556055479e-09 2.720564910426389805e-09 2.051468660647478082e-09 1.527071079829333650e-09 1.130400400871243147e-09 8.297466976494402855e-10 6.050536640243417953e-10 4.355615622573616893e-10 3.001038338390268330e-10 1.886041957348127640e-10 9.563839075950850779e-11 1.574312643012512680e-11 -5.254226611816732882e-11 -1.083664043072179700e-10 -1.506723447040900023e-10 -1.782414346888010093e-10 -1.925623306307109412e-10 -1.968114742652685518e-10 -1.938979397631829183e-10 -1.864318873999581952e-10 -1.761977154071632185e-10 -1.645925917609115290e-10 9.225833668830072580e-08 8.409903171935741869e-08 6.821215031867421995e-08 5.192077043317763711e-08 3.839255062999539287e-08 2.799432640336874654e-08 2.029194864334024812e-08 1.457220291715676803e-08 1.034314253377889255e-08 7.116927609234251665e-09 4.488951531524657945e-09 2.325737492986510022e-09 5.479954879986619845e-10 -9.611817290665120348e-10 -2.211881153120144680e-09 -3.144731520345300245e-09 -3.740998667454507460e-09 -4.028786322849981573e-09 -4.083717826693029610e-09 -3.983797176495144430e-09 -3.789941070667666539e-09 -3.547921259197567923e-09 -3.282220166455272991e-09 -3.012535806529768642e-09 3.022932755055447431e-07 2.870222042882980262e-07 2.193589591276789234e-07 1.608051045829348205e-07 1.156608635963095390e-07 8.241737990064702374e-08 5.857845053844806609e-08 4.131643226565011541e-08 2.870686297626149756e-08 1.897966594041549508e-08 1.102453437465620174e-08 4.574815185976977730e-09 -6.520426157715738307e-10 -5.097290277321206491e-09 -8.681975835067875540e-09 -1.111071229477918369e-08 -1.241292157234523110e-08 -1.281153311126375569e-08 -1.260564717878734252e-08 -1.203087562093696904e-08 -1.126186185589432526e-08 -1.041410853566503162e-08 -9.540561143437796640e-09 -8.685791479005840599e-09 7.780142867618703750e-08 7.076399637914368285e-08 5.666830488154120111e-08 4.229829048811820655e-08 3.059451779331597581e-08 2.180169133535992455e-08 1.543899936259901201e-08 1.078739752934697374e-08 7.321473229952265542e-09 4.628394930807070011e-09 2.449325243875571282e-09 6.997353235813111793e-10 -7.167718008010199422e-10 -1.889252053223829005e-09 -2.770132786235540373e-09 -3.313283549610059462e-09 -3.560757969737275309e-09 -3.586252980760138592e-09 -3.469936425270642134e-09 -3.271251260818821620e-09 -3.032795266018982302e-09 -2.782348305473364249e-09 -2.530599765659154190e-09 -2.288347806903000039e-09
2.660272217267379089e-10 2.589034572751342605e-10 2.410496931363533903e-10 2.070698730006454462e-10 1.699019769590601949e-10 1.367319154371763045e-10 1.090349220853040815e-10 8.611588150135163862e-11 6.756075663266987417e-11 5.276326145700188468e-11 4.082237753104189780e-11 3.128223561684610073e-11 2.364097601098736557e-11 1.727067153175759833e-11 1.188242950380946278e-11 7.317738912805733766e-12 3.402318043489452918e-12 9.079360069837740372e-14 -2.698866181711053638e-12 -5.101317124662888229e-12 -7.118380473170931685e-12 -8.715043423296553148e-12 -9.896706930711219250e-12 -1.066185085972202735e-11 3.886781830182028205e-10 3.793731593467246692e-10 3.521856767886788309e-10 2.980302659398811745e-10 2.387577050394536439e-10 1.868944350552562803e-10 1.447283361563666264e-10 1.108464335327650989e-10 8.420490009874617398e-11 6.344339660533566928e-11 4.683915774104606393e-11 3.347368442539994680e-11 2.262958544766803740e-11 1.358615768202946911e-11 6.077316653055091712e-12 -1.178440058728376708e-13 -5.312872620312375203e-12 -9.587592090881948066e-12 -1.295767696251452659e-11 -1.546761706417512132e-11 -1.710280758281527404e-11 -1.794756774327379372e-11 -1.816447001321672782e-11 -1.790766236104976195e-11 3.582117008135075970e-09 3.513390886556055479e-09 3.257465802127901267e-09 2.715202517839775178e-09 2.121635167471647926e-09 1.613606986058314195e-09 1.212243626064768247e-09 8.988619871474424385e-10 6.571570275253607132e-10 4.691048623800931003e-10 3.176609026701541594e-10 1.964528803334091943e-10 1.008034745356478939e-10 2.405917771964179054e-11 -3.795518746329661462e-11 -8.864609695190236955e-11 -1.297839747726565855e-10 -1.598197670333477330e-10 -1.781884566088491797e-10 -1.865237046030385111e-10 -1.870023044500603498e-10 -1.820878525978441566e-10 -1.737001503055105784e-10 -1.633473657053805236e-10 6.925235350414886219e-08 6.821215031867423318e-08 6.325502841234393894e-08 5.222067369871465242e-08 4.014605938686096062e-08 2.996832596927552636e-08 2.207193130812592156e-08 1.598564088153651282e-08 1.129470976323738013e-08 7.635792633319417157e-09 4.723612327203688462e-09 2.455541274517819023e-09 7.197104083074733394e-10 -6.483291331221235585e-10 -1.755767333870061818e-09 -2.647541943401102082e-09 -3.308439138339124415e-09 -3.703831343316293006e-09 -3.860630295507047970e-09 -3.841880546893996091e-09 -3.706917657064533055e-09 -3.504864572369107852e-09 -3.264870195355117175e-09 -3.009915828155986648e-09 2.173247753425240037e-07 2.193589591276788704e-07 2.130961370398371094e-07 1.665034533919319593e-07 1.234932021382656061e-07 8.979554159104003749e-08 6.473352894483242774e-08 4.588684393785345979e-08 3.144942791516010469e-08 2.029206229948458276e-08 1.158864258965943730e-08 4.999902370336835475e-09 7.002677118728300280e-11 -3.791151231906833687e-09 -6.973964431356106224e-09 -9.488249779264448705e-09 -1.116459402033042094e-08 -1.196019669414938203e-08 -1.206524781765287676e-08 -1.171758176423695058e-08 -1.109975844745522688e-08 -1.034955334038043783e-08 -9.530287824847904137e-09 -8.703588941992228484e-09 5.719243201008988188e-08 5.666830488154119450e-08 5.261716101862148561e-08 4.297822950002116405e-08 3.243908425032840201e-08 2.371129893883619993e-08 1.704913503526406214e-08 1.193311514616213461e-08 7.987335695673304545e-09 4.960873681513366953e-09 2.633612383644228376e-09 8.869257411766165519e-10 -4.192739499153180140e-10 -1.452525638261482829e-09 -2.283850754554693811e-09 -2.891089806669924681e-09 -3.250913135975918339e-09 -3.381940342791832042e-09 -3.345832226327878932e-09 -3.203554558986246124e-09 -3.001630428536012487e-09 -2.772661806587625839e-09 -2.532279313700214103e-09 -2.295144320498639992e-09
2.118082454421859448e-10 2.109794523140446756e-10 2.070698730006454979e-10 1.947678681814356569e-10 1.687127714933278629e-10 1.395379836398201673e-10 1.131346550338456393e-10 9.033866539968257609e-11 7.143625049705789118e-11 5.614888158884287992e-11 4.366907539624561352e-11 3.355851578300073510e-11 2.534672574671645178e-11 1.846964903586645078e-11 1.271018800434544880e-11 7.914006589144950197e-12 3.876657279576747319e-12 5.487087027068583324e-13 -2.159304458092087447e-12 -4.422321225758411513e-12 -6.316617579932718323e-12 -7.869186688231195776e-12 -9.096993608451515206e-12 -9.970289642612430279e-12 3.006315913244511722e-10 3.015373153181587966e-10 2.980302659398811745e-10 2.804148276562918112e-10 2.397141182607842536e-10 1.938357772390271615e-10 1.530718379726929931e-10 1.187402178783535056e-10 9.090916432429460317e-11 6.871616166391918348e-11 5.067228868213166852e-11 3.608050208907741807e-11 2.437400893134438043e-11 1.485483184676891447e-11 7.211137487118044981e-12 1.112205156749756631e-12 -3.869821091319039559e-12 -7.924710522308966156e-12 -1.118459569679537040e-11 -1.376264262265488229e-11 -1.562202713975426204e-11 -1.676410219359368496e-11 -1.728164686115790045e-11 -1.728460975133753253e-11 2.687842938471275890e-09 2.720564910426389392e-09 2.715202517839775178e-09 2.560883062325468505e-09 2.160835402734003913e-09 1.706946892037099334e-09 1.311126610849522135e-09 9.839946141943432613e-10 7.213818643971375137e-10 5.132075682755217348e-10 3.465958848710224253e-10 2.161803055666530849e-10 1.162192044914009438e-10 3.884221180362503722e-11 -2.082726914716303170e-11 -6.771389604056226647e-11 -1.063693291579842177e-10 -1.372564984300185340e-10 -1.592380806657214847e-10 -1.722424655256109168e-10 -1.770762422635437105e-10 -1.756206626252108863e-10 -1.697927856299608903e-10 -1.612077241866754932e-10 5.093844190179263554e-08 5.192077043317763711e-08 5.222067369871465242e-08 4.938825193387250792e-08 4.133485748618125812e-08 3.215314893964509877e-08 2.421743271291411745e-08 1.769502255755005501e-08 1.248807815516458320e-08 8.425201381788213283e-09 5.260002637285326206e-09 2.860962255794002634e-09 1.079860792525841945e-09 -2.639879600975225743e-10 -1.291832052388408235e-09 -2.111291489012567077e-09 -2.782358247634623019e-09 -3.269275325795381581e-09 -3.544108333217980201e-09 -3.632287382752572930e-09 -3.578813732511985228e-09 -3.432893948566357590e-09 -3.229871438131203304e-09 -2.997918085935044523e-09 1.551796073666546698e-07 1.608051045829348205e-07 1.665034533919319593e-07 1.655392957050347779e-07 1.313240237768274644e-07 9.866785566622566219e-08 7.235620123625213083e-08 5.140491354148260474e-08 3.507878348301482695e-08 2.265860671616419109e-08 1.326098100351141081e-08 6.315643918602057742e-09 1.289258688070027063e-09 -2.442295636132071350e-09 -5.300011504354581332e-09 -7.644816078103530853e-09 -9.533057113654222463e-09 -1.075035698838103395e-08 -1.126386001465473293e-08 -1.122991899355041085e-08 -1.083155729248805867e-08 -1.021703838578583797e-08 -9.485793018320748484e-09 -8.706969132360053225e-09 4.112547435698503155e-08 4.229829048811820655e-08 4.297822950002116405e-08 4.082305722207937560e-08 3.385802345339485465e-08 2.584902963532269489e-08 1.895778146175083587e-08 1.333573929031266853e-08 8.938078890300399770e-09 5.615865680448398225e-09 3.119428932910408765e-09 1.291702600406859742e-09 -2.636001982735635090e-11 -1.008265880607652175e-09 -1.771936084555681399e-09 -2.383008551994904842e-09 -2.834093829090647661e-09 -3.087141563187827597e-09 -3.157613747652551764e-09 -3.094208979604057400e-09 -2.944689702651931118e-09 -2.748225016993798050e-09 -2.527540377729673125e-09 -2.301726518987003891e-09
1.670349550924210850e-10 1.686735581778605010e-10 1.699019769590602466e-10 1.687127714933278629e-10 1.603533634458127685e-10 1.402369552897128284e-10 1.169305444980152363e-10 9.502961241475773213e-11 7.607795027374270882e-11 6.033847377955116432e-11 4.721142886890655085e-11 3.638004567977318372e-11 2.748777512229811575e-11 2.005057167913219611e-11 1.390170845001167510e-11 8.875804917396223221e-12 4.708532144236916310e-12 1.308424315057028993e-12 -1.415798280662263843e-12 -3.633466409479334933e-12 -5.446114257249259563e-12 -6.937684166818178813e-12 -8.172680844941043299e-12 -9.128847102051364464e-12 2.299111994121095091e-10 2.342828942691362091e-10 2.387577050394536439e-10 2.397141182607843053e-10 2.286230709272741546e-10 1.977152640490284389e-10 1.613864981292016364e-10 1.276500522586681123e-10 9.884918738495911895e-11 7.515747342800560599e-11 5.559202464053834252e-11 3.974379551097722328e-11 2.713769043871545901e-11 1.703383146568824768e-11 9.070293350073239848e-12 2.857824410903985055e-12 -2.102874341025899755e-12 -6.070294539955172801e-12 -9.248867337489598474e-12 -1.183724591329805878e-11 -1.385274051854869612e-11 -1.527025000189644553e-11 -1.611534815590230498e-11 -1.643086378375871852e-11 1.990398873320143130e-09 2.051468660647477668e-09 2.121635167471647926e-09 2.160835402734003913e-09 2.072907878010256841e-09 1.772528181183808613e-09 1.412271429315860510e-09 1.079359797010598860e-09 7.982815362644850198e-10 5.718086798127075182e-10 3.908798345904489590e-10 2.504469234852539899e-10 1.438935276302430295e-10 6.245949002486037013e-11 1.042664235243235552e-12 -4.535983635965700067e-11 -8.227193233030578901e-11 -1.124851986803356435e-10 -1.364970776326103937e-10 -1.537483448022887440e-10 -1.634606110162013605e-10 -1.663176338993202981e-10 -1.638747460613079758e-10 -1.577254465722624201e-10 3.693346931633691267e-08 3.839255062999538625e-08 4.014605938686096062e-08 4.133485748618125812e-08 3.984255634072328343e-08 3.378857149717992927e-08 2.641173539106602609e-08 1.963421331609471704e-08 1.401048859772568639e-08 9.593060080125845505e-09 6.164337730980129880e-09 3.580020979410814585e-09 1.674675393637405551e-09 2.571711446880308845e-10 -7.898449561935237909e-10 -1.579159252013446246e-09 -2.222016922880126338e-09 -2.748262792624901750e-09 -3.126599461421320470e-09 -3.336179955792443843e-09 -3.386844237491937643e-09 -3.317330003097811412e-09 -3.167145077824824945e-09 -2.969998824142332321e-09 1.098013151376729992e-07 1.156608635963095390e-07 1.234932021382656061e-07 1.313240237768274380e-07 1.333527432587773109e-07 1.072432419347351392e-07 8.069772218228192347e-08 5.803891256814544968e-08 4.006673271690398825e-08 2.645433019785477910e-08 1.617723645331874454e-08 8.634671499196976769e-09 3.188755170728368356e-09 -7.707114402599060659e-10 -3.656665672904026294e-09 -5.844121568190346825e-09 -7.693233845664232629e-09 -9.186328354305794328e-09 -1.013011034968428831e-08 -1.049806200413786085e-08 -1.039429775177291945e-08 -9.982332114719096301e-09 -9.377827051751533399e-09 -8.684601503320362575e-09 2.911706023746187631e-08 3.059451779331597581e-08 3.243908425032840201e-08 3.385802345339485465e-08 3.281450170459543961e-08 2.749275124157617234e-08 2.094049148835764173e-08 1.503678454385242435e-08 1.028220249622366148e-08 6.665174987593331397e-09 3.943901971179444044e-09 1.953573038614453659e-09 5.278366297182687873e-10 -5.072396702150051029e-10 -1.266084372229989661e-09 -1.853463704995455459e-09 -2.337679009277680320e-09 -2.693226721017083583e-09 -2.884438700473003399e-09 -2.923568857376053184e-09 -2.847666134695199039e-09 -2.699746103243112041e-09 -2.510483972008231473e-09 -2.304299629998661001e-09
1.311432511608206566e-10 1.336121869531323022e-10 1.367319154371763045e-10 1.395379836398201673e-10 1.402369552897128284e-10 1.346788455274816699e-10 1.187890704914356312e-10 9.942190590239140101e-11 8.108622784950047973e-11 6.508435772202302611e-11 5.130383155426979323e-11 3.971000620847044072e-11 3.011995391338432933e-11 2.211565710908715159e-11 1.555126094716929733e-11 1.024816602503000354e-11 5.905003834325381556e-12 2.386254691414216775e-12 -4.267622281490540375e-13 -2.696073791537435054e-12 -4.509992474731152231e-12 -5.970893290061101119e-12 -7.190613720180462375e-12 -8.188679685869326939e-12 1.748450487183227458e-10 1.800282261209599598e-10 1.868944350552562803e-10 1.938357772390271615e-10 1.977152640490283872e-10 1.909986611727036366e-10 1.666712059788181174e-10 1.361984707587523946e-10 1.074184916419490923e-10 8.259931043153956351e-11 6.167462076808247073e-11 4.461838232050358764e-11 3.106097790047115649e-11 2.023510092509328825e-11 1.175215893902760475e-11 5.197940689176702731e-12 4.333434300191520663e-14 -4.007065667444131758e-12 -7.206853896937126253e-12 -9.812872755639002056e-12 -1.191643855351373080e-11 -1.353703782592328321e-11 -1.468198259431114803e-11 -1.532913372676102902e-11 1.463775176876384771e-09 1.527071079829333650e-09 1.613606986058314195e-09 1.706946892037099334e-09 1.772528181183808613e-09 1.723350723891752796e-09 1.481828820166898119e-09 1.172947308463202211e-09 8.860423172131989116e-10 6.463272713468100127e-10 4.519738667303667085e-10 3.000873968148994268e-10 1.844246346783013317e-10 9.592377828860905418e-11 2.942829844063784102e-11 -1.998895417332930029e-11 -5.784043526661637986e-11 -8.771856796511062921e-11 -1.121569208743046230e-10 -1.320508359475714479e-10 -1.461390451121330014e-10 -1.536982513373814859e-10 -1.553850415243112935e-10 -1.524230360095040177e-10 2.657264902169741704e-08 2.799432640336874654e-08 2.996832596927552636e-08 3.215314893964511201e-08 3.378857149717992927e-08 3.294371192006824823e-08 2.797673229139683725e-08 2.163324251327734610e-08 1.586358774061872539e-08 1.116369832212342990e-08 7.449930188940891961e-09 4.620382749623696277e-09 2.519470795778848978e-09 9.521911528852460446e-10 -1.968707900816266916e-10 -1.035334364128007588e-09 -1.679488456813557719e-09 -2.204311262067039192e-09 -2.635280011174959463e-09 -2.949932146720460719e-09 -3.116108808720262442e-09 -3.143184296163069812e-09 -3.065124970473571935e-09 -2.917980959159724317e-09 7.733342602276089215e-08 8.241737990064702374e-08 8.979554159104005072e-08 9.866785566622566219e-08 1.072432419347351392e-07 1.102014113054814966e-07 8.839455711967237446e-08 6.565221363128806013e-08 4.658109032088565469e-08 3.173591880261252855e-08 2.039643222374428724e-08 1.196452549732540998e-08 5.857185412466422775e-09 1.386962702610590459e-09 -1.817683976101155135e-09 -4.129793107265454698e-09 -5.923464770616391920e-09 -7.448079340232066912e-09 -8.681816737547219300e-09 -9.462593510537400442e-09 -9.734246392354997072e-09 -9.592784906633781249e-09 -9.181337893480504669e-09 -8.608802710088426604e-09 2.044224710662887293e-08 2.180169133535992786e-08 2.371129893883619993e-08 2.584902963532269489e-08 2.749275124157616903e-08 2.685520224112267819e-08 2.247192126271805068e-08 1.692778921674578189e-08 1.201066358170985655e-08 8.111581904122849335e-09 5.111181536690272069e-09 2.884721122898873448e-09 1.275241228667943633e-09 1.059476275725936262e-10 -7.327796824710364867e-10 -1.343301334657835039e-09 -1.828651594557157340e-09 -2.229685277763129962e-09 -2.521497177465161550e-09 -2.675311621377981692e-09 -2.695101143086035959e-09 -2.615740803971643763e-09 -2.473061605039445093e-09 -2.296979480883951075e-09
1.028420355537890278e-10 1.054368657773551101e-10 1.090349220853040944e-10 1.131346550338456264e-10 1.169305444980152363e-10 1.187890704914356312e-10 1.151264641008543662e-10 1.020596234382895088e-10 8.570632038820978366e-11 6.998592392376585357e-11 5.577536575886386916e-11 4.352742468041205312e-11 3.329379427515000655e-11 2.473160759726046071e-11 1.771848386318024100e-11 1.207190858921688808e-11 7.473231660913597039e-12 3.771504013395425970e-12 8.173109306063382824e-13 -1.572114461546294079e-12 -3.471649994075538638e-12 -4.969976274859374513e-12 -6.195057595691966920e-12 -7.208706432299346105e-12 1.327119882953777540e-10 1.376829271310333960e-10 1.447283361563666264e-10 1.530718379726929672e-10 1.613864981292015847e-10 1.666712059788181174e-10 1.623318741789844937e-10 1.418102638856806892e-10 1.155633462172044380e-10 9.070186037282628529e-11 6.887818832300207367e-11 5.074504120655034584e-11 3.618764155901351932e-11 2.449685684147162176e-11 1.530629978779388681e-11 8.201984308050213621e-12 2.640800276793322290e-12 -1.677385239220977600e-12 -5.035409386103360766e-12 -7.735306903682534489e-12 -9.918133914698682928e-12 -1.166911427560776145e-11 -1.304019351202791817e-11 -1.398909725853696988e-11 1.073557336705670805e-09 1.130400400871243147e-09 1.212243626064768041e-09 1.311126610849521929e-09 1.412271429315860510e-09 1.481828820166898119e-09 1.447022557078226708e-09 1.240421327330585876e-09 9.767495722905217533e-10 7.343024243643293650e-10 5.290684701922164281e-10 3.648267874974717019e-10 2.378530350223434784e-10 1.396790630053320172e-10 6.541804042432597145e-11 1.019226312627917930e-11 -3.152619646151173675e-11 -6.321272340405899709e-11 -8.813020051060870094e-11 -1.090188464318853004e-10 -1.259219485970534892e-10 -1.376909158713222625e-10 -1.438664921107237674e-10 -1.447895360515293345e-10 1.905957017187842203e-08 2.029194864334024481e-08 2.207193130812592156e-08 2.421743271291411745e-08 2.641173539106602609e-08 2.797673229139683394e-08 2.738341358271003649e-08 2.320386578571200746e-08 1.788069211355865414e-08 1.307519147579921267e-08 9.093434210620405350e-09 5.976525526226208465e-09 3.620738009711170115e-09 1.841228330246460599e-09 5.268449062847893813e-10 -4.286969100053197698e-10 -1.139386573302996659e-09 -1.682622994979763367e-09 -2.124639751575230376e-09 -2.495639586130108617e-09 -2.762336919564169006e-09 -2.897057884153804481e-09 -2.910463885615824939e-09 -2.831265527780874209e-09 5.438291686449522399e-08 5.857845053844806609e-08 6.473352894483242774e-08 7.235620123625213083e-08 8.069772218228192347e-08 8.839455711967237446e-08 9.151126880595575102e-08 7.323301020409014143e-08 5.424818236947656789e-08 3.842334050753019936e-08 2.586376866997673180e-08 1.634840179229778473e-08 9.321360865032213912e-09 4.140724277068184657e-09 3.831279033611655997e-10 -2.290864618656803433e-09 -4.258899645281436433e-09 -5.780005469059635502e-09 -7.071233635151913739e-09 -8.137351558142189308e-09 -8.795094514060922970e-09 -9.002755973136634222e-09 -8.847005409050320206e-09 -8.456599734421738812e-09 1.430936849308048789e-08 1.543899936259900870e-08 1.704913503526406545e-08 1.895778146175083587e-08 2.094049148835764173e-08 2.247192126271805068e-08 2.212894027976991010e-08 1.854529726558303843e-08 1.396038769069903406e-08 9.897105125559543075e-09 6.605531275823338804e-09 4.089476790786415701e-09 2.234086282828135538e-09 8.672991444973952472e-10 -1.178454808447155883e-10 -8.199975664855143998e-10 -1.341615474547548511e-09 -1.754272559854257819e-09 -2.094059317797358623e-09 -2.344837480707048225e-09 -2.472424629272270667e-09 -2.482104706519695509e-09 -2.404309187413945808e-09 -2.271672003154933125e-09
8.025500861265538208e-11 8.266866765513362065e-11 8.611588150135163862e-11 9.033866539968257609e-11 9.502961241475773213e-11 9.942190590239140101e-11 1.020596234382895088e-10 9.964738741236155234e-11 8.866470063705311607e-11 7.451255502304768621e-11 6.047783232167824534e-11 4.785940017026622985e-11 3.709414645464872817e-11 2.798839029287132176e-11 2.048404929297419742e-11 1.442066276500132435e-11 9.476176325055233305e-12 5.502507695918622631e-12 2.341516220477753654e-12 -2.185237391505627006e-13 -2.265106403552379415e-12 -3.873897406810063676e-12 -5.162335281694448319e-12 -6.205815465539633197e-12 1.001279446555817714e-10 1.045056779100145455e-10 1.108464335327650989e-10 1.187402178783535315e-10 1.276500522586681123e-10 1.361984707587523946e-10 1.418102638856806892e-10 1.387566956068950800e-10 1.213255842591935742e-10 9.880888624735942714e-11 7.705934457900483099e-11 5.816134405817798066e-11 4.261015644126401654e-11 2.992665617025574422e-11 1.984904920694851916e-11 1.200125703050347495e-11 5.834888932035353445e-12 1.057620244976594576e-12 -2.618040369372356911e-12 -5.527665260930014534e-12 -7.849037752389037518e-12 -9.714646858708190962e-12 -1.124133359921103023e-11 -1.242554683595380667e-11 7.819741156404498295e-10 8.297466976494402855e-10 8.988619871474424385e-10 9.839946141943432613e-10 1.079359797010598860e-09 1.172947308463202211e-09 1.240421327330585669e-09 1.219910067189979861e-09 1.049755374191798505e-09 8.287278021390911454e-10 6.204139447842541604e-10 4.449597905236023056e-10 3.052653225092012670e-10 1.951440684519176232e-10 1.106698242829814144e-10 4.722424493113062966e-11 -8.490265904282702769e-13 -3.686850684692122102e-11 -6.402781719752785856e-11 -8.581481787151753938e-11 -1.039794598668584021e-10 -1.185941809532135312e-10 -1.289116923777869485e-10 -1.341615899415926272e-10 1.357552762439728046e-08 1.457220291715676803e-08 1.598564088153651613e-08 1.769502255755005501e-08 1.963421331609471704e-08 2.163324251327734610e-08 2.320386578571201077e-08 2.298063184660114304e-08 1.960730423492522231e-08 1.517956026327259324e-08 1.106422940750054889e-08 7.662819691125664889e-09 5.009504173428570462e-09 2.962079682906723418e-09 1.425742907319477403e-09 2.974950978858002275e-10 -5.389498530246162454e-10 -1.155697996037052580e-09 -1.623227995529276736e-09 -2.011530104327047557e-09 -2.336093921173600165e-09 -2.567863806819455055e-09 -2.685660274741902375e-09 -2.693998689823164252e-09 3.805387548944694506e-08 4.131643226565011541e-08 4.588684393785345979e-08 5.140491354148260474e-08 5.803891256814544968e-08 6.565221363128806013e-08 7.323301020409014143e-08 7.707756453620673323e-08 6.213143296573167872e-08 4.624778868523381566e-08 3.264040505404354738e-08 2.187360186079727539e-08 1.374663252065317880e-08 7.617149604765223088e-09 3.125669772207015514e-09 -1.136368020700557712e-10 -2.462927504594903437e-09 -4.173471410845605996e-09 -5.485319603454125202e-09 -6.624705384081148322e-09 -7.564503362978101422e-09 -8.139723554639673412e-09 -8.320420918782346361e-09 -8.172730834172751829e-09 9.947132256223359153e-09 1.078739752934697208e-08 1.193311514616213461e-08 1.333573929031266853e-08 1.503678454385242435e-08 1.692778921674578189e-08 1.854529726558303843e-08 1.857157236322313156e-08 1.571034444606765732e-08 1.189984345985592275e-08 8.413908278767137902e-09 5.593349575266705563e-09 3.442570877803728173e-09 1.821241847696834057e-09 6.336141469847397516e-10 -2.171625027389026176e-10 -8.342918825208138092e-10 -1.288049742086951036e-09 -1.644976541720392917e-09 -1.946355117070705362e-09 -2.168336151537923966e-09 -2.280367564586044353e-09 -2.287868112082654188e-09 -2.216352512491637905e-09
6.245182996180188304e-11 6.453419503569694758e-11 6.756075663266987417e-11 7.143625049705789118e-11 7.607795027374270882e-11 8.108622784950047973e-11 8.570632038820978366e-11 8.866470063705310315e-11 8.695637894146187534e-11 7.748562800232479610e-11 6.489225355832077650e-11 5.248611101759096687e-11 4.142967465580679878e-11 3.184999444960958390e-11 2.383723998790456595e-11 1.729870495935582129e-11 1.193044529801199543e-11 7.598678659436590850e-12 4.150685933504176859e-12 1.362239119309499792e-12 -8.738374705895489034e-13 -2.645027457126649926e-12 -4.060639700060703446e-12 -5.183509929047864419e-12 7.529548263697314864e-11 7.892604682001526171e-11 8.420490009874617398e-11 9.090916432429462902e-11 9.884918738495911895e-11 1.074184916419490923e-10 1.155633462172044122e-10 1.213255842591935742e-10 1.195098409104695779e-10 1.049161530355200341e-10 8.534141702749332187e-11 6.648074582804475434e-11 5.016274814058573086e-11 3.646567913996556215e-11 2.537757798369597756e-11 1.662800166875561597e-11 9.687289585613062665e-12 4.280091737082333148e-12 1.240569507880630675e-13 -3.132078170868315917e-12 -5.688602884862599508e-12 -7.714294870028045364e-12 -9.374645239481465034e-12 -1.072382461949923568e-11 5.678857582478015304e-10 6.050536640243417953e-10 6.571570275253607132e-10 7.213818643971376171e-10 7.982815362644850198e-10 8.860423172131987048e-10 9.767495722905217533e-10 1.049755374191798712e-09 1.045723521921105620e-09 9.069857433095289870e-10 7.167421477062183501e-10 5.368539779418178946e-10 3.854818220505308365e-10 2.622618210722519182e-10 1.656766542543790385e-10 9.197410978244684698e-11 3.550408223794180330e-11 -6.950122764129614726e-12 -3.849898692423777767e-11 -6.270593887148371160e-11 -8.197548020772726854e-11 -9.798113191873984588e-11 -1.111561804051564235e-10 -1.204004440201561589e-10 9.638855177801138845e-09 1.034314253377889255e-08 1.129470976323738013e-08 1.248807815516457990e-08 1.401048859772568639e-08 1.586358774061872539e-08 1.788069211355865414e-08 1.960730423492522231e-08 1.973015665711178106e-08 1.699329848276478822e-08 1.317870791332979516e-08 9.616528395938643683e-09 6.672697736531233185e-09 4.323024322697115900e-09 2.518720024513373959e-09 1.171359562996590272e-09 1.624760202711383477e-10 -5.785496612736242249e-10 -1.119785149868552958e-09 -1.537792195251628630e-09 -1.883828956259244442e-09 -2.173296241777855292e-09 -2.385163828283471564e-09 -2.492425191506515638e-09 2.660469333401734163e-08 2.870686297626149756e-08 3.144942791516010469e-08 3.507878348301483357e-08 4.006673271690398825e-08 4.658109032088566131e-08 5.424818236947656789e-08 6.213143296573167872e-08 6.668804048935408891e-08 5.414494599423472527e-08 4.033596328438980603e-08 2.849299389503081055e-08 1.913231079402932630e-08 1.190428442371544841e-08 6.480675587898090637e-09 2.528338623360289750e-09 -3.744810848482431782e-10 -2.458995908478924937e-09 -3.962254845216538116e-09 -5.140631137470946947e-09 -6.164365399134373341e-09 -7.011580452135474735e-09 -7.543280160918283722e-09 -7.711204511230731466e-09 6.850675089118352450e-09 7.321473229952265542e-09 7.987335695673304545e-09 8.938078890300399770e-09 1.028220249622366148e-08 1.201066358170985821e-08 1.396038769069903406e-08 1.571034444606766063e-08 1.601384087702455977e-08 1.368607739417151248e-08 1.038822155603285032e-08 7.356060438627187301e-09 4.901844484638259157e-09 2.986203321996098271e-09 1.549748608885296743e-09 5.041534259142697207e-10 -2.584040307870850687e-10 -8.063734223315223065e-10 -1.206680162806930396e-09 -1.529511434108964257e-09 -1.802543605884748344e-09 -2.003987901545593154e-09 -2.108545365995771658e-09 -2.116623491851293193e-09
4.850923662124918533e-11 5.020844404102567720e-11 5.276326145700188468e-11 5.614888158884287346e-11 6.033847377955116432e-11 6.508435772202302611e-11 6.998592392376584064e-11 7.451255502304768621e-11 7.748562800232478318e-11 7.628419976963391043e-11 6.798481742413403119e-11 5.691693903745136423e-11 4.606034805299680368e-11 3.619848469525125561e-11 2.772201598591699114e-11 2.068346340759949483e-11 1.483480370479111359e-11 1.007461734364152587e-11 6.264399327423683077e-12 3.177366901704589878e-12 7.029391218135946932e-13 -1.265403131325753700e-12 -2.852816941199550956e-12 -4.110397736803305353e-12 5.653268432063938358e-11 5.934110015551824035e-11 6.344339660533568220e-11 6.871616166391917056e-11 7.515747342800560599e-11 8.259931043153956351e-11 9.070186037282625944e-11 9.880888624735942714e-11 1.049161530355200341e-10 1.042599168266943729e-10 9.183324920810511251e-11 7.484939384830695779e-11 5.845839647702622109e-11 4.395043150049159835e-11 3.183827201454086677e-11 2.208521996801406781e-11 1.423576382263764215e-11 8.055330667619966624e-12 3.274261207832187207e-12 -4.695021863339877700e-13 -3.378469098011320207e-12 -5.645292786594322920e-12 -7.475934115888410866e-12 -8.965924508212923226e-12 4.114126046542934102e-10 4.355615622573616893e-10 4.691048623800931003e-10 5.132075682755217348e-10 5.718086798127075182e-10 6.463272713468100127e-10 7.343024243643293650e-10 8.287278021390911454e-10 9.069857433095289870e-10 9.146798036027747433e-10 7.973375838493231683e-10 6.320835722123876409e-10 4.752510001156930953e-10 3.400762386711430613e-10 2.305231772532613402e-10 1.450352079655729727e-10 7.847011461089041092e-11 2.786123168328168602e-11 -9.885617962041873684e-12 -3.843935281134786442e-11 -6.017376363151400323e-11 -7.739658541775630958e-11 -9.205197056849700887e-11 -1.040831858090594385e-10 6.771878957242140450e-09 7.116927609234251665e-09 7.635792633319417157e-09 8.425201381788214938e-09 9.593060080125845505e-09 1.116369832212342825e-08 1.307519147579921101e-08 1.517956026327259324e-08 1.699329848276479152e-08 1.732515376572114971e-08 1.500217321262578036e-08 1.167487340384191612e-08 8.556165480202759300e-09 5.915685845991271604e-09 3.817276551887650158e-09 2.213913753279708486e-09 9.933251183831277346e-10 8.720180445188909273e-11 -5.730943042231710917e-10 -1.064893126873141805e-09 -1.443110519784321375e-09 -1.756158194111335659e-09 -2.024799954020332140e-09 -2.220903436336821634e-09 1.827619256527055681e-08 1.897966594041549508e-08 2.029206229948458607e-08 2.265860671616419109e-08 2.645433019785477910e-08 3.173591880261252855e-08 3.842334050753019936e-08 4.624778868523381566e-08 5.414494599423471866e-08 5.892088011376513755e-08 4.800522974575785221e-08 3.586424794060361026e-08 2.544573650219391664e-08 1.701661300966749986e-08 1.054154515640375185e-08 5.711587024833828932e-09 2.124737516488285733e-09 -4.864565496015429938e-10 -2.349213499886660825e-09 -3.721242927523376875e-09 -4.795527426501049801e-09 -5.729405166794006102e-09 -6.521171565936720806e-09 -7.016806573264793484e-09 4.510702138513246417e-09 4.628394930807068356e-09 4.960873681513367780e-09 5.615865680448398225e-09 6.665174987593330570e-09 8.111581904122849335e-09 9.897105125559543075e-09 1.189984345985592275e-08 1.368607739417151248e-08 1.413298995163104879e-08 1.214195664082679767e-08 9.248029836147919225e-09 6.579168608487503093e-09 4.367733053190944248e-09 2.651044727846772099e-09 1.371505427904695119e-09 4.220905781896351337e-10 -2.652842287902080416e-10 -7.566871480874634233e-10 -1.124239231040330498e-09 -1.420393558232217455e-09 -1.670800651064884672e-09 -1.859940366294787222e-09 -1.958252703187932954e-09
3.733732420282082512e-11 3.870069042061832716e-11 4.082237753104190427e-11 4.366907539624562645e-11 4.721142886890655085e-11 5.130383155426979323e-11 5.577536575886386916e-11 6.047783232167824534e-11 6.489225355832077650e-11 6.798481742413403119e-11 6.735063952436711515e-11 6.025432473845334301e-11 5.060924372930424307e-11 4.090206687986046868e-11 3.212126940933805866e-11 2.461011656585214800e-11 1.824785028925066012e-11 1.299955283668770329e-11 8.757338391900412846e-12 5.297697010179788499e-12 2.517294034907634922e-12 3.051643275002070256e-13 -1.487718695019494745e-12 -2.921936469471632436e-12 4.198018734419538279e-11 4.393589919908368115e-11 4.683915774104607686e-11 5.067228868213166852e-11 5.559202464053834252e-11 6.167462076808247073e-11 6.887818832300207367e-11 7.705934457900481807e-11 8.534141702749332187e-11 9.183324920810511251e-11 9.217656635135973185e-11 8.167897895387366377e-11 6.689969839449444423e-11 5.222103401718129496e-11 3.926139708458188071e-11 2.848113463141556404e-11 1.961788854842817276e-11 1.253128145329170459e-11 6.986786563679539353e-12 2.615161150361295158e-12 -7.802761086679265365e-13 -3.398090110237168046e-12 -5.476273631142440596e-12 -7.142287144933534322e-12 2.901770964480107428e-10 3.001038338390268330e-10 3.176609026701542111e-10 3.465958848710224770e-10 3.908798345904489590e-10 4.519738667303667085e-10 5.290684701922163247e-10 6.204139447842540570e-10 7.167421477062182467e-10 7.973375838493231683e-10 8.133703919802638050e-10 7.138517198561032276e-10 5.691576911886060918e-10 4.278061532391506746e-10 3.062553639440457003e-10 2.080997485016377312e-10 1.299159600204793858e-10 6.947600747282298209e-11 2.384637481593982033e-11 -1.083519376980220883e-11 -3.687735552518723739e-11 -5.659001178914299813e-11 -7.256753728802977691e-11 -8.612474046921841413e-11 4.455734472188004944e-09 4.488951531524658772e-09 4.723612327203688462e-09 5.260002637285326206e-09 6.164337730980131534e-09 7.449930188940892788e-09 9.093434210620405350e-09 1.106422940750054889e-08 1.317870791332979516e-08 1.500217321262578036e-08 1.547242231059092456e-08 1.348960036837153369e-08 1.056088755042089841e-08 7.737152854357648661e-09 5.353569121790438185e-09 3.467681985088021338e-09 1.997645371236378461e-09 8.866168235275496531e-10 6.694493994382070926e-11 -5.427816171497929044e-10 -9.945962800707731921e-10 -1.340952089952952873e-09 -1.634593018315335271e-09 -1.885920856023527876e-09 1.127272666880796373e-08 1.102453437465620340e-08 1.158864258965943730e-08 1.326098100351141081e-08 1.617723645331874454e-08 2.039643222374429055e-08 2.586376866997673180e-08 3.264040505404354738e-08 4.033596328438980603e-08 4.800522974575785221e-08 5.282101674029133633e-08 4.332075369032883970e-08 3.255419742284738523e-08 2.307835437689006632e-08 1.544844075589625041e-08 9.616564899284313037e-09 5.179811095760462025e-09 1.906333712063979985e-09 -4.634585072273480249e-10 -2.191297753918254243e-09 -3.458252226677853166e-09 -4.447318798148283338e-09 -5.327807029143013417e-09 -6.071914581696484680e-09 2.494900363080837178e-09 2.449325243875571696e-09 2.633612383644228376e-09 3.119428932910408765e-09 3.943901971179444044e-09 5.111181536690273723e-09 6.605531275823339632e-09 8.413908278767137902e-09 1.038822155603285032e-08 1.214195664082679767e-08 1.267753140508996552e-08 1.096340863573784853e-08 8.402609800838725302e-09 5.977270708402325914e-09 3.975570229185633392e-09 2.428848251472798186e-09 1.251858397990286496e-09 3.836018993334989470e-10 -2.421814788341195441e-10 -6.996244263908198003e-10 -1.040407279279056478e-09 -1.314209458426813345e-09 -1.551148371918790541e-09 -1.729802535411727479e-09
2.842635775376342134e-11 2.955563364685966438e-11 3.128223561684610720e-11 3.355851578300074156e-11 3.638004567977318372e-11 3.971000620847044718e-11 4.352742468041205312e-11 4.785940017026622339e-11 5.248611101759096687e-11 5.691693903745135130e-11 6.025432473845334301e-11 6.016530080434634195e-11 5.410609694424642742e-11 4.548566013312197410e-11 3.680288798474163716e-11 2.896835744464593587e-11 2.212329236720554019e-11 1.636171746030838944e-11 1.163786930341567994e-11 7.744991271660176315e-12 4.593957004019220746e-12 2.079382809410994955e-12 4.079344989022883068e-14 -1.598203594127697867e-12 3.051870579541622157e-11 3.166624675222773193e-11 3.347368442539994680e-11 3.608050208907741807e-11 3.974379551097722328e-11 4.461838232050358764e-11 5.074504120655033938e-11 5.816134405817798066e-11 6.648074582804475434e-11 7.484939384830695779e-11 8.167897895387367670e-11 8.277134707394284887e-11 7.379937198215633684e-11 6.052864394613966190e-11 4.732793603412266449e-11 3.569774496447751758e-11 2.581315579906567874e-11 1.773547834924127881e-11 1.131552749237946706e-11 6.194743513800191734e-12 2.188697469492534052e-12 -8.995991506520485820e-13 -3.325648039029398134e-12 -5.237471462821879820e-12 1.887252394069210611e-10 1.886041957348127640e-10 1.964528803334092202e-10 2.161803055666531107e-10 2.504469234852540416e-10 3.000873968148993751e-10 3.648267874974717019e-10 4.449597905236023056e-10 5.368539779418177912e-10 6.320835722123876409e-10 7.138517198561033310e-10 7.352381175727892843e-10 6.493632004908481543e-10 5.184339437945383545e-10 3.904551228050666917e-10 2.807204408338205817e-10 1.902441636282465312e-10 1.186561714894584334e-10 6.365924917171958275e-11 2.131138625384327094e-11 -1.066124066804430599e-11 -3.453566571677449252e-11 -5.299925939197823844e-11 -6.789831441302119510e-11 2.395979664200086868e-09 2.325737492986510022e-09 2.455541274517819023e-09 2.860962255794002634e-09 3.580020979410814999e-09 4.620382749623697104e-09 5.976525526226208465e-09 7.662819691125664889e-09 9.616528395938643683e-09 1.167487340384191612e-08 1.348960036837153700e-08 1.404021958545486026e-08 1.231659633744230469e-08 9.654947744919564362e-09 7.090401056066498527e-09 4.933294303455675797e-09 3.190890503745741080e-09 1.841135556423205254e-09 8.264531670748199332e-10 6.201877529825375400e-11 -5.034988830161476782e-10 -9.206500535541415982e-10 -1.247655690745679171e-09 -1.523748419913302196e-09 4.823120556220437867e-09 4.574815185976977730e-09 4.999902370336835475e-09 6.315643918602056915e-09 8.634671499196975114e-09 1.196452549732540998e-08 1.634840179229778473e-08 2.187360186079727208e-08 2.849299389503081055e-08 3.586424794060361026e-08 4.332075369032883970e-08 4.815161419537009086e-08 3.967069960431800377e-08 2.983322059260579350e-08 2.120208717210477797e-08 1.428230602687199787e-08 8.881675744556396944e-09 4.797717687367953995e-09 1.799292499490747361e-09 -4.181002587866398860e-10 -2.026101824167258693e-09 -3.200048299420624711e-09 -4.136896945286410038e-09 -4.967636698956140464e-09 6.607343824659307916e-10 6.997353235813111793e-10 8.869257411766162417e-10 1.291702600406859742e-09 1.953573038614453659e-09 2.884721122898872621e-09 4.089476790786414874e-09 5.593349575266705563e-09 7.356060438627187301e-09 9.248029836147919225e-09 1.096340863573784853e-08 1.154510513359311715e-08 1.004576277025808903e-08 7.710962696316897308e-09 5.502495479955616486e-09 3.685859187076657521e-09 2.251725655005592795e-09 1.166301057895778007e-09 3.693313003909491904e-10 -2.175087739590627122e-10 -6.442528764742677824e-10 -9.608021061263273793e-10 -1.220859254666457152e-09 -1.444855138122504296e-09
2.135842131991339191e-11 2.230379033237111267e-11 2.364097601098736557e-11 2.534672574671644855e-11 2.748777512229811575e-11 3.011995391338432933e-11 3.329379427515000655e-11 3.709414645464872817e-11 4.142967465580679878e-11 4.606034805299680368e-11 5.060924372930424307e-11 5.410609694424642742e-11 5.439669187008138859e-11 4.905481102316762900e-11 4.132785092602248609e-11 3.354178585065070339e-11 2.635896293730732132e-11 2.011856489820921482e-11 1.489537628941665843e-11 1.052775309839321461e-11 6.954260099573123461e-12 4.081659163874536403e-12 1.745889109403171938e-12 -1.323835418378866034e-13 2.113179155245297912e-11 2.163447750105563462e-11 2.262958544766803094e-11 2.437400893134438366e-11 2.713769043871545901e-11 3.106097790047115003e-11 3.618764155901351932e-11 4.261015644126402300e-11 5.016274814058574379e-11 5.845839647702623402e-11 6.689969839449444423e-11 7.379937198215633684e-11 7.530512733407283393e-11 6.733317032661821946e-11 5.535505806787616659e-11 4.344238902826729161e-11 3.271524053081801619e-11 2.365126422104238904e-11 1.628759211415811593e-11 1.032052593285501728e-11 5.596852670491218070e-12 1.927615016316557798e-12 -9.555136079342609936e-13 -3.204197754878026983e-12 9.723701426689208664e-11 9.563839075950849487e-11 1.008034745356478939e-10 1.162192044914009438e-10 1.438935276302430037e-10 1.844246346783013317e-10 2.378530350223434784e-10 3.052653225092013187e-10 3.854818220505308365e-10 4.752510001156930953e-10 5.691576911886060918e-10 6.493632004908481543e-10 6.728759370840840799e-10 5.957331358234767831e-10 4.767602900647428735e-10 3.606779532327426616e-10 2.590358710030174183e-10 1.757536044602519267e-10 1.102380103706674393e-10 5.888674088498822817e-11 1.960268725220448236e-11 -9.888200519621014227e-12 -3.237364078864323855e-11 -4.967138680694747121e-11 4.929873941585279268e-10 5.479954879986619845e-10 7.197104083074732361e-10 1.079860792525841945e-09 1.674675393637405344e-09 2.519470795778848978e-09 3.620738009711170529e-09 5.009504173428570462e-09 6.672697736531234839e-09 8.556165480202759300e-09 1.056088755042090006e-08 1.231659633744230469e-08 1.288869086898110708e-08 1.133206177732225291e-08 8.906719807831158708e-09 6.575397831945193700e-09 4.572756995666103928e-09 2.964515050327746008e-09 1.725177455294056677e-09 7.740614004704069070e-10 6.183537583064855651e-11 -4.622849393167821733e-10 -8.572865241380203877e-10 -1.165444048179261019e-09 -1.151274173601949976e-09 -6.520426157715739341e-10 7.002677118728319667e-11 1.289258688070027063e-09 3.188755170728368356e-09 5.857185412466421948e-09 9.321360865032213912e-09 1.374663252065317880e-08 1.913231079402932961e-08 2.544573650219391003e-08 3.255419742284738523e-08 3.967069960431800377e-08 4.431396721300166301e-08 3.656029521268126041e-08 2.756528820960243687e-08 1.970277085855633149e-08 1.326534114466449187e-08 8.270189927600940741e-09 4.512479471152800705e-09 1.696049311566958610e-09 -3.740352913382179036e-10 -1.867307149249047553e-09 -2.981631891619605695e-09 -3.866381081133863505e-09 -9.636896024228013489e-10 -7.167718008010199422e-10 -4.192739499153180140e-10 -2.636001982735640259e-11 5.278366297182687873e-10 1.275241228667943633e-09 2.234086282828135538e-09 3.442570877803729000e-09 4.901844484638259157e-09 6.579168608487503093e-09 8.402609800838725302e-09 1.004576277025808572e-08 1.063022132608463203e-08 9.269797158436822353e-09 7.135810386364785507e-09 5.122246512115864450e-09 3.430327299695026832e-09 2.102188365510436832e-09 1.102194315041834438e-09 3.525991101451619960e-10 -1.960814232839246631e-10 -5.930424953429939571e-10 -8.939477839545741485e-10 -1.139856041510418326e-09
1.562999148734468288e-11 1.632910278124790837e-11 1.727067153175759833e-11 1.846964903586645078e-11 2.005057167913219611e-11 2.211565710908715159e-11 2.473160759726045748e-11 2.798839029287132176e-11 3.184999444960958390e-11 3.619848469525125561e-11 4.090206687986046222e-11 4.548566013312198702e-11 4.905481102316762900e-11 4.964621452394238753e-11 4.496155354909494731e-11 3.803174154709516358e-11 3.086389774044949553e-11 2.427630931206533193e-11 1.857944161422163505e-11 1.371370059557763634e-11 9.672697002338762767e-12 6.388535293790619565e-12 3.698313671009853514e-12 1.528380822096802308e-12 1.284449914637408323e-11 1.299988129203938633e-11 1.358615768202946911e-11 1.485483184676891447e-11 1.703383146568824445e-11 2.023510092509329148e-11 2.449685684147162176e-11 2.992665617025574422e-11 3.646567913996556215e-11 4.395043150049159835e-11 5.222103401718129496e-11 6.052864394613966190e-11 6.733317032661821946e-11 6.915166190102920140e-11 6.209439211497847135e-11 5.127281326609698134e-11 4.023691863850995541e-11 3.034300926040657748e-11 2.202592883003636849e-11 1.513349406024058271e-11 9.587587353281440868e-12 5.226267444282589651e-12 1.772047970764498767e-12 -9.230698260710065613e-13 1.134375748634095788e-11 1.574312643012513004e-11 2.405917771964179054e-11 3.884221180362503722e-11 6.245949002486037013e-11 9.592377828860905418e-11 1.396790630053319914e-10 1.951440684519175974e-10 2.622618210722519182e-10 3.400762386711430613e-10 4.278061532391506746e-10 5.184339437945383545e-10 5.957331358234767831e-10 6.209749650010928791e-10 5.521094840176942267e-10 4.440583020415973925e-10 3.360669151851919537e-10 2.419493131078965469e-10 1.652119945928990148e-10 1.035983259202413965e-10 5.560966559593821680e-11 1.910920940458649190e-11 -8.856724435320219533e-12 -3.004849801758195768e-11 -1.227883905634766229e-09 -9.611817290665120348e-10 -6.483291331221235585e-10 -2.639879600975226260e-10 2.571711446880309362e-10 9.521911528852460446e-10 1.841228330246461012e-09 2.962079682906723418e-09 4.323024322697115900e-09 5.915685845991271604e-09 7.737152854357648661e-09 9.654947744919562708e-09 1.133206177732225291e-08 1.192636765294863513e-08 1.053133577521041577e-08 8.322421622505865984e-09 6.147732073775949779e-09 4.288067557896804730e-09 2.801740827944668826e-09 1.632502279236150735e-09 7.407482349815221778e-10 7.673812891552753766e-11 -4.220714199490686173e-10 -7.957051043703501657e-10 -6.333107034685344618e-09 -5.097290277321206491e-09 -3.791151231906833687e-09 -2.442295636132071350e-09 -7.707114402599060659e-10 1.386962702610590666e-09 4.140724277068184657e-09 7.617149604765223088e-09 1.190428442371544510e-08 1.701661300966749986e-08 2.307835437689006632e-08 2.983322059260579350e-08 3.656029521268125379e-08 4.103756322888674808e-08 3.402795880952046385e-08 2.580221309778801164e-08 1.844692770249897695e-08 1.245700070440438988e-08 7.832619980244234693e-09 4.281980771770220330e-09 1.637552716686601616e-09 -2.954129034332512969e-10 -1.718229164999025657e-09 -2.773664966553945433e-09 -2.270176539087428711e-09 -1.889252053223829005e-09 -1.452525638261482829e-09 -1.008265880607652175e-09 -5.072396702150051029e-10 1.059476275725936520e-10 8.672991444973952472e-10 1.821241847696834057e-09 2.986203321996098684e-09 4.367733053190945075e-09 5.977270708402325087e-09 7.710962696316897308e-09 9.269797158436822353e-09 9.861746193225721053e-09 8.636078834396248421e-09 6.685703713869385433e-09 4.801756494592572159e-09 3.226339636516711727e-09 1.995794445528020861e-09 1.050050817548985305e-09 3.455675531224475507e-10 -1.671076977846890557e-10 -5.456954837396891473e-10 -8.308921854551506785e-10
1.093716740351580159e-11 1.130817209093771038e-11 1.188242950380946278e-11 1.271018800434544880e-11 1.390170845001167510e-11 1.555126094716929733e-11 1.771848386318024100e-11 2.048404929297419742e-11 2.383723998790456595e-11 2.772201598591699114e-11 3.212126940933806513e-11 3.680288798474163716e-11 4.132785092602249901e-11 4.496155354909494731e-11 4.577569880717495922e-11 4.163233634283789121e-11 3.524670773768734114e-11 2.864827207505148336e-11 2.260625152377868418e-11 1.727286463270004077e-11 1.274788033689562601e-11 9.014683894235143187e-12 5.922750176504187637e-12 3.409823783809346158e-12 5.318400022565742814e-12 5.504256570153393954e-12 6.077316653055090904e-12 7.211137487118044981e-12 9.070293350073241464e-12 1.175215893902760475e-11 1.530629978779388681e-11 1.984904920694852562e-11 2.537757798369597756e-11 3.183827201454086677e-11 3.926139708458186779e-11 4.732793603412266449e-11 5.535505806787616659e-11 6.209439211497847135e-11 6.411977206187759941e-11 5.781564653585123996e-11 4.777851670129127617e-11 3.756575083872441717e-11 2.845020077036341328e-11 2.063155319842910879e-11 1.419581426606296125e-11 9.050291004692898107e-12 4.923973730792092930e-12 1.678686179551421979e-12 -6.449764951524557245e-11 -5.254226611816733529e-11 -3.795518746329660815e-11 -2.082726914716303493e-11 1.042664235243238177e-12 2.942829844063784102e-11 6.541804042432597145e-11 1.106698242829814144e-10 1.656766542543790644e-10 2.305231772532613402e-10 3.062553639440457003e-10 3.904551228050666917e-10 4.767602900647428735e-10 5.521094840176942267e-10 5.783753062952780834e-10 5.164204014805040778e-10 4.157466997873719508e-10 3.154069752477812463e-10 2.283436759501496106e-10 1.558934927842378060e-10 9.809340725298233647e-11 5.334401428710350529e-11 1.862010306490920589e-11 -7.808252193977513674e-12 -2.597987133244356089e-09 -2.211881153120145093e-09 -1.755767333870061611e-09 -1.291832052388408235e-09 -7.898449561935237909e-10 -1.968707900816266916e-10 5.268449062847893813e-10 1.425742907319477196e-09 2.518720024513373546e-09 3.817276551887649331e-09 5.353569121790438185e-09 7.090401056066499354e-09 8.906719807831158708e-09 1.053133577521041577e-08 1.113519868215825575e-08 9.874181945485400953e-09 7.809890136785325511e-09 5.783979995826484328e-09 4.059510687964843024e-09 2.652926714130565147e-09 1.553552229606933372e-09 7.201224286446257510e-10 8.701180772716679405e-11 -3.853906890546198508e-10 -1.007134000330047762e-08 -8.681975835067875540e-09 -6.973964431356106224e-09 -5.300011504354582159e-09 -3.656665672904026707e-09 -1.817683976101155341e-09 3.831279033611657031e-10 3.125669772207015514e-09 6.480675587898091464e-09 1.054154515640375185e-08 1.544844075589624710e-08 2.120208717210477466e-08 2.756528820960244018e-08 3.402795880952045723e-08 3.840239444638254020e-08 3.194375602672011722e-08 2.423123341336584111e-08 1.736693173668794403e-08 1.180517522059797856e-08 7.424152338894695552e-09 4.082149652385385714e-09 1.609123077462091585e-09 -2.354014704796049719e-10 -1.583428066802531756e-09 -3.141882336242220212e-09 -2.770132786235540373e-09 -2.283850754554693397e-09 -1.771936084555681399e-09 -1.266084372229989661e-09 -7.327796824710364867e-10 -1.178454808447155883e-10 6.336141469847398550e-10 1.549748608885297156e-09 2.651044727846772099e-09 3.975570229185633392e-09 5.502495479955615659e-09 7.135810386364785507e-09 8.636078834396248421e-09 9.225265791108511763e-09 8.111393184110540617e-09 6.283659220751833177e-09 4.524894846322822736e-09 3.061392680543221770e-09 1.894965962481726626e-09 1.004459850635979279e-09 3.452479824126471217e-10 -1.441744629166379553e-10 -5.032569590782763451e-10
6.932025516379090678e-12 7.019494093075791408e-12 7.317738912805732150e-12 7.914006589144950197e-12 8.875804917396219990e-12 1.024816602503000193e-11 1.207190858921688969e-11 1.442066276500132435e-11 1.729870495935582129e-11 2.068346340759950129e-11 2.461011656585214800e-11 2.896835744464593264e-11 3.354178585065070339e-11 3.803174154709516358e-11 4.163233634283789121e-11 4.255378300765842319e-11 3.876259307581654569e-11 3.287167413641698732e-11 2.680060497060297763e-11 2.112637725044452872e-11 1.615093141928550447e-11 1.195750068778972191e-11 8.431697590470683390e-12 5.533948182755499636e-12 -1.449981892091553894e-12 -9.448344889099932600e-13 -1.178440058728377970e-13 1.112205156749756833e-12 2.857824410903985863e-12 5.197940689176702731e-12 8.201984308050213621e-12 1.200125703050347818e-11 1.662800166875561597e-11 2.208521996801406781e-11 2.848113463141556404e-11 3.569774496447751758e-11 4.344238902826729807e-11 5.127281326609698134e-11 5.781564653585124643e-11 5.988907003802321053e-11 5.406901013077553995e-11 4.476140374662799181e-11 3.532705671124869308e-11 2.673578649147195561e-11 1.941605091448116741e-11 1.342928297863737125e-11 8.548762716676463961e-12 4.662717531695893705e-12 -1.242341808827069235e-10 -1.083664043072179829e-10 -8.864609695190236955e-11 -6.771389604056227939e-11 -4.535983635965700067e-11 -1.998895417332929706e-11 1.019226312627917930e-11 4.722424493113063613e-11 9.197410978244687283e-11 1.450352079655729727e-10 2.080997485016377312e-10 2.807204408338205300e-10 3.606779532327427133e-10 4.440583020415973925e-10 5.164204014805040778e-10 5.422796354213293464e-10 4.846678941542544284e-10 3.909053154339880767e-10 2.978663243036722189e-10 2.155142223545549511e-10 1.474418088755868539e-10 9.347689025908826862e-11 5.087181706902962758e-11 1.804476521951424494e-11 -3.519080310802669335e-09 -3.144731520345300245e-09 -2.647541943401102496e-09 -2.111291489012567077e-09 -1.579159252013446039e-09 -1.035334364128007588e-09 -4.286969100053197698e-10 2.974950978858002275e-10 1.171359562996590479e-09 2.213913753279708486e-09 3.467681985088021338e-09 4.933294303455675797e-09 6.575397831945194527e-09 8.322421622505865984e-09 9.874181945485400953e-09 1.045882692766517202e-08 9.280633692104100701e-09 7.353364861679604366e-09 5.471369127178848770e-09 3.837591917878387248e-09 2.514080883560091739e-09 1.486300343193736477e-09 6.918304798230410928e-10 9.261053686908809283e-11 -1.225513455030572125e-08 -1.111071229477918369e-08 -9.488249779264450360e-09 -7.644816078103530853e-09 -5.844121568190346825e-09 -4.129793107265453870e-09 -2.290864618656803019e-09 -1.136368020700557712e-10 2.528338623360289750e-09 5.711587024833828932e-09 9.616564899284313037e-09 1.428230602687199622e-08 1.970277085855633149e-08 2.580221309778801164e-08 3.194375602672011060e-08 3.608898603916333786e-08 3.002472482027075324e-08 2.281397606299146525e-08 1.643376867408534545e-08 1.116107323450586241e-08 7.037362782797500597e-09 3.911853356210975919e-09 1.553955518993868351e-09 -1.925331409624347592e-10 -3.601927215520125680e-09 -3.313283549610060290e-09 -2.891089806669924681e-09 -2.383008551994904842e-09 -1.853463704995455459e-09 -1.343301334657835246e-09 -8.199975664855143998e-10 -2.171625027389026176e-10 5.041534259142697207e-10 1.371505427904694499e-09 2.428848251472798186e-09 3.685859187076657521e-09 5.122246512115864450e-09 6.685703713869385433e-09 8.111393184110540617e-09 8.674663092095898882e-09 7.629938140738355277e-09 5.920573157947056805e-09 4.284778785982268736e-09 2.896953400575672478e-09 1.798639381106083823e-09 9.656238627177247028e-10 3.367451210752963074e-10 -1.270004265849228836e-10
3.241650922313897522e-12 3.226477268413980938e-12 3.402318043489452918e-12 3.876657279576747319e-12 4.708532144236916310e-12 5.905003834325381556e-12 7.473231660913597039e-12 9.476176325055234921e-12 1.193044529801199381e-11 1.483480370479111359e-11 1.824785028925066012e-11 2.212329236720554019e-11 2.635896293730732132e-11 3.086389774044949553e-11 3.524670773768734760e-11 3.876259307581655216e-11 3.978051796525036771e-11 3.634177150175493375e-11 3.092402410775512327e-11 2.521022849437469569e-11 1.989887733811237114e-11 1.526928938504837066e-11 1.129114451622058092e-11 7.970731460811391096e-12 -7.379894265724021667e-12 -6.495838413854453130e-12 -5.312872620312375203e-12 -3.869821091319039559e-12 -2.102874341025899351e-12 4.333434300191534547e-14 2.640800276793322290e-12 5.834888932035353445e-12 9.687289585613061050e-12 1.423576382263764215e-11 1.961788854842817276e-11 2.581315579906567874e-11 3.271524053081801619e-11 4.023691863850995541e-11 4.777851670129127617e-11 5.406901013077553995e-11 5.621395600301100349e-11 5.089926720939086867e-11 4.230086677850774888e-11 3.338763220555421775e-11 2.531572234276605072e-11 1.847842646426374580e-11 1.277529553822351863e-11 8.158428439438491616e-12 -1.661492160101047891e-10 -1.506723447040900540e-10 -1.297839747726565597e-10 -1.063693291579842177e-10 -8.227193233030577609e-11 -5.784043526661639279e-11 -3.152619646151174321e-11 -8.490265904282702769e-13 3.550408223794180330e-11 7.847011461089039800e-11 1.299159600204793858e-10 1.902441636282465312e-10 2.590358710030174183e-10 3.360669151851920054e-10 4.157466997873717957e-10 4.846678941542544284e-10 5.105722597489234518e-10 4.576072707365780963e-10 3.706226168910160209e-10 2.824100814485056504e-10 2.047826816508012065e-10 1.409993227543547402e-10 8.943521979158114005e-11 4.901327875247641218e-11 -4.037129436736813101e-09 -3.740998667454507460e-09 -3.308439138339124415e-09 -2.782358247634623847e-09 -2.222016922880126338e-09 -1.679488456813557926e-09 -1.139386573302996866e-09 -5.389498530246162454e-10 1.624760202711383218e-10 9.933251183831277346e-10 1.997645371236378461e-09 3.190890503745740667e-09 4.572756995666103928e-09 6.147732073775949779e-09 7.809890136785325511e-09 9.280633692104104010e-09 9.858569761773271718e-09 8.771625672325966720e-09 6.980303346381427490e-09 5.193353750223451279e-09 3.651432692629082594e-09 2.410016878024854902e-09 1.427008649398823330e-09 6.725259255702937761e-10 -1.322022756778457094e-08 -1.241292157234523110e-08 -1.116459402033042260e-08 -9.533057113654220809e-09 -7.693233845664230975e-09 -5.923464770616391920e-09 -4.258899645281436433e-09 -2.462927504594903437e-09 -3.744810848482431265e-10 2.124737516488285733e-09 5.179811095760461198e-09 8.881675744556396944e-09 1.326534114466449187e-08 1.844692770249897695e-08 2.423123341336584111e-08 3.002472482027074001e-08 3.398717254196127992e-08 2.838179459729962555e-08 2.166689672927419308e-08 1.560171224318983999e-08 1.062228665335904677e-08 6.752983157037499367e-09 3.762272283784364846e-09 1.521971080479963610e-09 -3.758671960766618018e-09 -3.560757969737276136e-09 -3.250913135975919166e-09 -2.834093829090647661e-09 -2.337679009277680320e-09 -1.828651594557157340e-09 -1.341615474547548304e-09 -8.342918825208138092e-10 -2.584040307870850687e-10 4.220905781896350820e-10 1.251858397990286496e-09 2.251725655005592795e-09 3.430327299695026418e-09 4.801756494592572159e-09 6.283659220751833177e-09 7.629938140738355277e-09 8.181764309667935841e-09 7.215625451614722345e-09 5.624876170393736128e-09 4.070350243568165524e-09 2.759623691272258507e-09 1.728707101579746045e-09 9.312641423704291311e-10 3.333611684409768881e-10
-2.242860198575986726e-13 -1.379405471013649909e-13 9.079360069837740372e-14 5.487087027068585344e-13 1.308424315057029195e-12 2.386254691414216775e-12 3.771504013395425970e-12 5.502507695918622631e-12 7.598678659436590850e-12 1.007461734364152748e-11 1.299955283668770329e-11 1.636171746030838944e-11 2.011856489820921158e-11 2.427630931206533193e-11 2.864827207505148982e-11 3.287167413641698732e-11 3.634177150175493375e-11 3.742808237829687288e-11 3.429479177393298521e-11 2.919545740727418248e-11 2.383723994607887944e-11 1.888297145710531818e-11 1.447933327862440346e-11 1.072210673901489847e-11 -1.214781874241189653e-11 -1.104215202070904148e-11 -9.587592090881948066e-12 -7.924710522308966156e-12 -6.070294539955172801e-12 -4.007065667444131758e-12 -1.677385239220977196e-12 1.057620244976594576e-12 4.280091737082333148e-12 8.055330667619969855e-12 1.253128145329170459e-11 1.773547834924127558e-11 2.365126422104239228e-11 3.034300926040657748e-11 3.756575083872441717e-11 4.476140374662799181e-11 5.089926720939086867e-11 5.308489602414134517e-11 4.821030386617609856e-11 4.008260527740565235e-11 3.169244417229022315e-11 2.413580697424483640e-11 1.760832655020264590e-11 1.220178815095308533e-11 -1.909426720313649373e-10 -1.782414346888010093e-10 -1.598197670333477330e-10 -1.372564984300185081e-10 -1.124851986803356564e-10 -8.771856796511062921e-11 -6.321272340405899709e-11 -3.686850684692122102e-11 -6.950122764129616342e-12 2.786123168328168279e-11 6.947600747282298209e-11 1.186561714894584334e-10 1.757536044602519267e-10 2.419493131078965469e-10 3.154069752477812463e-10 3.909053154339880250e-10 4.576072707365780963e-10 4.833272427729767311e-10 4.344365409619795620e-10 3.519228735747572549e-10 2.686528202592400554e-10 1.958034371349921265e-10 1.347740620729724480e-10 8.579026740477213526e-11 -4.238526206860659443e-09 -4.028786322849981573e-09 -3.703831343316293006e-09 -3.269275325795381581e-09 -2.748262792624901750e-09 -2.204311262067039192e-09 -1.682622994979763367e-09 -1.155697996037052580e-09 -5.785496612736242249e-10 8.720180445188907980e-11 8.866168235275496531e-10 1.841135556423205254e-09 2.964515050327746008e-09 4.288067557896804730e-09 5.783979995826484328e-09 7.353364861679604366e-09 8.771625672325966720e-09 9.340050855481820304e-09 8.334040293167728013e-09 6.632568645126272886e-09 4.944133362477463468e-09 3.496014568111177425e-09 2.307349535286808743e-09 1.372840635080101713e-09 -1.334073778978566868e-08 -1.281153311126375569e-08 -1.196019669414938203e-08 -1.075035698838103561e-08 -9.186328354305794328e-09 -7.448079340232065258e-09 -5.780005469059635502e-09 -4.173471410845606823e-09 -2.458995908478924524e-09 -4.864565496015430972e-10 1.906333712063979571e-09 4.797717687367953995e-09 8.270189927600939086e-09 1.245700070440438822e-08 1.736693173668794072e-08 2.281397606299146525e-08 2.838179459729962555e-08 3.223425490911070575e-08 2.697512969173805552e-08 2.058761613374719933e-08 1.485362911891147408e-08 1.017494701757903370e-08 6.468562096282134262e-09 3.623935256987697906e-09 -3.711989527488047586e-09 -3.586252980760138592e-09 -3.381940342791832042e-09 -3.087141563187827597e-09 -2.693226721017083583e-09 -2.229685277763129962e-09 -1.754272559854257819e-09 -1.288049742086950829e-09 -8.063734223315223065e-10 -2.652842287902080416e-10 3.836018993334989987e-10 1.166301057895777800e-09 2.102188365510436418e-09 3.226339636516712554e-09 4.524894846322822736e-09 5.920573157947056805e-09 7.215625451614721518e-09 7.755087981198110779e-09 6.859386765356425706e-09 5.347196469970032170e-09 3.877388714441646625e-09 2.645578919752673437e-09 1.657699990659814192e-09 8.989354485410130422e-10
-3.384393022401219458e-12 -3.099552295711818732e-12 -2.698866181711053638e-12 -2.159304458092088255e-12 -1.415798280662263843e-12 -4.267622281490542395e-13 8.173109306063382824e-13 2.341516220477753654e-12 4.150685933504176859e-12 6.264399327423683077e-12 8.757338391900414461e-12 1.163786930341568156e-11 1.489537628941665843e-11 1.857944161422163182e-11 2.260625152377869065e-11 2.680060497060297763e-11 3.092402410775512327e-11 3.429479177393298521e-11 3.538559510879559906e-11 3.244529881334530751e-11 2.765660271239649202e-11 2.265005012523877376e-11 1.793035722408090375e-11 1.376497910501979206e-11 -1.559056087102763582e-11 -1.447883745633155936e-11 -1.295767696251452659e-11 -1.118459569679537040e-11 -9.248867337489598474e-12 -7.206853896937126253e-12 -5.035409386103360766e-12 -2.618040369372356911e-12 1.240569507880632947e-13 3.274261207832187207e-12 6.986786563679540968e-12 1.131552749237946867e-11 1.628759211415810947e-11 2.202592883003636849e-11 2.845020077036341328e-11 3.532705671124869954e-11 4.230086677850774888e-11 4.821030386617611148e-11 5.033978509463754269e-11 4.573357236610252053e-11 3.807041667211825760e-11 3.020512922759129848e-11 2.298473903562564136e-11 1.679288617219285007e-11 -2.019985992501486449e-10 -1.925623306307109412e-10 -1.781884566088491797e-10 -1.592380806657214847e-10 -1.364970776326103679e-10 -1.121569208743046230e-10 -8.813020051060870094e-11 -6.402781719752787148e-11 -3.849898692423777767e-11 -9.885617962041875300e-12 2.384637481593982033e-11 6.365924917171958275e-11 1.102380103706674393e-10 1.652119945928990407e-10 2.283436759501496106e-10 2.978663243036722189e-10 3.706226168910160209e-10 4.344365409619795620e-10 4.590771823085223625e-10 4.126327587630256249e-10 3.346387249978958090e-10 2.564362443625695720e-10 1.867249963471796110e-10 1.287589829759820524e-10 -4.223035655128964601e-09 -4.083717826693029610e-09 -3.860630295507047970e-09 -3.544108333217980201e-09 -3.126599461421320470e-09 -2.635280011174959463e-09 -2.124639751575230376e-09 -1.623227995529276736e-09 -1.119785149868552958e-09 -5.730943042231710917e-10 6.694493994382070926e-11 8.264531670748201400e-10 1.725177455294056677e-09 2.801740827944668826e-09 4.059510687964843024e-09 5.471369127178848770e-09 6.980303346381427490e-09 8.334040293167726359e-09 8.875674060674433968e-09 7.918244825369603358e-09 6.308749396816807140e-09 4.722254195909463657e-09 3.335876300298281662e-09 2.206332937626217914e-09 -1.293286879251848912e-08 -1.260564717878734252e-08 -1.206524781765287676e-08 -1.126386001465473293e-08 -1.013011034968428831e-08 -8.681816737547219300e-09 -7.071233635151913739e-09 -5.485319603454124375e-09 -3.962254845216538116e-09 -2.349213499886660825e-09 -4.634585072273479215e-10 1.799292499490747361e-09 4.512479471152799878e-09 7.832619980244236347e-09 1.180517522059798021e-08 1.643376867408534545e-08 2.166689672927419308e-08 2.697512969173805552e-08 3.062674787890755374e-08 2.561857480099405877e-08 1.957476040950008792e-08 1.418753281804924741e-08 9.707397135268726120e-09 6.184855182927215291e-09 -3.544407059527770342e-09 -3.469936425270642134e-09 -3.345832226327878932e-09 -3.157613747652551764e-09 -2.884438700473003399e-09 -2.521497177465161550e-09 -2.094059317797358210e-09 -1.644976541720392917e-09 -1.206680162806930396e-09 -7.566871480874634233e-10 -2.421814788341195441e-10 3.693313003909491387e-10 1.102194315041834438e-09 1.995794445528020448e-09 3.061392680543221770e-09 4.284778785982268736e-09 5.624876170393736128e-09 6.859386765356425706e-09 7.371754762569069967e-09 6.518182539782236089e-09 5.086847161098026253e-09 3.705090633777135172e-09 2.525209726887285075e-09 1.585989888962837052e-09
-6.142763682587258503e-12 -5.690349329114660411e-12 -5.101317124662888229e-12 -4.422321225758411513e-12 -3.633466409479334126e-12 -2.696073791537435458e-12 -1.572114461546294079e-12 -2.185237391505625997e-13 1.362239119309499792e-12 3.177366901704589878e-12 5.297697010179788499e-12 7.744991271660176315e-12 1.052775309839321461e-11 1.371370059557763634e-11 1.727286463270004077e-11 2.112637725044452872e-11 2.521022849437469892e-11 2.919545740727418248e-11 3.244529881334530751e-11 3.356243086893745768e-11 3.084008596673295239e-11 2.636907665480773230e-11 2.159320582767005324e-11 1.711821116670081966e-11 -1.782546495774746963e-11 -1.685684813282245575e-11 -1.546761706417512132e-11 -1.376264262265488067e-11 -1.183724591329805717e-11 -9.812872755639002056e-12 -7.735306903682534489e-12 -5.527665260930014534e-12 -3.132078170868316725e-12 -4.695021863339877700e-13 2.615161150361295158e-12 6.194743513800191734e-12 1.032052593285501566e-11 1.513349406024058271e-11 2.063155319842910879e-11 2.673578649147195238e-11 3.338763220555421775e-11 4.008260527740565235e-11 4.573357236610251407e-11 4.785773726962249565e-11 4.356720093258791206e-11 3.638624808913410912e-11 2.886108418251061339e-11 2.199693456238129541e-11 -2.033583945280514491e-10 -1.968114742652685777e-10 -1.865237046030385111e-10 -1.722424655256108909e-10 -1.537483448022887440e-10 -1.320508359475714220e-10 -1.090188464318853004e-10 -8.581481787151753938e-11 -6.270593887148368575e-11 -3.843935281134785796e-11 -1.083519376980220883e-11 2.131138625384327094e-11 5.888674088498822817e-11 1.035983259202413965e-10 1.558934927842378060e-10 2.155142223545549511e-10 2.824100814485056504e-10 3.519228735747572549e-10 4.126327587630255732e-10 4.368880040348805402e-10 3.934720935071610022e-10 3.202426206972077497e-10 2.453101984425878224e-10 1.789528617663969290e-10 -4.070649821269744806e-09 -3.983797176495144430e-09 -3.841880546893995264e-09 -3.632287382752572516e-09 -3.336179955792443843e-09 -2.949932146720459892e-09 -2.495639586130108617e-09 -2.011530104327047557e-09 -1.537792195251628630e-09 -1.064893126873142012e-09 -5.427816171497929044e-10 6.201877529825371522e-11 7.740614004704068036e-10 1.632502279236150735e-09 2.652926714130564320e-09 3.837591917878386421e-09 5.193353750223451279e-09 6.632568645126273713e-09 7.918244825369603358e-09 8.449145891392276099e-09 7.553116771794167523e-09 6.040839994342669010e-09 4.519721691456716408e-09 3.199218947646325517e-09 -1.221776691924272320e-08 -1.203087562093696739e-08 -1.171758176423694893e-08 -1.122991899355041085e-08 -1.049806200413786085e-08 -9.462593510537400442e-09 -8.137351558142187654e-09 -6.624705384081148322e-09 -5.140631137470946947e-09 -3.721242927523376875e-09 -2.191297753918254243e-09 -4.181002587866398860e-10 1.696049311566958610e-09 4.281980771770220330e-09 7.424152338894695552e-09 1.116107323450586241e-08 1.560171224318983999e-08 2.058761613374720264e-08 2.561857480099405877e-08 2.911918870777439246e-08 2.443491659239854102e-08 1.874907376992016436e-08 1.357904844569649865e-08 9.309824043033577176e-09 -3.309894480356759414e-09 -3.271251260818821620e-09 -3.203554558986246124e-09 -3.094208979604057400e-09 -2.923568857376053184e-09 -2.675311621377982106e-09 -2.344837480707048225e-09 -1.946355117070705362e-09 -1.529511434108964257e-09 -1.124239231040330498e-09 -6.996244263908198003e-10 -2.175087739590627122e-10 3.525991101451619960e-10 1.050050817548985305e-09 1.894965962481726626e-09 2.896953400575672478e-09 4.070350243568165524e-09 5.347196469970032170e-09 6.518182539782236089e-09 7.018620644532813130e-09 6.218845415652456319e-09 4.872935076376799539e-09 3.547255383055892738e-09 2.422755036352170564e-09
-8.342499158936226391e-12 -7.819397450609003370e-12 -7.118380473170930877e-12 -6.316617579932718323e-12 -5.446114257249261179e-12 -4.509992474731152231e-12 -3.471649994075539042e-12 -2.265106403552379415e-12 -8.738374705895489034e-13 7.029391218135944912e-13 2.517294034907635326e-12 4.593957004019220746e-12 6.954260099573124269e-12 9.672697002338762767e-12 1.274788033689562440e-11 1.615093141928550447e-11 1.989887733811237114e-11 2.383723994607888267e-11 2.765660271239649202e-11 3.084008596673295239e-11 3.197386692918792739e-11 2.944754279255348986e-11 2.518241966322936434e-11 2.064875850380670951e-11 -1.901482511795994990e-11 -1.824738470019802335e-11 -1.710280758281527404e-11 -1.562202713975426204e-11 -1.385274051854869612e-11 -1.191643855351372757e-11 -9.918133914698682928e-12 -7.849037752389037518e-12 -5.688602884862599508e-12 -3.378469098011319400e-12 -7.802761086679266374e-13 2.188697469492533648e-12 5.596852670491218070e-12 9.587587353281440868e-12 1.419581426606296448e-11 1.941605091448116741e-11 2.531572234276605072e-11 3.169244417229022315e-11 3.807041667211826406e-11 4.356720093258791206e-11 4.567649562665423177e-11 4.167339426961642307e-11 3.480275583066706834e-11 2.764250475266866976e-11 -1.981965240248926640e-10 -1.938979397631829183e-10 -1.870023044500603498e-10 -1.770762422635437105e-10 -1.634606110162013605e-10 -1.461390451121330014e-10 -1.259219485970534892e-10 -1.039794598668583892e-10 -8.197548020772726854e-11 -6.017376363151400323e-11 -3.687735552518723093e-11 -1.066124066804430599e-11 1.960268725220448236e-11 5.560966559593821680e-11 9.809340725298234939e-11 1.474418088755868539e-10 2.047826816508012065e-10 2.686528202592400554e-10 3.346387249978958090e-10 3.934720935071610539e-10 4.173168263279564103e-10 3.766966927041293591e-10 3.065293548038543282e-10 2.351484765557640253e-10 -3.839355031794085114e-09 -3.789941070667666539e-09 -3.706917657064533882e-09 -3.578813732511985228e-09 -3.386844237491937643e-09 -3.116108808720262028e-09 -2.762336919564169006e-09 -2.336093921173600165e-09 -1.883828956259244442e-09 -1.443110519784321375e-09 -9.945962800707736057e-10 -5.034988830161476782e-10 6.183537583064856944e-11 7.407482349815221778e-10 1.553552229606933372e-09 2.514080883560091739e-09 3.651432692629083834e-09 4.944133362477462641e-09 6.308749396816807140e-09 7.553116771794167523e-09 8.073151817073917057e-09 7.233803172514980033e-09 5.783755831447569511e-09 4.333870285645087114e-09 -1.135118795054905409e-08 -1.126186185589432526e-08 -1.109975844745522688e-08 -1.083155729248805867e-08 -1.039429775177291945e-08 -9.734246392354997072e-09 -8.795094514060922970e-09 -7.564503362978103077e-09 -6.164365399134373341e-09 -4.795527426501049801e-09 -3.458252226677853166e-09 -2.026101824167258279e-09 -3.740352913382178002e-10 1.637552716686601616e-09 4.082149652385385714e-09 7.037362782797501424e-09 1.062228665335904677e-08 1.485362911891147574e-08 1.957476040950008792e-08 2.443491659239854433e-08 2.784861963673518160e-08 2.340668508547135634e-08 1.794876736264221347e-08 1.301850677737042849e-08 -3.047782321154984421e-09 -3.032795266018982715e-09 -3.001630428536012487e-09 -2.944689702651931531e-09 -2.847666134695199039e-09 -2.695101143086035959e-09 -2.472424629272270667e-09 -2.168336151537923966e-09 -1.802543605884748344e-09 -1.420393558232217455e-09 -1.040407279279056478e-09 -6.442528764742677824e-10 -1.960814232839246373e-10 3.455675531224475507e-10 1.004459850635979279e-09 1.798639381106083823e-09 2.759623691272258507e-09 3.877388714441646625e-09 5.086847161098025426e-09 6.218845415652456319e-09 6.707419629223797071e-09 5.957284531642350609e-09 4.665908180897962694e-09 3.401634844987333737e-09
-9.929103064389776828e-12 -9.423500013017628050e-12 -8.715043423296553148e-12 -7.869186688231195776e-12 -6.937684166818178813e-12 -5.970893290061101119e-12 -4.969976274859373705e-12 -3.873897406810063676e-12 -2.645027457126649926e-12 -1.265403131325753901e-12 3.051643275002069752e-13 2.079382809410994552e-12 4.081659163874536403e-12 6.388535293790619565e-12 9.014683894235143187e-12 1.195750068778972353e-11 1.526928938504837066e-11 1.888297145710531495e-11 2.265005012523877699e-11 2.636907665480773230e-11 2.944754279255348986e-11 3.055137312763755332e-11 2.814028138155780804e-11 2.408590070277026643e-11 -1.939577530935457554e-11 -1.882446580702276548e-11 -1.794756774327379372e-11 -1.676410219359368819e-11 -1.527025000189644553e-11 -1.353703782592328321e-11 -1.166911427560776145e-11 -9.714646858708190962e-12 -7.714294870028045364e-12 -5.645292786594321304e-12 -3.398090110237167642e-12 -8.995991506520487840e-13 1.927615016316557798e-12 5.226267444282590459e-12 9.050291004692898107e-12 1.342928297863737125e-11 1.847842646426374580e-11 2.413580697424483963e-11 3.020512922759129848e-11 3.638624808913410912e-11 4.167339426961642307e-11 4.369843821150140834e-11 3.986061295075984154e-11 3.331534041635317928e-11 -1.890820109167306606e-10 -1.864318873999581952e-10 -1.820878525978441566e-10 -1.756206626252108863e-10 -1.663176338993202981e-10 -1.536982513373814859e-10 -1.376909158713222883e-10 -1.185941809532135312e-10 -9.798113191873985880e-11 -7.739658541775632251e-11 -5.659001178914299813e-11 -3.453566571677449898e-11 -9.888200519621014227e-12 1.910920940458648867e-11 5.334401428710351175e-11 9.347689025908826862e-11 1.409993227543547402e-10 1.958034371349921523e-10 2.564362443625695720e-10 3.202426206972077497e-10 3.766966927041293591e-10 3.994537474037430562e-10 3.604215101161976153e-10 2.935090465868093532e-10 -3.571451893386820759e-09 -3.547921259197568751e-09 -3.504864572369107852e-09 -3.432893948566357590e-09 -3.317330003097811412e-09 -3.143184296163069812e-09 -2.897057884153804481e-09 -2.567863806819455469e-09 -2.173296241777855292e-09 -1.756158194111335659e-09 -1.340952089952952873e-09 -9.206500535541413914e-10 -4.622849393167821733e-10 7.673812891552751181e-11 7.201224286446257510e-10 1.486300343193736477e-09 2.410016878024855316e-09 3.496014568111177425e-09 4.722254195909464484e-09 6.040839994342669010e-09 7.233803172514981687e-09 7.728902704273315640e-09 6.921422155382059892e-09 5.537939297547546166e-09 -1.044006756804076155e-08 -1.041410853566503162e-08 -1.034955334038043783e-08 -1.021703838578583797e-08 -9.982332114719096301e-09 -9.592784906633781249e-09 -9.002755973136632568e-09 -8.139723554639673412e-09 -7.011580452135473908e-09 -5.729405166794006929e-09 -4.447318798148283338e-09 -3.200048299420623884e-09 -1.867307149249047553e-09 -2.954129034332511418e-10 1.609123077462091999e-09 3.911853356210976747e-09 6.752983157037500194e-09 1.017494701757903370e-08 1.418753281804924576e-08 1.874907376992016436e-08 2.340668508547135634e-08 2.665330893041788756e-08 2.238364132396931875e-08 1.717669074340083123e-08 -2.783999917807698363e-09 -2.782348305473364249e-09 -2.772661806587625839e-09 -2.748225016993798050e-09 -2.699746103243112041e-09 -2.615740803971643763e-09 -2.482104706519695509e-09 -2.280367564586043940e-09 -2.003987901545593154e-09 -1.670800651064884672e-09 -1.314209458426813345e-09 -9.608021061263273793e-10 -5.930424953429939571e-10 -1.671076977846890557e-10 3.452479824126471217e-10 9.656238627177244960e-10 1.728707101579746045e-09 2.645578919752673850e-09 3.705090633777135172e-09 4.872935076376799539e-09 5.957284531642350609e-09 6.421473493374946314e-09 5.699078281185355525e-09 4.466502726010153246e-09
-1.097183161112043463e-11 -1.053407105187027714e-11 -9.896706930711219250e-12 -9.096993608451515206e-12 -8.172680844941043299e-12 -7.190613720180463183e-12 -6.195057595691966920e-12 -5.162335281694448319e-12 -4.060639700060703446e-12 -2.852816941199550956e-12 -1.487718695019494745e-12 4.079344989022886223e-14 1.745889109403171938e-12 3.698313671009853514e-12 5.922750176504186021e-12 8.431697590470683390e-12 1.129114451622058092e-11 1.447933327862440346e-11 1.793035722408090375e-11 2.159320582767005324e-11 2.518241966322936434e-11 2.814028138155780804e-11 2.924259593990149626e-11 2.697714658227616991e-11 -1.920208162164225199e-11 -1.879788596224852385e-11 -1.816447001321673105e-11 -1.728164686115790045e-11 -1.611534815590230822e-11 -1.468198259431114803e-11 -1.304019351202791656e-11 -1.124133359921103023e-11 -9.374645239481465034e-12 -7.475934115888410866e-12 -5.476273631142440596e-12 -3.325648039029398134e-12 -9.555136079342607917e-13 1.772047970764498565e-12 4.923973730792092930e-12 8.548762716676463961e-12 1.277529553822351702e-11 1.760832655020264590e-11 2.298473903562563813e-11 2.886108418251060693e-11 3.480275583066706834e-11 3.986061295075984154e-11 4.186004040720780836e-11 3.824304611499575626e-11 -1.776551399453124493e-10 -1.761977154071632185e-10 -1.737001503055105784e-10 -1.697927856299609162e-10 -1.638747460613079758e-10 -1.553850415243113194e-10 -1.438664921107237674e-10 -1.289116923777869485e-10 -1.111561804051564235e-10 -9.205197056849700887e-11 -7.256753728802977691e-11 -5.299925939197823844e-11 -3.237364078864323855e-11 -8.856724435320217917e-12 1.862010306490919943e-11 5.087181706902962758e-11 8.943521979158112713e-11 1.347740620729724221e-10 1.867249963471796110e-10 2.453101984425878224e-10 3.065293548038543282e-10 3.604215101161976153e-10 3.827681551916295347e-10 3.459215815244965964e-10 -3.289043340431693192e-09 -3.282220166455272991e-09 -3.264870195355117175e-09 -3.229871438131202890e-09 -3.167145077824824531e-09 -3.065124970473571935e-09 -2.910463885615824939e-09 -2.685660274741902375e-09 -2.385163828283471564e-09 -2.024799954020332554e-09 -1.634593018315335477e-09 -1.247655690745679171e-09 -8.572865241380203877e-10 -4.220714199490686690e-10 8.701180772716679405e-11 6.918304798230410928e-10 1.427008649398823330e-09 2.307349535286808743e-09 3.335876300298281662e-09 4.519721691456716408e-09 5.783755831447569511e-09 6.921422155382059892e-09 7.406321964634052078e-09 6.643387529198004667e-09 -9.533419868608005976e-09 -9.540561143437796640e-09 -9.530287824847907446e-09 -9.485793018320748484e-09 -9.377827051751533399e-09 -9.181337893480504669e-09 -8.847005409050320206e-09 -8.320420918782346361e-09 -7.543280160918283722e-09 -6.521171565936719151e-09 -5.327807029143013417e-09 -4.136896945286409211e-09 -2.981631891619605695e-09 -1.718229164999025657e-09 -2.354014704796050236e-10 1.553955518993868144e-09 3.762272283784364846e-09 6.468562096282134262e-09 9.707397135268726120e-09 1.357904844569649865e-08 1.794876736264221347e-08 2.238364132396931875e-08 2.550726110784815752e-08 2.147995563783011288e-08 -2.526782129597464148e-09 -2.530599765659154190e-09 -2.532279313700214517e-09 -2.527540377729673125e-09 -2.510483972008231887e-09 -2.473061605039445093e-09 -2.404309187413945808e-09 -2.287868112082654188e-09 -2.108545365995771658e-09 -1.859940366294786808e-09 -1.551148371918790541e-09 -1.220859254666457152e-09 -8.939477839545740451e-10 -5.456954837396891473e-10 -1.441744629166379553e-10 3.367451210752963074e-10 9.312641423704289243e-10 1.657699990659814192e-09 2.525209726887285075e-09 3.547255383055892738e-09 4.665908180897962694e-09 5.699078281185356353e-09 6.152701247131894790e-09 5.469670792562178503e-09
-1.154433068459044949e-11 -1.119092884364902721e-11 -1.066185085972202897e-11 -9.970289642612431894e-12 -9.128847102051364464e-12 -8.188679685869326939e-12 -7.208706432299346105e-12 -6.205815465539633197e-12 -5.183509929047863611e-12 -4.110397736803305353e-12 -2.921936469471632436e-12 -1.598203594127697464e-12 -1.323835418378867801e-13 1.528380822096802308e-12 3.409823783809346158e-12 5.533948182755499636e-12 7.970731460811391096e-12 1.072210673901489847e-11 1.376497910501979691e-11 1.711821116670081966e-11 2.064875850380670628e-11 2.408590070277026643e-11 2.697714658227616991e-11 2.807484204004796541e-11 -1.861707830534381244e-11 -1.834344495860607239e-11 -1.790766236104976195e-11 -1.728460975133752930e-11 -1.643086378375872176e-11 -1.532913372676102902e-11 -1.398909725853696988e-11 -1.242554683595380505e-11 -1.072382461949923568e-11 -8.965924508212923226e-12 -7.142287144933534322e-12 -5.237471462821879012e-12 -3.204197754878026983e-12 -9.230698260710063594e-13 1.678686179551422382e-12 4.662717531695893705e-12 8.158428439438491616e-12 1.220178815095308533e-11 1.679288617219284684e-11 2.199693456238129864e-11 2.764250475266866976e-11 3.331534041635317928e-11 3.824304611499575626e-11 4.021575887006073618e-11 -1.652407922281711104e-10 -1.645925917609115290e-10 -1.633473657053805236e-10 -1.612077241866754932e-10 -1.577254465722624201e-10 -1.524230360095040177e-10 -1.447895360515293345e-10 -1.341615899415926272e-10 -1.204004440201561589e-10 -1.040831858090594385e-10 -8.612474046921841413e-11 -6.789831441302119510e-11 -4.967138680694747121e-11 -3.004849801758195768e-11 -7.808252193977515289e-12 1.804476521951424494e-11 4.901327875247640571e-11 8.579026740477213526e-11 1.287589829759820783e-10 1.789528617663968773e-10 2.351484765557640253e-10 2.935090465868094049e-10 3.459215815244965964e-10 3.678569383522403752e-10 -3.010752362402127885e-09 -3.012535806529768642e-09 -3.009915828155986648e-09 -2.997918085935044523e-09 -2.969998824142331907e-09 -2.917980959159724317e-09 -2.831265527780874209e-09 -2.693998689823164252e-09 -2.492425191506515638e-09 -2.220903436336821634e-09 -1.885920856023527876e-09 -1.523748419913302196e-09 -1.165444048179261433e-09 -7.957051043703502691e-10 -3.853906890546199025e-10 9.261053686908813160e-11 6.725259255702938795e-10 1.372840635080101713e-09 2.206332937626217914e-09 3.199218947646325517e-09 4.333870285645087114e-09 5.537939297547546166e-09 6.643387529198004667e-09 7.118234182693012365e-09 -8.666864191759380742e-09 -8.685791479005840599e-09 -8.703588941992228484e-09 -8.706969132360053225e-09 -8.684601503320362575e-09 -8.608802710088426604e-09 -8.456599734421738812e-09 -8.172730834172750175e-09 -7.711204511230729811e-09 -7.016806573264793484e-09 -6.071914581696484680e-09 -4.967636698956141291e-09 -3.866381081133862678e-09 -2.773664966553945433e-09 -1.583428066802531756e-09 -1.925331409624347592e-10 1.521971080479963404e-09 3.623935256987697906e-09 6.184855182927215291e-09 9.309824043033577176e-09 1.301850677737042849e-08 1.717669074340083123e-08 2.147995563783011619e-08 2.453588837839629197e-08 -2.283491770222333499e-09 -2.288347806902999626e-09 -2.295144320498639992e-09 -2.301726518987003891e-09 -2.304299629998661001e-09 -2.296979480883951075e-09 -2.271672003154933125e-09 -2.216352512491637905e-09 -2.116623491851293193e-09 -1.958252703187932954e-09 -1.729802535411727479e-09 -1.444855138122504296e-09 -1.139856041510418326e-09 -8.308921854551506785e-10 -5.032569590782763451e-10 -1.270004265849228836e-10 3.333611684409768364e-10 8.989354485410130422e-10 1.585989888962836845e-09 2.422755036352170150e-09 3.401634844987333737e-09 4.466502726010153246e-09 5.469670792562178503e-09 5.913061748197216506e-09
5.896191919429034195e-10 4.976386734197096363e-10 4.031051766014469251e-10 3.223708328756349491e-10 2.553865687665481888e-10 2.014324974668093068e-10 1.586839208173895885e-10 1.243940538636885681e-10 9.720789005847078964e-11 7.578748244352186061e-11 5.857982675997356681e-11 4.490112335057565181e-11 3.415195069389475892e-11 2.554634247014508734e-11 1.854619549631196768e-11 1.255175727395812751e-11 6.960425097900753796e-12 1.617476664670664889e-12 -3.357243209045095366e-12 -7.809918535257544329e-12 -1.146729120255637299e-11 -1.420054939736779716e-11 -1.608527952906098589e-11 -1.721126256929858067e-11 7.043455317243361498e-10 5.832242539652310818e-10 4.600335871638103471e-10 3.572984471444583423e-10 2.744442030012079041e-10 2.096543508313845883e-10 1.598582644955093471e-10 1.211502911585711274e-10 9.144505101816542683e-11 6.881352360730616107e-11 5.121557545195900478e-11 3.751970727419530505e-11 2.660212195311310318e-11 1.720977380950720346e-11 8.689235344354958398e-12 8.105379422503217736e-13 -6.391945063197563287e-12 -1.244057284095147996e-11 -1.699541276510489571e-11 -2.010326375373203763e-11 -2.190687134777274219e-11 -2.267323028356120188e-11 -2.268858230245476223e-11 -2.217617773072442994e-11 1.080441563847827245e-09 8.780955141854864949e-10 6.748045939205912181e-10 5.094040578795119639e-10 3.797201035023610772e-10 2.812282976661889963e-10 2.077829747402928144e-10 1.524831065165525494e-10 1.114337011343591220e-10 8.103306363986912457e-11 5.748581079237347740e-11 3.830242168230904790e-11 2.162968220208614752e-11 6.319546985262833028e-12 -7.354788580773258609e-12 -1.865276735212566150e-11 -2.718499437775430320e-11 -3.276727194627308353e-11 -3.576596040673309250e-11 -3.682932964367396455e-11 -3.651211276780426618e-11 -3.529999350032810931e-11 -3.352757704791042052e-11 -3.145738052964180771e-11 9.107260334875028504e-09 7.248496804117045987e-09 5.408537495897739663e-09 3.953267788148210839e-09 2.847967533449371690e-09 2.035882887091214057e-09 1.451174537248724516e-09 1.027214724922805922e-09 7.231380238723145330e-10 4.984539818198012946e-10 3.134793113769735110e-10 1.488793155960712666e-10 -1.820479101937548678e-14 -1.292219176557237871e-10 -2.273061714517499392e-10 -2.902295786762803195e-10 -3.233436146633210677e-10 -3.337379486490661964e-10 -3.288949392876276327e-10 -3.146038644583489836e-10 -2.951114992464047439e-10 -2.734625880176585220e-10 -2.511083035251723523e-10 -2.292708008248851832e-10 9.878294991499110751e-08 7.780142867618703750e-08 5.719243201008988188e-08 4.112547435698503155e-08 2.911706023746187631e-08 2.044224710662887293e-08 1.430936849308048789e-08 9.947132256223359153e-09 6.850675089118352450e-09 4.510702138513246417e-09 2.494900363080837178e-09 6.607343824659307916e-10 -9.636896024228013489e-10 -2.270176539087428711e-09 -3.141882336242220212e-09 -3.601927215520125680e-09 -3.758671960766618018e-09 -3.711989527488047586e-09 -3.544407059527770342e-09 -3.309894480356759414e-09 -3.047782321154984421e-09 -2.783999917807698363e-09 -2.526782129597464148e-09 -2.283491770222333499e-09 6.218422782918759796e-07 4.139050197333059782e-07 2.824889479943578399e-07 1.935135831616135068e-07 1.317855159052183144e-07 8.960568178162201510e-08 6.091983369403384451e-08 4.142164932206375341e-08 2.795939648453113500e-08 1.745058634269449457e-08 7.946382331092241803e-09 -8.930583788625905058e-10 -8.510324591444780964e-09 -1.401370907200363098e-08 -1.702505380942846190e-08 -1.815719827030681707e-08 -1.806275343046711518e-08 -1.727478188614704329e-08 -1.611770981337030516e-08 -1.480034543517115164e-08 -1.346513780842499275e-08 -1.218784232425526395e-08 -1.098888373283678828e-08 -9.860794234624640917e-09
4.976386734197095329e-10 4.604790378742969001e-10 3.921364383895127084e-10 3.207800008899645544e-10 2.575558725963924480e-10 2.049221425064766506e-10 1.624212662350980041e-10 1.278933185397846184e-10 1.002442848416433217e-10 7.833389695105402674e-11 6.073446672575157026e-11 4.676636122314843310e-11 3.570777551883117112e-11 2.663921535278720022e-11 1.907259181497008072e-11 1.261459357003947412e-11 6.844198358690879043e-12 1.638923173582159987e-12 -3.027763422036190432e-12 -7.191288829025708584e-12 -1.069583925816666994e-11 -1.341916322191740460e-11 -1.538605299344139879e-11 -1.663297138744704747e-11 5.832242539652309784e-10 5.362548230825954141e-10 4.487811781120041534e-10 3.579755333296489103e-10 2.792637516002699528e-10 2.155119256518148141e-10 1.655264957424343774e-10 1.261396652711281662e-10 9.557890806818466346e-11 7.211526105959841806e-11 5.374927239807554675e-11 3.926004112501295604e-11 2.748845858557086070e-11 1.738263928543330169e-11 8.630209611884247657e-12 1.064764054723666702e-12 -5.583628624991754975e-12 -1.122574737949647748e-11 -1.567597314337464650e-11 -1.890788768279881916e-11 -2.093608130113252712e-11 -2.193529576547592970e-11 -2.215443639907664773e-11 -2.180417101455369575e-11 8.780955141854864949e-10 8.034079128897334623e-10 6.612744571690324087e-10 5.146774746888456177e-10 3.904515744582336805e-10 2.925654120123091376e-10 2.180440827957023270e-10 1.610850429031921813e-10 1.181096068784943856e-10 8.562797758356259145e-11 5.997118036033529089e-11 3.911700204316825332e-11 2.175978746905786595e-11 6.844837178673724507e-12 -5.831545413484064527e-12 -1.629081224268159205e-11 -2.457134366969586577e-11 -3.041803731228156209e-11 -3.390643609861242718e-11 -3.547613762419671612e-11 -3.558308447469365806e-11 -3.469172340273461212e-11 -3.315472140604753837e-11 -3.125063946335769492e-11 7.248496804117045987e-09 6.603701142096440424e-09 5.336648354383761595e-09 4.039773993888928634e-09 2.969197133392445824e-09 2.151790998457633218e-09 1.550187966178876232e-09 1.104885920866602923e-09 7.742156733246674788e-10 5.206509516166673791e-10 3.152429950187506775e-10 1.478239693400220485e-10 1.085912250660359862e-11 -1.043337144183994455e-10 -1.967516219998738404e-10 -2.623982046658219383e-10 -3.019038685385629207e-10 -3.187799958836939413e-10 -3.191221597767284287e-10 -3.086843138865937025e-10 -2.919073528062721747e-10 -2.720474516815360420e-10 -2.507532229874528004e-10 -2.294178092286884167e-10 7.780142867618705073e-08 7.076399637914368285e-08 5.666830488154119450e-08 4.229829048811820655e-08 3.059451779331597581e-08 2.180169133535992786e-08 1.543899936259900870e-08 1.078739752934697208e-08 7.321473229952265542e-09 4.628394930807068356e-09 2.449325243875571696e-09 6.997353235813111793e-10 -7.167718008010199422e-10 -1.889252053223829005e-09 -2.770132786235540373e-09 -3.313283549610060290e-09 -3.560757969737276136e-09 -3.586252980760138592e-09 -3.469936425270642134e-09 -3.271251260818821620e-09 -3.032795266018982715e-09 -2.782348305473364249e-09 -2.530599765659154190e-09 -2.288347806902999626e-09 4.139050197333059782e-07 4.202365580568458809e-07 2.933186503976423255e-07 2.051251002339312541e-07 1.417693885031948066e-07 9.743585324838666377e-08 6.709860544218138128e-08 4.566006749554236991e-08 2.974498412972210080e-08 1.725400718197092936e-08 7.398350149392386460e-09 -3.018002363856952312e-10 -6.575158443652120223e-09 -1.176605326258615906e-08 -1.527865952540294791e-08 -1.698261845577686619e-08 -1.735051837062053616e-08 -1.685828118087034135e-08 -1.590822841158414427e-08 -1.472080328078790319e-08 -1.346335096018009333e-08 -1.221868243705397882e-08 -1.101868955050249277e-08 -9.892203694327702176e-09
4.031051766014469251e-10 3.921364383895126050e-10 3.652631949537537827e-10 3.145065934836463254e-10 2.589912694381694914e-10 2.092766790456017974e-10 1.675682098628236341e-10 1.328833475492267148e-10 1.047066566839178820e-10 8.220724102308756406e-11 6.404109367202851340e-11 4.951246323839688299e-11 3.785934693065315514e-11 2.813623533463067303e-11 1.992044830247030809e-11 1.296764320928334592e-11 6.975353875026244784e-12 1.845330072138677063e-12 -2.545026860179952169e-12 -6.387610740473067364e-12 -9.672631530212840749e-12 -1.233698902391586567e-11 -1.437887837480910312e-11 -1.577501223009191213e-11 4.600335871638102954e-10 4.487811781120041534e-10 4.167452099658641136e-10 3.534001034944335663e-10 2.840723502142088698e-10 2.232194574419227375e-10 1.735117561475139971e-10 1.333584368325494484e-10 1.016936222347100013e-10 7.706650080418268531e-11 5.746527720383531710e-11 4.171557458278737671e-11 2.887589500295690585e-11 1.808037120748792801e-11 9.085243610989078511e-12 1.693208699835170398e-12 -4.502072222016935177e-12 -9.684688497356286684e-12 -1.391662798576924523e-11 -1.721825954871516710e-11 -1.950050283826706500e-11 -2.080995220776557347e-11 -2.132300734114389389e-11 -2.121703836402758741e-11 6.748045939205911147e-10 6.612744571690324087e-10 6.132995406155090848e-10 5.127008839989919421e-10 4.025980812170582495e-10 3.079696044466725433e-10 2.327189479192175532e-10 1.735216854469377266e-10 1.277324815349386185e-10 9.229789117361940536e-11 6.392886500180862066e-11 4.116725311539899388e-11 2.301021355489701463e-11 8.261907655445137858e-12 -3.670522209457480325e-12 -1.330556387279271975e-11 -2.114509204956722126e-11 -2.712859621767450867e-11 -3.115438883246617080e-11 -3.339299793984726999e-11 -3.411402311939121205e-11 -3.371050216067130827e-11 -3.254022823990399483e-11 -3.089696333383674014e-11 5.408537495897739663e-09 5.336648354383762422e-09 4.951019691814234346e-09 4.075031766580826568e-09 3.116768294037419574e-09 2.313228830547900287e-09 1.692345614276807634e-09 1.213721659351294745e-09 8.448171695489187582e-10 5.591475640334002530e-10 3.344748347508540934e-10 1.613206915315039557e-10 2.942608642298440706e-11 -7.481872896939316991e-11 -1.588579086036550486e-10 -2.243095120155433714e-10 -2.701586341135097051e-10 -2.954788763549856917e-10 -3.034184993748936763e-10 -2.989179699528602092e-10 -2.863654677851580436e-10 -2.692910265321570497e-10 -2.497266080744008959e-10 -2.293566497740597146e-10 5.719243201008987526e-08 5.666830488154120111e-08 5.261716101862148561e-08 4.297822950002116405e-08 3.243908425032840201e-08 2.371129893883619993e-08 1.704913503526406545e-08 1.193311514616213461e-08 7.987335695673304545e-09 4.960873681513367780e-09 2.633612383644228376e-09 8.869257411766162417e-10 -4.192739499153180140e-10 -1.452525638261482829e-09 -2.283850754554693397e-09 -2.891089806669924681e-09 -3.250913135975919166e-09 -3.381940342791832042e-09 -3.345832226327878932e-09 -3.203554558986246124e-09 -3.001630428536012487e-09 -2.772661806587625839e-09 -2.532279313700214517e-09 -2.295144320498639992e-09 2.824889479943578399e-07 2.933186503976423255e-07 3.073669941568742937e-07 2.200958511739810204e-07 1.560385667294153278e-07 1.092879536630836828e-07 7.596311176499385800e-08 5.123561415642524610e-08 3.244243519823832369e-08 1.852176060631438757e-08 8.189659405680808277e-09 7.655588560893093492e-10 -4.698703203594728526e-09 -9.126011417554192491e-09 -1.276374322927135617e-08 -1.512802749669498865e-08 -1.615791566404324568e-08 -1.616216100840569467e-08 -1.553198081716083479e-08 -1.455987409676474335e-08 -1.341551286736306556e-08 -1.224012675757603204e-08 -1.105847432727627687e-08 -9.946679807786969267e-09
3.223708328756349491e-10 3.207800008899645544e-10 3.145065934836463254e-10 2.958115957983583900e-10 2.567560319879136868e-10 2.130577997998645640e-10 1.733810792634403611e-10 1.390167787607327704e-10 1.104659921148470817e-10 8.733756000459379206e-11 6.841725631194693476e-11 5.305111963737164567e-11 4.053691933101498692e-11 3.001850791677450378e-11 2.116845176826125212e-11 1.377515343357417243e-11 7.543248321931808622e-12 2.382793337955601323e-12 -1.860798490641884647e-12 -5.456965581080683232e-12 -8.512368446857462014e-12 -1.106210092349653019e-11 -1.313258216048850335e-11 -1.466728674814843894e-11 3.572984471444582906e-10 3.579755333296488069e-10 3.534001034944336180e-10 3.324462800649741560e-10 2.846930599398277902e-10 2.308849599840684777e-10 1.829130295135403770e-10 1.424084512904739266e-10 1.095887157080240121e-10 8.347071325600566742e-11 6.223107577299813185e-11 4.497419677929396333e-11 3.101802442633817070e-11 1.956512575447242242e-11 1.029781573289740774e-11 2.897208035067019490e-12 -3.102217358424541075e-12 -7.965644351859626882e-12 -1.193574905773053088e-11 -1.519457369959682222e-11 -1.767070763793260636e-11 -1.930648223103565583e-11 -2.017506475339512504e-11 -2.038765776353846216e-11 5.094040578795120673e-10 5.146774746888456177e-10 5.127008839989919421e-10 4.833551235884202869e-10 4.088505993691931242e-10 3.243619507670469146e-10 2.503494884536732899e-10 1.890206281892363425e-10 1.398911983616899973e-10 1.010221747281304826e-10 6.979666162259794678e-11 4.512343281378889979e-11 2.597524144573813761e-11 1.095505279142173058e-11 -7.485352015494853006e-13 -9.912918860179805922e-12 -1.732786544058184146e-11 -2.324587037063681169e-11 -2.766415161410281262e-11 -3.058942190604624459e-11 -3.205030307065740823e-11 -3.228739848481365530e-11 -3.162105607366325626e-11 -3.034459312132989962e-11 3.953267788148210012e-09 4.039773993888928634e-09 4.075031766580826568e-09 3.858986234279331307e-09 3.221338576171643770e-09 2.492272076090647106e-09 1.862624258002417632e-09 1.346403130604513009e-09 9.374254240487331219e-10 6.217323623682016020e-10 3.783498795147090831e-10 1.955055623978569328e-10 6.063476356308243658e-11 -4.098839360783861113e-11 -1.191929619575656295e-10 -1.813856139399935215e-10 -2.304904217672688266e-10 -2.639142245330759562e-10 -2.809495781208346458e-10 -2.843103044874890125e-10 -2.776066830239500998e-10 -2.645009991889443170e-10 -2.475283653652474706e-10 -2.287626108655082988e-10 4.112547435698502493e-08 4.229829048811820655e-08 4.297822950002116405e-08 4.082305722207937560e-08 3.385802345339485465e-08 2.584902963532269489e-08 1.895778146175083587e-08 1.333573929031266853e-08 8.938078890300399770e-09 5.615865680448398225e-09 3.119428932910408765e-09 1.291702600406859742e-09 -2.636001982735640259e-11 -1.008265880607652175e-09 -1.771936084555681399e-09 -2.383008551994904842e-09 -2.834093829090647661e-09 -3.087141563187827597e-09 -3.157613747652551764e-09 -3.094208979604057400e-09 -2.944689702651931531e-09 -2.748225016993798050e-09 -2.527540377729673125e-09 -2.301726518987003891e-09 1.935135831616134803e-07 2.051251002339312806e-07 2.200958511739809675e-07 2.374308304783386917e-07 1.728947798767536721e-07 1.241447605675216638e-07 8.691444735200766272e-08 5.829618675062458472e-08 3.707207560887386819e-08 2.167906705320756236e-08 1.062462530674685286e-08 2.767451754964450728e-09 -2.679311655028683268e-09 -6.715973736160786392e-09 -9.970279435502446969e-09 -1.266077642594737191e-08 -1.440739482598573305e-08 -1.507564286181905266e-08 -1.492414731971594665e-08 -1.424626668696723969e-08 -1.329772035646883567e-08 -1.221433942916888157e-08 -1.110595726155627143e-08 -1.001304791477666060e-08
2.553865687665481372e-10 2.575558725963923963e-10 2.589912694381695431e-10 2.567560319879136868e-10 2.438940958005317638e-10 2.136377438170130063e-10 1.787003703227490804e-10 1.458473414875532575e-10 1.173644062922700972e-10 9.364524144976096960e-11 7.380084158291020389e-11 5.737117259183185285e-11 4.382702055838115502e-11 3.243728005924116984e-11 2.295803003706129185e-11 1.515992754431923799e-11 8.673013734906673421e-12 3.380121914595941006e-12 -8.719990087465143440e-13 -4.364834639888311497e-12 -7.257888069319975285e-12 -9.674314574568563128e-12 -1.171352218261795781e-11 -1.333942749619679158e-11 2.744442030012079041e-10 2.792637516002699528e-10 2.840723502142088698e-10 2.846930599398277902e-10 2.712959287982947010e-10 2.348928631049021221e-10 1.922625954171054578e-10 1.527227455560292229e-10 1.189934827983698354e-10 9.120729343385508959e-11 6.815086822031098914e-11 4.934297972456392848e-11 3.426570087445182704e-11 2.208708572360266748e-11 1.241532010974835473e-11 4.824935130289665577e-12 -1.228858220600548492e-12 -6.019901252898400619e-12 -9.832213483099866207e-12 -1.298299454170571621e-11 -1.553603476528544702e-11 -1.743903333247721207e-11 -1.867818711848451153e-11 -1.926720746976709026e-11 3.797201035023610772e-10 3.904515744582336288e-10 4.025980812170582495e-10 4.088505993691931759e-10 3.916733774627572829e-10 3.354522122691073662e-10 2.684148670023742204e-10 2.066254582834321606e-10 1.544642578533574643e-10 1.122485776121274304e-10 7.823764376541014659e-11 5.156395374332545092e-11 3.110091741796449613e-11 1.528443689439982900e-11 3.217937070701393829e-12 -5.977095576927973344e-12 -1.324249645696325420e-11 -1.904779617130304862e-11 -2.363847171444854644e-11 -2.710443918786580882e-11 -2.932006514407373147e-11 -3.031282549310170388e-11 -3.029158700261825732e-11 -2.950766019202214351e-11 2.847967533449372104e-09 2.969197133392445824e-09 3.116768294037419574e-09 3.221338576171643770e-09 3.109526603073133415e-09 2.627084939721128953e-09 2.038011211394460962e-09 1.500770576432500793e-09 1.059366492481747300e-09 7.159015224427795624e-10 4.515383852514134988e-10 2.537874782685234690e-10 1.089893897131938246e-10 1.826452395137499881e-12 -7.732787291077395258e-11 -1.375191509945909770e-10 -1.864968478875346807e-10 -2.250424680264811619e-10 -2.508199848645114901e-10 -2.633719933647983835e-10 -2.642541517703426713e-10 -2.566380775344692077e-10 -2.434480655344276785e-10 -2.271680624368282218e-10 2.911706023746188292e-08 3.059451779331597581e-08 3.243908425032840201e-08 3.385802345339485465e-08 3.281450170459543961e-08 2.749275124157616903e-08 2.094049148835764173e-08 1.503678454385242435e-08 1.028220249622366148e-08 6.665174987593330570e-09 3.943901971179444044e-09 1.953573038614453659e-09 5.278366297182687873e-10 -5.072396702150051029e-10 -1.266084372229989661e-09 -1.853463704995455459e-09 -2.337679009277680320e-09 -2.693226721017083583e-09 -2.884438700473003399e-09 -2.923568857376053184e-09 -2.847666134695199039e-09 -2.699746103243112041e-09 -2.510483972008231887e-09 -2.304299629998661001e-09 1.317855159052182879e-07 1.417693885031947802e-07 1.560385667294153013e-07 1.728947798767536721e-07 1.907557715587887544e-07 1.402493430487775313e-07 9.985239935547618757e-08 6.800080095521472838e-08 4.420345787209866280e-08 2.712466727480578040e-08 1.472649746662271841e-08 6.031975086228389280e-09 -4.976393124137640694e-11 -4.290575348180439692e-09 -7.402157017855265395e-09 -9.921792190939321029e-09 -1.208655228292194523e-08 -1.347205983509388261e-08 -1.394012342386197763e-08 -1.371288756572136146e-08 -1.302974850981737236e-08 -1.213538598818731137e-08 -1.111560813243823271e-08 -1.010110923544926586e-08
2.014324974668093585e-10 2.049221425064767023e-10 2.092766790456017974e-10 2.130577997998645640e-10 2.136377438170129805e-10 2.050013400158417634e-10 1.811558123162303312e-10 1.522120324097879060e-10 1.247645994323157265e-10 1.007325692712021892e-10 7.995793452729415004e-11 6.240204461002083749e-11 4.780154451174737558e-11 3.553862702460765052e-11 2.541401261004210729e-11 1.717974818608265948e-11 1.039784988187936519e-11 4.892851293513652767e-12 4.993659400444952090e-13 -3.049347163582487106e-12 -5.909915385056149495e-12 -8.245020859405329954e-12 -1.022521191358449326e-11 -1.187881237497360828e-11 2.096543508313845883e-10 2.155119256518148141e-10 2.232194574419227375e-10 2.308849599840684777e-10 2.348928631049021221e-10 2.266709736808020758e-10 1.981723104390249224e-10 1.626601604312810103e-10 1.290778658058803082e-10 9.998171702273339437e-11 7.529434962360267742e-11 5.503339324890472430e-11 3.882043864349746309e-11 2.578957206239957543e-11 1.551250965008581626e-11 7.519929234120431036e-12 1.202463707874939593e-12 -3.748191728192101891e-12 -7.607922604916703042e-12 -1.072229515845061577e-11 -1.327343880066228344e-11 -1.532525218922995940e-11 -1.687223285292738928e-11 -1.784466960019092434e-11 2.812282976661889963e-10 2.925654120123091376e-10 3.079696044466725433e-10 3.243619507670469663e-10 3.354522122691073662e-10 3.256496813343147878e-10 2.808854824482389521e-10 2.239238577623853686e-10 1.708186391783216390e-10 1.261178038997297077e-10 8.955591877093647448e-11 6.072070679521387385e-11 3.855842802889663480e-11 2.143886669685427820e-11 8.445528759335642331e-12 -1.314969492746140910e-12 -8.847652231969109591e-12 -1.473536549753649687e-11 -1.941044407374617773e-11 -2.318531530267833299e-11 -2.600335389941112949e-11 -2.775123015181733718e-11 -2.847044902726053554e-11 -2.830179018366757207e-11 2.035882887091214057e-09 2.151790998457633218e-09 2.313228830547900700e-09 2.492272076090647106e-09 2.627084939721128540e-09 2.562310737658764955e-09 2.166996894912155058e-09 1.664019980305968445e-09 1.210015248585337167e-09 8.429664543544939575e-10 5.549829491899818238e-10 3.370653461315034620e-10 1.763493037291980013e-10 5.721242385687705408e-11 -2.973735476386875433e-11 -9.327633245895277695e-11 -1.426197029393425201e-10 -1.827745955658322282e-10 -2.143166550951430161e-10 -2.355520665738480396e-10 -2.451590207451982634e-10 -2.446143712301504609e-10 -2.366452385602085440e-10 -2.239593672642078703e-10 2.044224710662887293e-08 2.180169133535992455e-08 2.371129893883619993e-08 2.584902963532269489e-08 2.749275124157617234e-08 2.685520224112267819e-08 2.247192126271805068e-08 1.692778921674578189e-08 1.201066358170985821e-08 8.111581904122849335e-09 5.111181536690273723e-09 2.884721122898872621e-09 1.275241228667943633e-09 1.059476275725936520e-10 -7.327796824710364867e-10 -1.343301334657835246e-09 -1.828651594557157340e-09 -2.229685277763129962e-09 -2.521497177465161550e-09 -2.675311621377982106e-09 -2.695101143086035959e-09 -2.615740803971643763e-09 -2.473061605039445093e-09 -2.296979480883951075e-09 8.960568178162201510e-08 9.743585324838666377e-08 1.092879536630836828e-07 1.241447605675216638e-07 1.402493430487775313e-07 1.566721735543235935e-07 1.143408590303719241e-07 8.044086874531664811e-08 5.418722479647171035e-08 3.479732087028453099e-08 2.068945846271068781e-08 1.054955701958165100e-08 3.526396607181215942e-09 -1.470477052073007842e-09 -4.911155962306356586e-09 -7.429046098845296915e-09 -9.534028230046237516e-09 -1.134538102416876566e-08 -1.248469384016823362e-08 -1.283078184263456544e-08 -1.257349586999782706e-08 -1.192253114697229617e-08 -1.108877681439241249e-08 -1.015414869023502919e-08
1.586839208173896143e-10 1.624212662350980041e-10 1.675682098628236341e-10 1.733810792634403353e-10 1.787003703227490804e-10 1.811558123162303312e-10 1.754940241592867093e-10 1.559403069916702228e-10 1.315218093258020213e-10 1.079839274285063601e-10 8.661381291951878637e-11 6.809678410642607306e-11 5.253245977855587575e-11 3.942883278678901253e-11 2.862900556079342589e-11 1.988083630751490175e-11 1.271487849338568528e-11 6.919599613249748650e-12 2.290863521389032913e-12 -1.442245622660404595e-12 -4.411195796971814182e-12 -6.772586153875770635e-12 -8.730401854555573930e-12 -1.037702323857632999e-11 1.598582644955093213e-10 1.655264957424343516e-10 1.735117561475139713e-10 1.829130295135403770e-10 1.922625954171054578e-10 1.981723104390249224e-10 1.930325555346505795e-10 1.691375216230008306e-10 1.385217640288076900e-10 1.093719946443053581e-10 8.363303360815322807e-11 6.212176216492507715e-11 4.475401075858279765e-11 3.072796517490760702e-11 1.963935530328916632e-11 1.101826178733526804e-11 4.229641888695191993e-12 -1.064397894933132812e-12 -5.164187804704744399e-12 -8.409622926332345163e-12 -1.100503993329228014e-11 -1.312049783737485586e-11 -1.485713546638793755e-11 -1.614891230488522148e-11 2.077829747402928403e-10 2.180440827957023270e-10 2.327189479192175532e-10 2.503494884536733416e-10 2.684148670023742204e-10 2.808854824482390038e-10 2.743601186926075294e-10 2.362099177739089161e-10 1.873791414300051031e-10 1.421915735832692698e-10 1.036584259298730008e-10 7.258734101430183782e-11 4.837876140982331356e-11 2.950754101042977077e-11 1.510717085962885754e-11 4.295796832356007446e-12 -3.952531428172525159e-12 -1.025519060213324507e-11 -1.514899522178680221e-11 -1.912019687984312862e-11 -2.230909714004722302e-11 -2.466272219051852604e-11 -2.611610600465914366e-11 -2.664825382431537138e-11 1.451174537248724516e-09 1.550187966178875819e-09 1.692345614276807841e-09 1.862624258002417632e-09 2.038011211394461376e-09 2.166996894912154645e-09 2.125399022829647460e-09 1.795980861631752043e-09 1.375557546696406275e-09 9.979731073482328883e-10 6.870581248574410311e-10 4.452346395539162428e-10 2.636424532449926682e-10 1.273393461517996563e-10 2.724561724464774522e-11 -4.523030621408546814e-11 -9.922535856286272351e-11 -1.409343361623168183e-10 -1.747867206298057976e-10 -2.018886325193080717e-10 -2.197799581675207511e-10 -2.273854595122614489e-10 -2.261208911459675681e-10 -2.183396310922626585e-10 1.430936849308048458e-08 1.543899936259901201e-08 1.704913503526406214e-08 1.895778146175083587e-08 2.094049148835764173e-08 2.247192126271805068e-08 2.212894027976991010e-08 1.854529726558303843e-08 1.396038769069903406e-08 9.897105125559543075e-09 6.605531275823339632e-09 4.089476790786414874e-09 2.234086282828135538e-09 8.672991444973952472e-10 -1.178454808447155883e-10 -8.199975664855143998e-10 -1.341615474547548304e-09 -1.754272559854257819e-09 -2.094059317797358210e-09 -2.344837480707048225e-09 -2.472424629272270667e-09 -2.482104706519695509e-09 -2.404309187413945808e-09 -2.271672003154933125e-09 6.091983369403384451e-08 6.709860544218138128e-08 7.596311176499385800e-08 8.691444735200764949e-08 9.985239935547618757e-08 1.143408590303719241e-07 1.300823910888208562e-07 9.478820812824225890e-08 6.661753319560706028e-08 4.486837481373186209e-08 2.843482430413860770e-08 1.656700890756485116e-08 8.078943303002696268e-09 2.088473126236387781e-09 -2.143928160480195025e-09 -5.038203788642360829e-09 -7.195337949104420918e-09 -8.999128480456828666e-09 -1.054320146263133519e-08 -1.152800110903171983e-08 -1.179949920123512189e-08 -1.154784635414175957e-08 -1.093894484693222964e-08 -1.017710232526530397e-08
1.243940538636885940e-10 1.278933185397846184e-10 1.328833475492267148e-10 1.390167787607327704e-10 1.458473414875532575e-10 1.522120324097879319e-10 1.559403069916702228e-10 1.521905620421332148e-10 1.357501032700529482e-10 1.145929335983584235e-10 9.352867173986543136e-11 7.448731336088005635e-11 5.814821983413479773e-11 4.424810782555356288e-11 3.272830605175277235e-11 2.336989310115780291e-11 1.569802872294959372e-11 9.500614946757593237e-12 4.550072476813990557e-12 5.399638604778893011e-13 -2.653935422989958869e-12 -5.163832961483907485e-12 -7.190522427022506809e-12 -8.855759300879462851e-12 1.211502911585711274e-10 1.261396652711281662e-10 1.333584368325494484e-10 1.424084512904739266e-10 1.527227455560291712e-10 1.626601604312810103e-10 1.691375216230008048e-10 1.654778773424607764e-10 1.450436635959769094e-10 1.186320699537843862e-10 9.302087014283031402e-11 7.066443870782199901e-11 5.217869042839089477e-11 3.702775616989122424e-11 2.492949562609634414e-11 1.545993209221348105e-11 7.979865288755517706e-12 2.153107227865265506e-12 -2.347064004716083611e-12 -5.891440642125927757e-12 -8.672311544665252844e-12 -1.088180961095323792e-11 -1.272169554258916657e-11 -1.422243489132700685e-11 1.524831065165525494e-10 1.610850429031921813e-10 1.735216854469377266e-10 1.890206281892363942e-10 2.066254582834321606e-10 2.239238577623853686e-10 2.362099177739089161e-10 2.321285816651732884e-10 2.004033781194114046e-10 1.592289574047395654e-10 1.202508371568624828e-10 8.722617688869147697e-11 6.075842681366777850e-11 3.974498863647367675e-11 2.350227087531682581e-11 1.120374749591986939e-11 1.804476007817204659e-12 -5.302590907462378434e-12 -1.069264188156546161e-11 -1.496138240688725359e-11 -1.840432347855964380e-11 -2.115273481503097803e-11 -2.321331935095101043e-11 -2.445714045388719068e-11 1.027214724922805715e-09 1.104885920866602923e-09 1.213721659351294745e-09 1.346403130604513423e-09 1.500770576432500793e-09 1.664019980305968445e-09 1.795980861631752457e-09 1.784710678674163546e-09 1.519368925642773687e-09 1.169484277988481230e-09 8.457803637638475633e-10 5.798333038328994320e-10 3.736632164757953487e-10 2.155516954531772551e-10 9.763474943114160343e-11 1.156247583084268225e-11 -5.194287000883659558e-11 -9.881855770977720257e-11 -1.347585429594580436e-10 -1.645735134263463737e-10 -1.883460736236557979e-10 -2.039145404050571697e-10 -2.105292196369414443e-10 -2.091362497734956479e-10 9.947132256223359153e-09 1.078739752934697374e-08 1.193311514616213461e-08 1.333573929031266853e-08 1.503678454385242435e-08 1.692778921674578189e-08 1.854529726558303843e-08 1.857157236322313156e-08 1.571034444606766063e-08 1.189984345985592275e-08 8.413908278767137902e-09 5.593349575266705563e-09 3.442570877803729000e-09 1.821241847696834057e-09 6.336141469847398550e-10 -2.171625027389026176e-10 -8.342918825208138092e-10 -1.288049742086950829e-09 -1.644976541720392917e-09 -1.946355117070705362e-09 -2.168336151537923966e-09 -2.280367564586043940e-09 -2.287868112082654188e-09 -2.216352512491637905e-09 4.142164932206375341e-08 4.566006749554236991e-08 5.123561415642524610e-08 5.829618675062458472e-08 6.800080095521471515e-08 8.044086874531664811e-08 9.478820812824225890e-08 1.102202270187060409e-07 8.096974680773224130e-08 5.722224950514986727e-08 3.839422947299396740e-08 2.421505148703512212e-08 1.401031968552290699e-08 6.549211094644855782e-09 1.314521715081775918e-09 -2.353407909051637468e-09 -4.903890142230394410e-09 -6.781284711731576124e-09 -8.354755165032333326e-09 -9.738321024686830504e-09 -1.062421598637246484e-08 -1.086511200293477823e-08 -1.063511504260463811e-08 -1.008109025408413237e-08
9.720789005847078964e-11 1.002442848416433217e-10 1.047066566839178820e-10 1.104659921148470817e-10 1.173644062922700972e-10 1.247645994323157265e-10 1.315218093258020213e-10 1.357501032700529482e-10 1.330423040089886088e-10 1.188155159518968943e-10 9.992591640247346948e-11 8.124572841295742894e-11 6.451509350482567022e-11 4.994487392368786462e-11 3.769632523517251577e-11 2.765171874021482950e-11 1.936442397524579893e-11 1.264434412216016514e-11 7.269068087128902817e-12 2.904977907981214110e-12 -5.936661482157264173e-13 -3.352563905000417707e-12 -5.555709771927863962e-12 -7.317742078874615634e-12 9.144505101816542683e-11 9.557890806818466346e-11 1.016936222347100013e-10 1.095887157080240121e-10 1.189934827983698354e-10 1.290778658058802824e-10 1.385217640288076642e-10 1.450436635959769094e-10 1.426918962560363971e-10 1.254760212470346333e-10 1.024534474341702741e-10 8.021360551471123005e-11 6.089756906882976664e-11 4.461460052664548241e-11 3.137402345195970559e-11 2.087763660095062999e-11 1.251172679275163178e-11 5.961838924030708865e-12 9.007500316446501642e-13 -3.079808656745380831e-12 -6.189301363956458537e-12 -8.610751944617940613e-12 -1.057184742917751873e-11 -1.219389587934513090e-11 1.114337011343590962e-10 1.181096068784943856e-10 1.277324815349385927e-10 1.398911983616899973e-10 1.544642578533574643e-10 1.708186391783216132e-10 1.873791414300051031e-10 2.004033781194114046e-10 1.991645706785279348e-10 1.731463265741111955e-10 1.376392229256187042e-10 1.039562998079754932e-10 7.546200324284885721e-11 5.212431988565369543e-11 3.370992721942377348e-11 1.955946837744656027e-11 8.635475232603046701e-12 3.523820956005373825e-13 -5.863662670637535890e-12 -1.066563255356390719e-11 -1.443899352642891782e-11 -1.746436521608044269e-11 -1.993015780107382575e-11 -2.176566491937622559e-11 7.231380238723145330e-10 7.742156733246673754e-10 8.448171695489189650e-10 9.374254240487329151e-10 1.059366492481747300e-09 1.210015248585337374e-09 1.375557546696406482e-09 1.519368925642773687e-09 1.534552057608653228e-09 1.318921746523751939e-09 1.016968530748057604e-09 7.363039017679160970e-10 5.057325783338873150e-10 3.228294317967135337e-10 1.832764709113279164e-10 7.976443108118392213e-11 2.768607760848538526e-12 -5.351424071313749573e-11 -9.471160962521870804e-11 -1.269598709205710707e-10 -1.536595837574294224e-10 -1.749487572415876627e-10 -1.892240571993611029e-10 -1.952657639827601332e-10 6.850675089118352450e-09 7.321473229952265542e-09 7.987335695673304545e-09 8.938078890300399770e-09 1.028220249622366148e-08 1.201066358170985655e-08 1.396038769069903406e-08 1.571034444606765732e-08 1.601384087702455977e-08 1.368607739417151248e-08 1.038822155603285032e-08 7.356060438627187301e-09 4.901844484638259157e-09 2.986203321996098684e-09 1.549748608885297156e-09 5.041534259142697207e-10 -2.584040307870850687e-10 -8.063734223315223065e-10 -1.206680162806930396e-09 -1.529511434108964257e-09 -1.802543605884748344e-09 -2.003987901545593154e-09 -2.108545365995771658e-09 -2.116623491851293193e-09 2.795939648453113500e-08 2.974498412972210411e-08 3.244243519823832369e-08 3.707207560887386157e-08 4.420345787209866280e-08 5.418722479647171035e-08 6.661753319560706028e-08 8.096974680773224130e-08 9.642372534127174371e-08 7.111281683915950187e-08 5.026772515749951534e-08 3.375586562659096304e-08 2.133663532322346855e-08 1.219838300220918015e-08 5.562478972519423989e-09 9.408224801379188722e-10 -2.352867276534891036e-09 -4.627333438153998817e-09 -6.291879149664653254e-09 -7.731105269373818501e-09 -8.997110206505707509e-09 -9.811573597226799420e-09 -1.004350674259752388e-08 -9.840656800072363441e-09
7.578748244352186061e-11 7.833389695105403967e-11 8.220724102308756406e-11 8.733756000459379206e-11 9.364524144976096960e-11 1.007325692712021892e-10 1.079839274285063601e-10 1.145929335983584364e-10 1.188155159518968943e-10 1.168210102567153658e-10 1.042941319421353589e-10 8.764977830343658040e-11 7.127684181705966075e-11 5.634119535842721554e-11 4.344537057889383300e-11 3.268765609581067902e-11 2.370698377785925579e-11 1.636333963080952553e-11 1.045729090620893590e-11 5.649494547964221467e-12 1.781401498408717880e-12 -1.293592435110362591e-12 -3.761123071494444703e-12 -5.713676337164193197e-12 6.881352360730617399e-11 7.211526105959841806e-11 7.706650080418267238e-11 8.347071325600566742e-11 9.120729343385510251e-11 9.998171702273339437e-11 1.093719946443053581e-10 1.186320699537843862e-10 1.254760212470346074e-10 1.244482991193893828e-10 1.097572293465815429e-10 8.977528376124749031e-11 7.045199648607053566e-11 5.328821745581741367e-11 3.890133617155051723e-11 2.726752503954893587e-11 1.786325601380332371e-11 1.042432199598479432e-11 4.640559413892806386e-12 8.618827795575442390e-14 -3.467420810048239740e-12 -6.221953881388577570e-12 -8.405865869408102800e-12 -1.016012037942287288e-11 8.103306363986913749e-11 8.562797758356259145e-11 9.229789117361943121e-11 1.010221747281304826e-10 1.122485776121274304e-10 1.261178038997297077e-10 1.421915735832692698e-10 1.592289574047395395e-10 1.731463265741111955e-10 1.740799496313739313e-10 1.520475557296832361e-10 1.212130877254611455e-10 9.186689533735746967e-11 6.644725272741583629e-11 4.572709232263117537e-11 2.945661978804859849e-11 1.669926209938560683e-11 6.922679055505344995e-12 -4.367279699610258259e-13 -6.061414565463140210e-12 -1.037068821047001465e-11 -1.373539812303870584e-11 -1.649192366213429687e-11 -1.872919002085078420e-11 4.984539818198012946e-10 5.206509516166673791e-10 5.591475640334002530e-10 6.217323623682016020e-10 7.159015224427795624e-10 8.429664543544937507e-10 9.979731073482328883e-10 1.169484277988481230e-09 1.318921746523751939e-09 1.349509779279163049e-09 1.165998764425882356e-09 9.021007550181598921e-10 6.559660153539081825e-10 4.488733661056156238e-10 2.853820133992638932e-10 1.613088201376374519e-10 6.749123889039769211e-11 -1.728618866012821500e-12 -5.197441125303235485e-11 -8.952446265892425201e-11 -1.188191381618450114e-10 -1.430590298121430086e-10 -1.628609170819887979e-10 -1.761019290928829608e-10 4.510702138513246417e-09 4.628394930807070011e-09 4.960873681513366953e-09 5.615865680448398225e-09 6.665174987593331397e-09 8.111581904122849335e-09 9.897105125559543075e-09 1.189984345985592275e-08 1.368607739417151248e-08 1.413298995163104879e-08 1.214195664082679767e-08 9.248029836147919225e-09 6.579168608487503093e-09 4.367733053190945075e-09 2.651044727846772099e-09 1.371505427904694499e-09 4.220905781896350820e-10 -2.652842287902080416e-10 -7.566871480874634233e-10 -1.124239231040330498e-09 -1.420393558232217455e-09 -1.670800651064884672e-09 -1.859940366294786808e-09 -1.958252703187932954e-09 1.745058634269449457e-08 1.725400718197092936e-08 1.852176060631439088e-08 2.167906705320756236e-08 2.712466727480578040e-08 3.479732087028453099e-08 4.486837481373186209e-08 5.722224950514986727e-08 7.111281683915950187e-08 8.585513168858677446e-08 6.341495878847928900e-08 4.492764910809611562e-08 3.031547706865962414e-08 1.908110551992916272e-08 1.086787017736678674e-08 4.943470548130728422e-09 7.320149894436441482e-10 -2.246543124527739988e-09 -4.299510557309755310e-09 -5.837488322874669591e-09 -7.170175861400609004e-09 -8.337799422777164810e-09 -9.107155521315546093e-09 -9.330680332162241336e-09
5.857982675997356681e-11 6.073446672575157026e-11 6.404109367202851340e-11 6.841725631194693476e-11 7.380084158291020389e-11 7.995793452729413711e-11 8.661381291951878637e-11 9.352867173986543136e-11 9.992591640247346948e-11 1.042941319421353460e-10 1.031237462052253639e-10 9.238458013846985615e-11 7.787143379480617705e-11 6.323333247727602273e-11 4.994127892796213217e-11 3.852217689352192814e-11 2.880656224262413032e-11 2.075571050221642086e-11 1.421829148588729673e-11 8.862032247920187676e-12 4.537223629837733097e-12 1.083718469422539112e-12 -1.712922193431583114e-12 -3.938185240528724520e-12 5.121557545195900478e-11 5.374927239807554675e-11 5.746527720383532356e-11 6.223107577299811892e-11 6.815086822031098914e-11 7.529434962360267742e-11 8.363303360815322807e-11 9.302087014283031402e-11 1.024534474341702611e-10 1.097572293465815687e-10 1.099199831608303841e-10 9.751085282702234499e-11 8.013703156150116565e-11 6.284973126940079722e-11 4.753517892840100438e-11 3.474644088435720040e-11 2.418792932849234233e-11 1.570811311720452267e-11 9.041472097233139260e-12 3.757159000949724457e-12 -3.709488623165570980e-13 -3.566654185409502494e-12 -6.088408111898962838e-12 -8.070468790083277530e-12 5.748581079237348386e-11 5.997118036033530382e-11 6.392886500180862066e-11 6.979666162259795971e-11 7.823764376541014659e-11 8.955591877093647448e-11 1.036584259298730008e-10 1.202508371568624828e-10 1.376392229256187042e-10 1.520475557296832619e-10 1.545882473130879738e-10 1.359173420081078802e-10 1.089537674583226756e-10 8.254312889567520256e-11 5.972234629924460533e-11 4.118715278012011615e-11 2.632631969941290803e-11 1.475327101141587962e-11 5.944042000651298637e-12 -8.126857877215194479e-13 -5.935681600899180185e-12 -9.834667781987613541e-12 -1.294377532747720735e-11 -1.548028130686921668e-11 3.134793113769734593e-10 3.152429950187506775e-10 3.344748347508540934e-10 3.783498795147090831e-10 4.515383852514134471e-10 5.549829491899818238e-10 6.870581248574411345e-10 8.457803637638475633e-10 1.016968530748057604e-09 1.165998764425882356e-09 1.206655340892782003e-09 1.049586375018555082e-09 8.169266173077497507e-10 5.938441782113476541e-10 4.067758718180029573e-10 2.597535966409223793e-10 1.458967730547132411e-10 6.038379359092587552e-11 -2.347985361295582340e-12 -4.884827966457378355e-11 -8.342614998828763013e-11 -1.103149795613131088e-10 -1.330969825318778194e-10 -1.516595568650302763e-10 2.494900363080837178e-09 2.449325243875571282e-09 2.633612383644228376e-09 3.119428932910408765e-09 3.943901971179444044e-09 5.111181536690272069e-09 6.605531275823338804e-09 8.413908278767137902e-09 1.038822155603285032e-08 1.214195664082679767e-08 1.267753140508996552e-08 1.096340863573784853e-08 8.402609800838725302e-09 5.977270708402325087e-09 3.975570229185633392e-09 2.428848251472798186e-09 1.251858397990286496e-09 3.836018993334989987e-10 -2.421814788341195441e-10 -6.996244263908198003e-10 -1.040407279279056478e-09 -1.314209458426813345e-09 -1.551148371918790541e-09 -1.729802535411727479e-09 7.946382331092241803e-09 7.398350149392386460e-09 8.189659405680809931e-09 1.062462530674685120e-08 1.472649746662272172e-08 2.068945846271068781e-08 2.843482430413860770e-08 3.839422947299396740e-08 5.026772515749950872e-08 6.341495878847928900e-08 7.725341815430811256e-08 5.748752116455235068e-08 4.098838392100680531e-08 2.763498669528396840e-08 1.743473334510045751e-08 1.000912739460159903e-08 4.543473565607618636e-09 6.737017465961356488e-10 -2.049107822474251872e-09 -3.970008365000138222e-09 -5.402012946776209303e-09 -6.638689037310644150e-09 -7.748062608550709325e-09 -8.477107620929558738e-09
4.490112335057564535e-11 4.676636122314843310e-11 4.951246323839688299e-11 5.305111963737164567e-11 5.737117259183186577e-11 6.240204461002085042e-11 6.809678410642607306e-11 7.448731336088005635e-11 8.124572841295742894e-11 8.764977830343658040e-11 9.238458013846988200e-11 9.204345353841230910e-11 8.287277707478677010e-11 6.991088083121752362e-11 5.682947292456894626e-11 4.498151066094731598e-11 3.458584308431893170e-11 2.579707731513906950e-11 1.855892604334292849e-11 1.256687579775110055e-11 7.694181885010041475e-12 3.787451822553748872e-12 6.086349393285218467e-13 -1.944682098990522745e-12 3.751970727419531151e-11 3.926004112501294957e-11 4.171557458278737671e-11 4.497419677929396333e-11 4.934297972456394141e-11 5.503339324890471137e-11 6.212176216492507715e-11 7.066443870782201193e-11 8.021360551471123005e-11 8.977528376124747738e-11 9.751085282702234499e-11 9.858920421413096390e-11 8.799833762215180942e-11 7.241848497985886766e-11 5.689149924264942876e-11 4.316461988431229738e-11 3.145133629787110634e-11 2.183753847568882233e-11 1.416112076269365213e-11 8.007860115686474439e-12 3.168743621018506434e-12 -5.824734039595841280e-13 -3.539929603670643871e-12 -5.854873298906158611e-12 3.830242168230904790e-11 3.911700204316825332e-11 4.116725311539898742e-11 4.512343281378889979e-11 5.156395374332545092e-11 6.072070679521387385e-11 7.258734101430185074e-11 8.722617688869146405e-11 1.039562998079754932e-10 1.212130877254611455e-10 1.359173420081078544e-10 1.395288327533211706e-10 1.234527868227549022e-10 9.909640332147840416e-11 7.521961241139975951e-11 5.464126790515434645e-11 3.757072780015817177e-11 2.397262823729412048e-11 1.344963167230826308e-11 5.283323543653365650e-12 -9.346137489737432440e-13 -5.619425954078679473e-12 -9.259477465235973174e-12 -1.214750032506611495e-11 1.488793155960712666e-10 1.478239693400220485e-10 1.613206915315039299e-10 1.955055623978569586e-10 2.537874782685234690e-10 3.370653461315034620e-10 4.452346395539162428e-10 5.798333038328994320e-10 7.363039017679159936e-10 9.021007550181598921e-10 1.049586375018555082e-09 1.095971776032820440e-09 9.591917792985261723e-10 7.475657658870082998e-10 5.448212325921955311e-10 3.753927795079029748e-10 2.394132855341186963e-10 1.347375886136069422e-10 5.653018145733261744e-11 -2.056148619476359179e-12 -4.524189046664209951e-11 -7.720826475640153697e-11 -1.026274104928635121e-10 -1.240726772308215756e-10 6.607343824659306882e-10 6.997353235813111793e-10 8.869257411766165519e-10 1.291702600406859742e-09 1.953573038614453659e-09 2.884721122898873448e-09 4.089476790786415701e-09 5.593349575266705563e-09 7.356060438627187301e-09 9.248029836147919225e-09 1.096340863573784853e-08 1.154510513359311715e-08 1.004576277025808572e-08 7.710962696316897308e-09 5.502495479955615659e-09 3.685859187076657521e-09 2.251725655005592795e-09 1.166301057895777800e-09 3.693313003909491387e-10 -2.175087739590627122e-10 -6.442528764742677824e-10 -9.608021061263273793e-10 -1.220859254666457152e-09 -1.444855138122504296e-09 -8.930583788625908160e-10 -3.018002363856954380e-10 7.655588560893092458e-10 2.767451754964450314e-09 6.031975086228387625e-09 1.054955701958165100e-08 1.656700890756485447e-08 2.421505148703511881e-08 3.375586562659096304e-08 4.492764910809611562e-08 5.748752116455233744e-08 7.085887640516148102e-08 5.285380410697872108e-08 3.771158129340966115e-08 2.550288900543689718e-08 1.621711644724575040e-08 9.308196057684946457e-09 4.253409164629093454e-09 6.913124211462470156e-10 -1.869096128353571866e-09 -3.666143953530077156e-09 -5.000751836362713191e-09 -6.175933888181855310e-09 -7.227051831732436593e-09
3.415195069389475892e-11 3.570777551883117112e-11 3.785934693065315514e-11 4.053691933101498692e-11 4.382702055838115502e-11 4.780154451174737558e-11 5.253245977855586929e-11 5.814821983413479773e-11 6.451509350482567022e-11 7.127684181705966075e-11 7.787143379480616413e-11 8.287277707478678303e-11 8.313033512520458522e-11 7.505567938259572327e-11 6.345140337685306991e-11 5.173413800832400532e-11 4.088339807736129990e-11 3.141603336031447624e-11 2.345681937096723829e-11 1.677138613969076511e-11 1.127647423062323836e-11 6.838674246003606531e-12 3.213187010956265958e-12 2.871297362427559078e-13 2.660212195311310964e-11 2.748845858557086070e-11 2.887589500295690585e-11 3.101802442633817070e-11 3.426570087445182057e-11 3.882043864349747601e-11 4.475401075858279765e-11 5.217869042839088831e-11 6.089756906882975372e-11 7.045199648607053566e-11 8.013703156150116565e-11 8.799833762215180942e-11 8.960091488032224013e-11 8.020917036834854076e-11 6.616576542161419797e-11 5.216858637522118184e-11 3.951808008398961837e-11 2.878428148286841366e-11 2.002516404722227518e-11 1.289444699930081280e-11 7.222615380701875042e-12 2.794904589276611046e-12 -7.022999857322005658e-13 -3.438821833119888757e-12 2.162968220208614752e-11 2.175978746905786272e-11 2.301021355489701140e-11 2.597524144573813761e-11 3.110091741796450259e-11 3.855842802889663480e-11 4.837876140982330710e-11 6.075842681366777850e-11 7.546200324284885721e-11 9.186689533735746967e-11 1.089537674583226756e-10 1.234527868227549022e-10 1.275346832426511516e-10 1.131275631429976819e-10 9.102304632690728409e-11 6.938332533723483803e-11 5.033425309993606000e-11 3.463105066164168008e-11 2.219712794977587887e-11 1.238386576603374970e-11 4.820991094204334267e-12 -9.023828746653541288e-13 -5.303743086826330803e-12 -8.704328493640062596e-12 -1.820479101937859805e-14 1.085912250660359539e-11 2.942608642298441352e-11 6.063476356308243658e-11 1.089893897131938246e-10 1.763493037291980013e-10 2.636424532449926165e-10 3.736632164757952970e-10 5.057325783338872116e-10 6.559660153539081825e-10 8.169266173077497507e-10 9.591917792985259655e-10 1.006877436324653641e-09 8.831917062843588631e-10 6.901829313583422479e-10 5.057108926744345026e-10 3.482635339689992149e-10 2.226333735688558682e-10 1.264354204544418592e-10 5.306844223334142387e-11 -1.557870062625500364e-12 -4.161241981942106341e-11 -7.190443741743318142e-11 -9.587235107499945245e-11 -9.636896024228013489e-10 -7.167718008010199422e-10 -4.192739499153180140e-10 -2.636001982735635090e-11 5.278366297182687873e-10 1.275241228667943633e-09 2.234086282828135538e-09 3.442570877803728173e-09 4.901844484638259157e-09 6.579168608487503093e-09 8.402609800838725302e-09 1.004576277025808903e-08 1.063022132608463203e-08 9.269797158436822353e-09 7.135810386364785507e-09 5.122246512115864450e-09 3.430327299695026418e-09 2.102188365510436418e-09 1.102194315041834438e-09 3.525991101451619960e-10 -1.960814232839246373e-10 -5.930424953429939571e-10 -8.939477839545740451e-10 -1.139856041510418326e-09 -8.510324591444779309e-09 -6.575158443652121051e-09 -4.698703203594728526e-09 -2.679311655028683268e-09 -4.976393124137633586e-11 3.526396607181215942e-09 8.078943303002696268e-09 1.401031968552290699e-08 2.133663532322346194e-08 3.031547706865962414e-08 4.098838392100681193e-08 5.285380410697872108e-08 6.542034698039983058e-08 4.883350983640662583e-08 3.493135813786446410e-08 2.377481596614350453e-08 1.510865661662635965e-08 8.698858226419186062e-09 4.034559563188903144e-09 6.787118189481083991e-10 -1.718690062830664422e-09 -3.391687000413124784e-09 -4.662628826755341464e-09 -5.774855902803952012e-09
2.554634247014508734e-11 2.663921535278719376e-11 2.813623533463067303e-11 3.001850791677449731e-11 3.243728005924116984e-11 3.553862702460765052e-11 3.942883278678900607e-11 4.424810782555356288e-11 4.994487392368786462e-11 5.634119535842722200e-11 6.323333247727603566e-11 6.991088083121752362e-11 7.505567938259572327e-11 7.579114934916008558e-11 6.872147691255221290e-11 5.832835469941657013e-11 4.755409235965650518e-11 3.761324468697024662e-11 2.897917166729876811e-11 2.157173939028163793e-11 1.539189071597659343e-11 1.034627167729285323e-11 6.193718967943842212e-12 2.828383774539573286e-12 1.720977380950720023e-11 1.738263928543330169e-11 1.808037120748793124e-11 1.956512575447242242e-11 2.208708572360266748e-11 2.578957206239957866e-11 3.072796517490760055e-11 3.702775616989122424e-11 4.461460052664548241e-11 5.328821745581741367e-11 6.284973126940079722e-11 7.241848497985886766e-11 8.020917036834852783e-11 8.220840070335340693e-11 7.390820105941886032e-11 6.123340960353288382e-11 4.827576108216047290e-11 3.661482731796058704e-11 2.677125686227520375e-11 1.857828903068518230e-11 1.195656633155533942e-11 6.725413912173720014e-12 2.562411103246550631e-12 -7.022909997033933494e-13 6.319546985262832220e-12 6.844837178673726122e-12 8.261907655445136242e-12 1.095505279142173058e-11 1.528443689439982577e-11 2.143886669685427820e-11 2.950754101042977077e-11 3.974498863647367675e-11 5.212431988565368897e-11 6.644725272741583629e-11 8.254312889567520256e-11 9.909640332147840416e-11 1.131275631429976819e-10 1.175775391038582165e-10 1.047329801047831537e-10 8.467316255801387614e-11 6.455575601654300528e-11 4.693117177309967700e-11 3.247674538696245325e-11 2.079810395984981254e-11 1.164105321324949813e-11 4.625844497052390133e-12 -7.915446624169131237e-13 -4.931543632795440040e-12 -1.292219176557237871e-10 -1.043337144183994067e-10 -7.481872896939316991e-11 -4.098839360783861113e-11 1.826452395137497862e-12 5.721242385687705408e-11 1.273393461517996304e-10 2.155516954531772551e-10 3.228294317967135337e-10 4.488733661056156755e-10 5.938441782113478609e-10 7.475657658870082998e-10 8.831917062843587597e-10 9.323242020108301990e-10 8.212960566584930448e-10 6.453195486371229147e-10 4.730874728122347572e-10 3.267712016311329798e-10 2.105917580660578038e-10 1.197838213341054624e-10 5.096076896386729902e-11 1.086985744700243974e-14 -3.812207744844634358e-11 -6.678332656744236698e-11 -2.270176539087428711e-09 -1.889252053223829005e-09 -1.452525638261482829e-09 -1.008265880607652175e-09 -5.072396702150051029e-10 1.059476275725936262e-10 8.672991444973952472e-10 1.821241847696834057e-09 2.986203321996098271e-09 4.367733053190944248e-09 5.977270708402325914e-09 7.710962696316897308e-09 9.269797158436822353e-09 9.861746193225721053e-09 8.636078834396248421e-09 6.685703713869385433e-09 4.801756494592572159e-09 3.226339636516712554e-09 1.995794445528020448e-09 1.050050817548985305e-09 3.455675531224475507e-10 -1.671076977846890557e-10 -5.456954837396891473e-10 -8.308921854551506785e-10 -1.401370907200363264e-08 -1.176605326258615906e-08 -9.126011417554192491e-09 -6.715973736160786392e-09 -4.290575348180440519e-09 -1.470477052073007842e-09 2.088473126236387781e-09 6.549211094644855782e-09 1.219838300220918346e-08 1.908110551992916272e-08 2.763498669528396840e-08 3.771158129340966777e-08 4.883350983640662583e-08 6.059866632192584823e-08 4.553839259351955932e-08 3.277569093270746014e-08 2.230189696603437954e-08 1.421909545021049889e-08 8.271913771641082359e-09 3.855505054583098543e-09 6.992079369054338170e-10 -1.543762709535950568e-09 -3.139355265498001300e-09 -4.346685130780079324e-09
1.854619549631197092e-11 1.907259181497008072e-11 1.992044830247030485e-11 2.116845176826125212e-11 2.295803003706128539e-11 2.541401261004210406e-11 2.862900556079342589e-11 3.272830605175276589e-11 3.769632523517251577e-11 4.344537057889384592e-11 4.994127892796213217e-11 5.682947292456894626e-11 6.345140337685306991e-11 6.872147691255219998e-11 6.981549327431770008e-11 6.357414860777719461e-11 5.400940314859870663e-11 4.410149813471725212e-11 3.499232776410907240e-11 2.691590881638695470e-11 2.003257155374585572e-11 1.432760506536685023e-11 9.580661792087789564e-12 5.704482314353414551e-12 8.689235344354958398e-12 8.630209611884247657e-12 9.085243610989078511e-12 1.029781573289740774e-11 1.241532010974835473e-11 1.551250965008581626e-11 1.963935530328916632e-11 2.492949562609634414e-11 3.137402345195970559e-11 3.890133617155051723e-11 4.753517892840100438e-11 5.689149924264942876e-11 6.616576542161421089e-11 7.390820105941886032e-11 7.617134029127895262e-11 6.876566501103635732e-11 5.701789491537391132e-11 4.503387671508360340e-11 3.429696650693484700e-11 2.504991894627877954e-11 1.740615803666849638e-11 1.126816349437569036e-11 6.323721753491759020e-12 2.416308663566070480e-12 -7.354788580773258609e-12 -5.831545413484064527e-12 -3.670522209457481941e-12 -7.485352015494859064e-13 3.217937070701394233e-12 8.445528759335640715e-12 1.510717085962886077e-11 2.350227087531682581e-11 3.370992721942377348e-11 4.572709232263118183e-11 5.972234629924460533e-11 7.521961241139975951e-11 9.102304632690727117e-11 1.047329801047831537e-10 1.094043365987843490e-10 9.786193398109892654e-11 7.918812581110833502e-11 6.051307423321076235e-11 4.422560599886702300e-11 3.059346763077968738e-11 1.965030200700900297e-11 1.112165085779291142e-11 4.456237957688799325e-12 -6.568937990777721885e-13 -2.273061714517498875e-10 -1.967516219998738404e-10 -1.588579086036550227e-10 -1.191929619575656037e-10 -7.732787291077395258e-11 -2.973735476386874786e-11 2.724561724464774522e-11 9.763474943114160343e-11 1.832764709113279164e-10 2.853820133992638932e-10 4.067758718180028539e-10 5.448212325921956345e-10 6.901829313583422479e-10 8.212960566584929414e-10 8.708827986329857674e-10 7.703568800514553628e-10 6.057709750687054857e-10 4.452325464459646882e-10 3.094939818989036079e-10 1.995064791840667189e-10 1.140993767811659644e-10 4.976462370688580177e-11 1.176625859756424308e-12 -3.494767015762894497e-11 -3.141882336242220212e-09 -2.770132786235540373e-09 -2.283850754554693811e-09 -1.771936084555681399e-09 -1.266084372229989661e-09 -7.327796824710364867e-10 -1.178454808447155883e-10 6.336141469847397516e-10 1.549748608885296743e-09 2.651044727846772099e-09 3.975570229185633392e-09 5.502495479955616486e-09 7.135810386364785507e-09 8.636078834396248421e-09 9.225265791108511763e-09 8.111393184110540617e-09 6.283659220751833177e-09 4.524894846322822736e-09 3.061392680543221770e-09 1.894965962481726626e-09 1.004459850635979279e-09 3.452479824126471217e-10 -1.441744629166379553e-10 -5.032569590782763451e-10 -1.702505380942846190e-08 -1.527865952540294791e-08 -1.276374322927135617e-08 -9.970279435502446969e-09 -7.402157017855265395e-09 -4.911155962306355758e-09 -2.143928160480194612e-09 1.314521715081775918e-09 5.562478972519425644e-09 1.086787017736678674e-08 1.743473334510045751e-08 2.550288900543689387e-08 3.493135813786446410e-08 4.553839259351955270e-08 5.689367898562133781e-08 4.280830588213267227e-08 3.080990493366215513e-08 2.101704451993605678e-08 1.349944536709421129e-08 7.858448083210263987e-09 3.696373865595136058e-09 7.437768749491545793e-10 -1.400559770555063606e-09 -2.914212574144812297e-09
1.255175727395812751e-11 1.261459357003947412e-11 1.296764320928334592e-11 1.377515343357416920e-11 1.515992754431923799e-11 1.717974818608265948e-11 1.988083630751490175e-11 2.336989310115780291e-11 2.765171874021482950e-11 3.268765609581067902e-11 3.852217689352192814e-11 4.498151066094731598e-11 5.173413800832399886e-11 5.832835469941657013e-11 6.357414860777719461e-11 6.485042322138874482e-11 5.914969708032860482e-11 5.033547779177014527e-11 4.122707221088895308e-11 3.267846145137492212e-11 2.514883418292123823e-11 1.877356917662272144e-11 1.338859311298616751e-11 8.942338096915862898e-12 8.105379422503216727e-13 1.064764054723666702e-12 1.693208699835170398e-12 2.897208035067019490e-12 4.824935130289664770e-12 7.519929234120429421e-12 1.101826178733526804e-11 1.545993209221348105e-11 2.087763660095062999e-11 2.726752503954893910e-11 3.474644088435719393e-11 4.316461988431230385e-11 5.216858637522118184e-11 6.123340960353288382e-11 6.876566501103635732e-11 7.110113617202728040e-11 6.427127594858630597e-11 5.338490686143687175e-11 4.232150633779139677e-11 3.220893172375217295e-11 2.355798512962204927e-11 1.645242022639259977e-11 1.063444711400217710e-11 5.980793629710514170e-12 -1.865276735212566150e-11 -1.629081224268159205e-11 -1.330556387279271975e-11 -9.912918860179805922e-12 -5.977095576927974959e-12 -1.314969492746139900e-12 4.295796832356008253e-12 1.120374749591986939e-11 1.955946837744655704e-11 2.945661978804859849e-11 4.118715278012011615e-11 5.464126790515434645e-11 6.938332533723483803e-11 8.467316255801387614e-11 9.786193398109891361e-11 1.024888521311550140e-10 9.177267981275798077e-11 7.439814942832264565e-11 5.709713554920378479e-11 4.170393929806939732e-11 2.890595625816381100e-11 1.869696777422394866e-11 1.058319175674099174e-11 4.286307474972471098e-12 -2.902295786762803195e-10 -2.623982046658219383e-10 -2.243095120155433714e-10 -1.813856139399934956e-10 -1.375191509945909770e-10 -9.327633245895275110e-11 -4.523030621408546168e-11 1.156247583084268225e-11 7.976443108118392213e-11 1.613088201376374260e-10 2.597535966409223276e-10 3.753927795079029748e-10 5.057108926744346060e-10 6.453195486371229147e-10 7.703568800514553628e-10 8.181792717462161336e-10 7.241572575528430313e-10 5.704278024220105647e-10 4.212505180231807749e-10 2.926249419430267362e-10 1.891210066743774390e-10 1.092693179864966723e-10 4.793306238874720933e-11 1.932964462919059499e-12 -3.601927215520126093e-09 -3.313283549610059462e-09 -2.891089806669924681e-09 -2.383008551994904842e-09 -1.853463704995455459e-09 -1.343301334657835039e-09 -8.199975664855143998e-10 -2.171625027389026176e-10 5.041534259142697207e-10 1.371505427904695119e-09 2.428848251472798186e-09 3.685859187076657521e-09 5.122246512115864450e-09 6.685703713869385433e-09 8.111393184110540617e-09 8.674663092095898882e-09 7.629938140738355277e-09 5.920573157947056805e-09 4.284778785982268736e-09 2.896953400575672478e-09 1.798639381106083823e-09 9.656238627177244960e-10 3.367451210752963074e-10 -1.270004265849228836e-10 -1.815719827030682038e-08 -1.698261845577686619e-08 -1.512802749669498865e-08 -1.266077642594736860e-08 -9.921792190939322683e-09 -7.429046098845298569e-09 -5.038203788642360829e-09 -2.353407909051637054e-09 9.408224801379192858e-10 4.943470548130730077e-09 1.000912739460159903e-08 1.621711644724575040e-08 2.377481596614350453e-08 3.277569093270746014e-08 4.280830588213267227e-08 5.349326728100645295e-08 4.024107968947719397e-08 2.900542949741075288e-08 1.990010266615089997e-08 1.276876121257258452e-08 7.458406960995028170e-09 3.562721916732550708e-09 7.454143928265236404e-10 -1.288186710902954390e-09
6.960425097900753796e-12 6.844198358690879043e-12 6.975353875026246399e-12 7.543248321931808622e-12 8.673013734906671805e-12 1.039784988187936681e-11 1.271487849338568528e-11 1.569802872294959372e-11 1.936442397524579893e-11 2.370698377785925579e-11 2.880656224262412709e-11 3.458584308431892523e-11 4.088339807736129990e-11 4.755409235965648579e-11 5.400940314859870663e-11 5.914969708032860482e-11 6.058533930988221249e-11 5.542185290119532226e-11 4.732290894035640384e-11 3.875659191802737802e-11 3.075958917942114318e-11 2.375731306427388562e-11 1.771269134497579917e-11 1.264428639639500833e-11 -6.391945063197563287e-12 -5.583628624991754975e-12 -4.502072222016935177e-12 -3.102217358424541883e-12 -1.228858220600548694e-12 1.202463707874939795e-12 4.229641888695191185e-12 7.979865288755517706e-12 1.251172679275163340e-11 1.786325601380332371e-11 2.418792932849234233e-11 3.145133629787110634e-11 3.951808008398961837e-11 4.827576108216047290e-11 5.701789491537392424e-11 6.427127594858630597e-11 6.670273326606103548e-11 6.047305985004654782e-11 5.042408624859945774e-11 3.997894488714694017e-11 3.048364632471901544e-11 2.240745388290381215e-11 1.564199085326975869e-11 1.014081315859926230e-11 -2.718499437775429997e-11 -2.457134366969586900e-11 -2.114509204956722126e-11 -1.732786544058184146e-11 -1.324249645696325420e-11 -8.847652231969107975e-12 -3.952531428172525159e-12 1.804476007817204659e-12 8.635475232603046701e-12 1.669926209938560683e-11 2.632631969941290803e-11 3.757072780015816531e-11 5.033425309993605354e-11 6.455575601654300528e-11 7.918812581110832209e-11 9.177267981275798077e-11 9.643413307198919074e-11 8.659761568235890675e-11 7.049370144696324836e-11 5.410238060991574710e-11 3.960194454397095575e-11 2.761750072295922085e-11 1.786797252884097490e-11 1.017359015951132674e-11 -3.233436146633210677e-10 -3.019038685385629207e-10 -2.701586341135097051e-10 -2.304904217672688266e-10 -1.864968478875346807e-10 -1.426197029393425201e-10 -9.922535856286274936e-11 -5.194287000883659558e-11 2.768607760848534487e-12 6.749123889039769211e-11 1.458967730547132411e-10 2.394132855341186963e-10 3.482635339689991632e-10 4.730874728122347572e-10 6.057709750687054857e-10 7.241572575528430313e-10 7.713079163753324363e-10 6.845140475326186626e-10 5.415842428947568856e-10 3.999132043665598991e-10 2.785015636500788898e-10 1.814024575169477177e-10 1.050113363688220928e-10 4.674366374183288565e-11 -3.758671960766617190e-09 -3.560757969737275309e-09 -3.250913135975918339e-09 -2.834093829090647661e-09 -2.337679009277680320e-09 -1.828651594557157340e-09 -1.341615474547548511e-09 -8.342918825208138092e-10 -2.584040307870850687e-10 4.220905781896351337e-10 1.251858397990286496e-09 2.251725655005592795e-09 3.430327299695026832e-09 4.801756494592572159e-09 6.283659220751833177e-09 7.629938140738355277e-09 8.181764309667935841e-09 7.215625451614721518e-09 5.624876170393736128e-09 4.070350243568165524e-09 2.759623691272258507e-09 1.728707101579746045e-09 9.312641423704289243e-10 3.333611684409768364e-10 -1.806275343046711518e-08 -1.735051837062053616e-08 -1.615791566404324237e-08 -1.440739482598573305e-08 -1.208655228292194357e-08 -9.534028230046237516e-09 -7.195337949104421745e-09 -4.903890142230393583e-09 -2.352867276534890622e-09 7.320149894436441482e-10 4.543473565607618636e-09 9.308196057684944802e-09 1.510865661662635965e-08 2.230189696603437954e-08 3.080990493366215513e-08 4.024107968947720059e-08 5.028716775671871028e-08 3.804811703804130700e-08 2.757058006877954612e-08 1.890365594125345217e-08 1.216286875831217400e-08 7.176506533827817695e-09 3.444589320993880939e-09 7.647522564266979451e-10
1.617476664670664485e-12 1.638923173582159987e-12 1.845330072138676659e-12 2.382793337955600515e-12 3.380121914595940199e-12 4.892851293513653574e-12 6.919599613249748650e-12 9.500614946757593237e-12 1.264434412216016514e-11 1.636333963080952876e-11 2.075571050221642086e-11 2.579707731513906950e-11 3.141603336031447624e-11 3.761324468697024016e-11 4.410149813471725858e-11 5.033547779177015173e-11 5.542185290119532226e-11 5.697183437961955300e-11 5.227275036714182902e-11 4.465544232161519222e-11 3.662699620885037854e-11 2.917157058126307616e-11 2.251444118628289281e-11 1.680843677610114014e-11 -1.244057284095147996e-11 -1.122574737949647748e-11 -9.684688497356286684e-12 -7.965644351859626882e-12 -6.019901252898402235e-12 -3.748191728192101891e-12 -1.064397894933132812e-12 2.153107227865265910e-12 5.961838924030708865e-12 1.042432199598479432e-11 1.570811311720452267e-11 2.183753847568882233e-11 2.878428148286841689e-11 3.661482731796058057e-11 4.503387671508359048e-11 5.338490686143687175e-11 6.047305985004654782e-11 6.296415015778604566e-11 5.725731913413729607e-11 4.776496472515632499e-11 3.793798052338988342e-11 2.905263881774865992e-11 2.134521180450222887e-11 1.493362220829391462e-11 -3.276727194627308353e-11 -3.041803731228156209e-11 -2.712859621767450867e-11 -2.324587037063681493e-11 -1.904779617130304862e-11 -1.473536549753649687e-11 -1.025519060213324830e-11 -5.302590907462379241e-12 3.523820956005374835e-13 6.922679055505344995e-12 1.475327101141587962e-11 2.397262823729412371e-11 3.463105066164167362e-11 4.693117177309967700e-11 6.051307423321076235e-11 7.439814942832264565e-11 8.659761568235890675e-11 9.124697466603382822e-11 8.217901976760357837e-11 6.691317589732067747e-11 5.144823401576173499e-11 3.784599107172670797e-11 2.638299698543222986e-11 1.712405343845571580e-11 -3.337379486490661964e-10 -3.187799958836939413e-10 -2.954788763549856917e-10 -2.639142245330759562e-10 -2.250424680264811878e-10 -1.827745955658322282e-10 -1.409343361623168183e-10 -9.881855770977720257e-11 -5.351424071313749573e-11 -1.728618866012822510e-12 6.038379359092587552e-11 1.347375886136069163e-10 2.226333735688558682e-10 3.267712016311329798e-10 4.452325464459646882e-10 5.704278024220104613e-10 6.845140475326186626e-10 7.308097239732960799e-10 6.504455555679749983e-10 5.146586077822033261e-10 3.807756669035819816e-10 2.667293174137635030e-10 1.737351744080569642e-10 1.010945639964027802e-10 -3.711989527488047586e-09 -3.586252980760138592e-09 -3.381940342791832042e-09 -3.087141563187827597e-09 -2.693226721017083583e-09 -2.229685277763129962e-09 -1.754272559854257819e-09 -1.288049742086951036e-09 -8.063734223315223065e-10 -2.652842287902080416e-10 3.836018993334989470e-10 1.166301057895778007e-09 2.102188365510436832e-09 3.226339636516711727e-09 4.524894846322822736e-09 5.920573157947056805e-09 7.215625451614722345e-09 7.755087981198110779e-09 6.859386765356425706e-09 5.347196469970032170e-09 3.877388714441646625e-09 2.645578919752673850e-09 1.657699990659814192e-09 8.989354485410130422e-10 -1.727478188614704329e-08 -1.685828118087034466e-08 -1.616216100840569467e-08 -1.507564286181904935e-08 -1.347205983509388261e-08 -1.134538102416876566e-08 -8.999128480456830320e-09 -6.781284711731576124e-09 -4.627333438153999644e-09 -2.246543124527740402e-09 6.737017465961356488e-10 4.253409164629093454e-09 8.698858226419186062e-09 1.421909545021049889e-08 2.101704451993605678e-08 2.900542949741075288e-08 3.804811703804130700e-08 4.779320696382037039e-08 3.618113689258158336e-08 2.620250743758526881e-08 1.800320139699744074e-08 1.166320907185779398e-08 6.883160679524734869e-09 3.329687653404070714e-09
-3.357243209045095366e-12 -3.027763422036190432e-12 -2.545026860179952169e-12 -1.860798490641885051e-12 -8.719990087465139401e-13 4.993659400444956129e-13 2.290863521389033317e-12 4.550072476813990557e-12 7.269068087128902009e-12 1.045729090620893590e-11 1.421829148588729673e-11 1.855892604334292849e-11 2.345681937096723829e-11 2.897917166729876811e-11 3.499232776410907886e-11 4.122707221088895308e-11 4.732290894035640384e-11 5.227275036714182902e-11 5.383967225664383857e-11 4.943485558154743820e-11 4.228601680257891465e-11 3.478818984062200513e-11 2.768893603589550255e-11 2.139470811766221281e-11 -1.699541276510489248e-11 -1.567597314337464650e-11 -1.391662798576924523e-11 -1.193574905773053088e-11 -9.832213483099867823e-12 -7.607922604916703042e-12 -5.164187804704744399e-12 -2.347064004716083611e-12 9.007500316446500632e-13 4.640559413892806386e-12 9.041472097233137644e-12 1.416112076269365213e-11 2.002516404722227518e-11 2.677125686227520698e-11 3.429696650693485347e-11 4.232150633779139030e-11 5.042408624859945774e-11 5.725731913413729607e-11 5.969317457087771715e-11 5.430585118418856574e-11 4.536016658531891236e-11 3.615084387160315302e-11 2.766294248977924032e-11 2.035329097769864783e-11 -3.576596040673309250e-11 -3.390643609861242718e-11 -3.115438883246617080e-11 -2.766415161410281585e-11 -2.363847171444854967e-11 -1.941044407374617450e-11 -1.514899522178679898e-11 -1.069264188156546161e-11 -5.863662670637535890e-12 -4.367279699610256744e-13 5.944042000651299445e-12 1.344963167230826631e-11 2.219712794977588210e-11 3.247674538696245325e-11 4.422560599886702300e-11 5.709713554920378479e-11 7.049370144696326128e-11 8.217901976760357837e-11 8.664577564964929026e-11 7.803975564728635866e-11 6.361608330975803640e-11 4.909620850214406751e-11 3.608246948202287117e-11 2.519659684040820677e-11 -3.288949392876276327e-10 -3.191221597767285321e-10 -3.034184993748936763e-10 -2.809495781208346458e-10 -2.508199848645114901e-10 -2.143166550951430161e-10 -1.747867206298057976e-10 -1.347585429594580436e-10 -9.471160962521870804e-11 -5.197441125303235485e-11 -2.347985361295580724e-12 5.653018145733261744e-11 1.264354204544418592e-10 2.105917580660578038e-10 3.094939818989036079e-10 4.212505180231807749e-10 5.415842428947568856e-10 6.504455555679752051e-10 6.945212399433016688e-10 6.180116317286374341e-10 4.895423859549494346e-10 3.637239231944985785e-10 2.545235430363092484e-10 1.661418687886227774e-10 -3.544407059527769515e-09 -3.469936425270642134e-09 -3.345832226327878932e-09 -3.157613747652551764e-09 -2.884438700473003399e-09 -2.521497177465161550e-09 -2.094059317797358623e-09 -1.644976541720392917e-09 -1.206680162806930396e-09 -7.566871480874634233e-10 -2.421814788341195441e-10 3.693313003909491904e-10 1.102194315041834438e-09 1.995794445528020861e-09 3.061392680543221770e-09 4.284778785982268736e-09 5.624876170393736128e-09 6.859386765356425706e-09 7.371754762569069967e-09 6.518182539782236089e-09 5.086847161098025426e-09 3.705090633777135172e-09 2.525209726887285075e-09 1.585989888962836845e-09 -1.611770981337030516e-08 -1.590822841158414427e-08 -1.553198081716083479e-08 -1.492414731971594334e-08 -1.394012342386197763e-08 -1.248469384016823362e-08 -1.054320146263133684e-08 -8.354755165032333326e-09 -6.291879149664653254e-09 -4.299510557309756137e-09 -2.049107822474251872e-09 6.913124211462470156e-10 4.034559563188903144e-09 8.271913771641082359e-09 1.349944536709421129e-08 1.990010266615090328e-08 2.757058006877954612e-08 3.618113689258158336e-08 4.540385014885328134e-08 3.435048337882993195e-08 2.490113902999659690e-08 1.719850401504058015e-08 1.112504305930484389e-08 6.581054452703636014e-09
-7.809918535257544329e-12 -7.191288829025709392e-12 -6.387610740473066556e-12 -5.456965581080683232e-12 -4.364834639888311497e-12 -3.049347163582487106e-12 -1.442245622660404797e-12 5.399638604778888972e-13 2.904977907981214110e-12 5.649494547964222274e-12 8.862032247920187676e-12 1.256687579775109732e-11 1.677138613969076511e-11 2.157173939028163470e-11 2.691590881638695470e-11 3.267846145137492212e-11 3.875659191802737155e-11 4.465544232161519222e-11 4.943485558154743820e-11 5.104822682273233025e-11 4.697362452105211707e-11 4.030296124403111082e-11 3.315407438213875005e-11 2.642585706447181619e-11 -2.010326375373203440e-11 -1.890788768279881592e-11 -1.721825954871516710e-11 -1.519457369959682222e-11 -1.298299454170571621e-11 -1.072229515845061738e-11 -8.409622926332345163e-12 -5.891440642125927757e-12 -3.079808656745380831e-12 8.618827795575462585e-14 3.757159000949724457e-12 8.007860115686474439e-12 1.289444699930081280e-11 1.857828903068518230e-11 2.504991894627877954e-11 3.220893172375217295e-11 3.997894488714694017e-11 4.776496472515633145e-11 5.430585118418856574e-11 5.674186263301563966e-11 5.172679672806187710e-11 4.334671570979759736e-11 3.453772952640590798e-11 2.647017396159756852e-11 -3.682932964367397102e-11 -3.547613762419672258e-11 -3.339299793984726999e-11 -3.058942190604624459e-11 -2.710443918786581528e-11 -2.318531530267833299e-11 -1.912019687984312862e-11 -1.496138240688725359e-11 -1.066563255356390557e-11 -6.061414565463140210e-12 -8.126857877215192460e-13 5.283323543653365650e-12 1.238386576603374970e-11 2.079810395984981901e-11 3.059346763077968738e-11 4.170393929806939732e-11 5.410238060991574710e-11 6.691317589732067747e-11 7.803975564728635866e-11 8.244524640543177788e-11 7.440463048911495308e-11 6.086574060335361866e-11 4.695584623100402013e-11 3.457053603644314385e-11 -3.146038644583489836e-10 -3.086843138865937025e-10 -2.989179699528602092e-10 -2.843103044874890125e-10 -2.633719933647983835e-10 -2.355520665738480396e-10 -2.018886325193081234e-10 -1.645735134263463996e-10 -1.269598709205710707e-10 -8.952446265892426494e-11 -4.884827966457378355e-11 -2.056148619476357564e-12 5.306844223334142387e-11 1.197838213341054624e-10 1.995064791840667189e-10 2.926249419430267362e-10 3.999132043665599508e-10 5.146586077822033261e-10 6.180116317286374341e-10 6.611665317101736374e-10 5.895374278057054610e-10 4.687995324032777815e-10 3.481424967853194759e-10 2.441131047415822884e-10 -3.309894480356759414e-09 -3.271251260818821620e-09 -3.203554558986246124e-09 -3.094208979604057400e-09 -2.923568857376053184e-09 -2.675311621377981692e-09 -2.344837480707048225e-09 -1.946355117070705362e-09 -1.529511434108964257e-09 -1.124239231040330498e-09 -6.996244263908198003e-10 -2.175087739590627122e-10 3.525991101451619960e-10 1.050050817548985305e-09 1.894965962481726626e-09 2.896953400575672478e-09 4.070350243568165524e-09 5.347196469970032170e-09 6.518182539782236089e-09 7.018620644532813130e-09 6.218845415652456319e-09 4.872935076376799539e-09 3.547255383055892738e-09 2.422755036352170150e-09 -1.480034543517114998e-08 -1.472080328078789988e-08 -1.455987409676474500e-08 -1.424626668696723969e-08 -1.371288756572136477e-08 -1.283078184263456544e-08 -1.152800110903172314e-08 -9.738321024686828850e-09 -7.731105269373818501e-09 -5.837488322874669591e-09 -3.970008365000138222e-09 -1.869096128353571866e-09 6.787118189481085025e-10 3.855505054583099371e-09 7.858448083210263987e-09 1.276876121257258286e-08 1.890365594125345217e-08 2.620250743758526881e-08 3.435048337882993195e-08 4.307825679243966133e-08 3.276144388710940814e-08 2.386256331509218301e-08 1.646131209487447743e-08 1.067037090102492942e-08
-1.146729120255637299e-11 -1.069583925816666994e-11 -9.672631530212840749e-12 -8.512368446857462014e-12 -7.257888069319973669e-12 -5.909915385056148687e-12 -4.411195796971812567e-12 -2.653935422989958466e-12 -5.936661482157265183e-13 1.781401498408717476e-12 4.537223629837733097e-12 7.694181885010041475e-12 1.127647423062323836e-11 1.539189071597659343e-11 2.003257155374585572e-11 2.514883418292123823e-11 3.075958917942114318e-11 3.662699620885037854e-11 4.228601680257892757e-11 4.697362452105212353e-11 4.861823626283913285e-11 4.484037773271972236e-11 3.848022186957585892e-11 3.169674233104461933e-11 -2.190687134777274219e-11 -2.093608130113252389e-11 -1.950050283826706823e-11 -1.767070763793260636e-11 -1.553603476528544702e-11 -1.327343880066228344e-11 -1.100503993329228337e-11 -8.672311544665252844e-12 -6.189301363956458537e-12 -3.467420810048239740e-12 -3.709488623165572494e-13 3.168743621018506434e-12 7.222615380701875042e-12 1.195656633155533781e-11 1.740615803666849638e-11 2.355798512962204927e-11 3.048364632471901544e-11 3.793798052338988342e-11 4.536016658531891882e-11 5.172679672806187710e-11 5.415010012869263173e-11 4.947305409153544166e-11 4.145692729145387202e-11 3.307653147063390067e-11 -3.651211276780425972e-11 -3.558308447469366452e-11 -3.411402311939121205e-11 -3.205030307065740177e-11 -2.932006514407373147e-11 -2.600335389941112949e-11 -2.230909714004722302e-11 -1.840432347855964703e-11 -1.443899352642891782e-11 -1.037068821047001627e-11 -5.935681600899180993e-12 -9.346137489737434459e-13 4.820991094204333459e-12 1.164105321324949813e-11 1.965030200700900297e-11 2.890595625816381100e-11 3.960194454397094929e-11 5.144823401576173499e-11 6.361608330975803640e-11 7.440463048911494016e-11 7.874142268970244297e-11 7.122130857518568020e-11 5.825123943849431408e-11 4.500307126587053959e-11 -2.951114992464046922e-10 -2.919073528062722781e-10 -2.863654677851580436e-10 -2.776066830239500998e-10 -2.642541517703426713e-10 -2.451590207451982634e-10 -2.197799581675207769e-10 -1.883460736236557720e-10 -1.536595837574293966e-10 -1.188191381618450114e-10 -8.342614998828763013e-11 -4.524189046664210597e-11 -1.557870062625500364e-12 5.096076896386729902e-11 1.140993767811659257e-10 1.891210066743774390e-10 2.785015636500788898e-10 3.807756669035820333e-10 4.895423859549493312e-10 5.895374278057053576e-10 6.317645917440329524e-10 5.646402147963957504e-10 4.488480999113056831e-10 3.338241027677175904e-10 -3.047782321154984835e-09 -3.032795266018982302e-09 -3.001630428536012487e-09 -2.944689702651931118e-09 -2.847666134695199039e-09 -2.695101143086035959e-09 -2.472424629272270667e-09 -2.168336151537923966e-09 -1.802543605884748344e-09 -1.420393558232217455e-09 -1.040407279279056478e-09 -6.442528764742677824e-10 -1.960814232839246631e-10 3.455675531224475507e-10 1.004459850635979279e-09 1.798639381106083823e-09 2.759623691272258507e-09 3.877388714441646625e-09 5.086847161098026253e-09 6.218845415652456319e-09 6.707419629223797071e-09 5.957284531642350609e-09 4.665908180897962694e-09 3.401634844987333737e-09 -1.346513780842499606e-08 -1.346335096018009333e-08 -1.341551286736306556e-08 -1.329772035646883567e-08 -1.302974850981737236e-08 -1.257349586999782706e-08 -1.179949920123512189e-08 -1.062421598637246649e-08 -8.997110206505707509e-09 -7.170175861400607350e-09 -5.402012946776209303e-09 -3.666143953530076329e-09 -1.718690062830664422e-09 6.992079369054336102e-10 3.696373865595136058e-09 7.458406960995028170e-09 1.216286875831217400e-08 1.800320139699744074e-08 2.490113902999660020e-08 3.276144388710940814e-08 4.127462755098263786e-08 3.138924369735933239e-08 2.284019168816309302e-08 1.577831282009061022e-08
-1.420054939736779716e-11 -1.341916322191740299e-11 -1.233698902391586567e-11 -1.106210092349653019e-11 -9.674314574568564744e-12 -8.245020859405329954e-12 -6.772586153875771443e-12 -5.163832961483907485e-12 -3.352563905000418111e-12 -1.293592435110362591e-12 1.083718469422538910e-12 3.787451822553748872e-12 6.838674246003607339e-12 1.034627167729285323e-11 1.432760506536685023e-11 1.877356917662272144e-11 2.375731306427388562e-11 2.917157058126307616e-11 3.478818984062199867e-11 4.030296124403111082e-11 4.484037773271972236e-11 4.644620121071781436e-11 4.284360588318689640e-11 3.680018231849831448e-11 -2.267323028356120188e-11 -2.193529576547592970e-11 -2.080995220776557670e-11 -1.930648223103565583e-11 -1.743903333247721207e-11 -1.532525218922995940e-11 -1.312049783737485586e-11 -1.088180961095323954e-11 -8.610751944617940613e-12 -6.221953881388577570e-12 -3.566654185409502494e-12 -5.824734039595841280e-13 2.794904589276611854e-12 6.725413912173720014e-12 1.126816349437568874e-11 1.645242022639259654e-11 2.240745388290381539e-11 2.905263881774865345e-11 3.615084387160315302e-11 4.334671570979760382e-11 4.947305409153544166e-11 5.180194328464372674e-11 4.731952211010524862e-11 3.968415683536120316e-11 -3.529999350032810285e-11 -3.469172340273461859e-11 -3.371050216067130827e-11 -3.228739848481365530e-11 -3.031282549310170388e-11 -2.775123015181734364e-11 -2.466272219051852604e-11 -2.115273481503097803e-11 -1.746436521608044269e-11 -1.373539812303870261e-11 -9.834667781987613541e-12 -5.619425954078679473e-12 -9.023828746653544317e-13 4.625844497052389325e-12 1.112165085779291142e-11 1.869696777422395189e-11 2.761750072295922731e-11 3.784599107172670151e-11 4.909620850214406751e-11 6.086574060335363158e-11 7.122130857518568020e-11 7.536360484948849589e-11 6.814007549624934825e-11 5.577387315154255605e-11 -2.734625880176585220e-10 -2.720474516815360420e-10 -2.692910265321570497e-10 -2.645009991889443170e-10 -2.566380775344692077e-10 -2.446143712301505126e-10 -2.273854595122614489e-10 -2.039145404050571955e-10 -1.749487572415876627e-10 -1.430590298121430086e-10 -1.103149795613131088e-10 -7.720826475640153697e-11 -4.161241981942106341e-11 1.086985744700243974e-14 4.976462370688580177e-11 1.092693179864966852e-10 1.814024575169477177e-10 2.667293174137634513e-10 3.637239231944985785e-10 4.687995324032777815e-10 5.646402147963958538e-10 6.048173205440329043e-10 5.402224082740679079e-10 4.297340100240516723e-10 -2.783999917807698363e-09 -2.782348305473364249e-09 -2.772661806587625839e-09 -2.748225016993798050e-09 -2.699746103243112041e-09 -2.615740803971643763e-09 -2.482104706519695509e-09 -2.280367564586044353e-09 -2.003987901545593154e-09 -1.670800651064884672e-09 -1.314209458426813345e-09 -9.608021061263273793e-10 -5.930424953429939571e-10 -1.671076977846890557e-10 3.452479824126471217e-10 9.656238627177247028e-10 1.728707101579746045e-09 2.645578919752673437e-09 3.705090633777135172e-09 4.872935076376799539e-09 5.957284531642350609e-09 6.421473493374946314e-09 5.699078281185356353e-09 4.466502726010153246e-09 -1.218784232425526064e-08 -1.221868243705397882e-08 -1.224012675757603204e-08 -1.221433942916887991e-08 -1.213538598818731303e-08 -1.192253114697229617e-08 -1.154784635414176122e-08 -1.086511200293477823e-08 -9.811573597226799420e-09 -8.337799422777164810e-09 -6.638689037310644150e-09 -5.000751836362713191e-09 -3.391687000413124784e-09 -1.543762709535950154e-09 7.437768749491543725e-10 3.562721916732550294e-09 7.176506533827818522e-09 1.166320907185779398e-08 1.719850401504057684e-08 2.386256331509217970e-08 3.138924369735933239e-08 3.948722591675870472e-08 2.999896748745909229e-08 2.184056062349169023e-08
-1.608527952906098589e-11 -1.538605299344139879e-11 -1.437887837480910312e-11 -1.313258216048850496e-11 -1.171352218261795781e-11 -1.022521191358449326e-11 -8.730401854555573930e-12 -7.190522427022507617e-12 -5.555709771927863962e-12 -3.761123071494444703e-12 -1.712922193431583518e-12 6.086349393285219477e-13 3.213187010956265958e-12 6.193718967943842212e-12 9.580661792087789564e-12 1.338859311298616751e-11 1.771269134497579917e-11 2.251444118628289281e-11 2.768893603589550255e-11 3.315407438213875005e-11 3.848022186957585892e-11 4.284360588318690286e-11 4.445112221664801208e-11 4.106812626173736581e-11 -2.268858230245476869e-11 -2.215443639907665096e-11 -2.132300734114389712e-11 -2.017506475339512504e-11 -1.867818711848451476e-11 -1.687223285292738928e-11 -1.485713546638793755e-11 -1.272169554258916496e-11 -1.057184742917751873e-11 -8.405865869408101185e-12 -6.088408111898962838e-12 -3.539929603670644275e-12 -7.022999857322003639e-13 2.562411103246550631e-12 6.323721753491758212e-12 1.063444711400217710e-11 1.564199085326975869e-11 2.134521180450222887e-11 2.766294248977923386e-11 3.453772952640591444e-11 4.145692729145387848e-11 4.731952211010523570e-11 4.962094948354037994e-11 4.539741079034612146e-11 -3.352757704791042052e-11 -3.315472140604753191e-11 -3.254022823990399483e-11 -3.162105607366325626e-11 -3.029158700261825732e-11 -2.847044902726053877e-11 -2.611610600465914366e-11 -2.321331935095101043e-11 -1.993015780107382898e-11 -1.649192366213429687e-11 -1.294377532747720412e-11 -9.259477465235971559e-12 -5.303743086826329995e-12 -7.915446624169135276e-13 4.456237957688799325e-12 1.058319175674099174e-11 1.786797252884097490e-11 2.638299698543223309e-11 3.608246948202287117e-11 4.695584623100402660e-11 5.825123943849430116e-11 6.814007549624936117e-11 7.221116567213555461e-11 6.539425431075035915e-11 -2.511083035251723523e-10 -2.507532229874528004e-10 -2.497266080744008959e-10 -2.475283653652474706e-10 -2.434480655344277302e-10 -2.366452385602085440e-10 -2.261208911459675681e-10 -2.105292196369414443e-10 -1.892240571993611029e-10 -1.628609170819887721e-10 -1.330969825318778194e-10 -1.026274104928635121e-10 -7.190443741743318142e-11 -3.812207744844635650e-11 1.176625859756425116e-12 4.793306238874720933e-11 1.050113363688220928e-10 1.737351744080569642e-10 2.545235430363092484e-10 3.481424967853195276e-10 4.488480999113058382e-10 5.402224082740679079e-10 5.795452147537273567e-10 5.185015991409452353e-10 -2.526782129597464148e-09 -2.530599765659154190e-09 -2.532279313700214103e-09 -2.527540377729673125e-09 -2.510483972008231473e-09 -2.473061605039445093e-09 -2.404309187413945808e-09 -2.287868112082654188e-09 -2.108545365995771658e-09 -1.859940366294787222e-09 -1.551148371918790541e-09 -1.220859254666457152e-09 -8.939477839545741485e-10 -5.456954837396891473e-10 -1.441744629166379553e-10 3.367451210752963074e-10 9.312641423704291311e-10 1.657699990659814192e-09 2.525209726887285075e-09 3.547255383055892738e-09 4.665908180897962694e-09 5.699078281185355525e-09 6.152701247131894790e-09 5.469670792562178503e-09 -1.098888373283678828e-08 -1.101868955050249277e-08 -1.105847432727627852e-08 -1.110595726155627309e-08 -1.111560813243823271e-08 -1.108877681439241249e-08 -1.093894484693222964e-08 -1.063511504260463811e-08 -1.004350674259752388e-08 -9.107155521315546093e-09 -7.748062608550709325e-09 -6.175933888181855310e-09 -4.662628826755341464e-09 -3.139355265498001300e-09 -1.400559770555063606e-09 7.454143928265236404e-10 3.444589320993881353e-09 6.883160679524734042e-09 1.112504305930484389e-08 1.646131209487447743e-08 2.284019168816309633e-08 2.999896748745909229e-08 3.770483588507150565e-08 2.878025579126892246e-08
-1.721126256929858067e-11 -1.663297138744704747e-11 -1.577501223009191213e-11 -1.466728674814843571e-11 -1.333942749619679158e-11 -1.187881237497360828e-11 -1.037702323857632999e-11 -8.855759300879461236e-12 -7.317742078874617249e-12 -5.713676337164193197e-12 -3.938185240528724520e-12 -1.944682098990522745e-12 2.871297362427558573e-13 2.828383774539572882e-12 5.704482314353413743e-12 8.942338096915862898e-12 1.264428639639500672e-11 1.680843677610114014e-11 2.139470811766221281e-11 2.642585706447181619e-11 3.169674233104461286e-11 3.680018231849831448e-11 4.106812626173736581e-11 4.267207570392562390e-11 -2.217617773072442994e-11 -2.180417101455369898e-11 -2.121703836402758418e-11 -2.038765776353846216e-11 -1.926720746976709026e-11 -1.784466960019092434e-11 -1.614891230488522148e-11 -1.422243489132700685e-11 -1.219389587934513090e-11 -1.016012037942287288e-11 -8.070468790083277530e-12 -5.854873298906159419e-12 -3.438821833119889161e-12 -7.022909997033932485e-13 2.416308663566070480e-12 5.980793629710514170e-12 1.014081315859926391e-11 1.493362220829391462e-11 2.035329097769864783e-11 2.647017396159756206e-11 3.307653147063390067e-11 3.968415683536120316e-11 4.539741079034612146e-11 4.766995146828123244e-11 -3.145738052964180125e-11 -3.125063946335769492e-11 -3.089696333383674014e-11 -3.034459312132989962e-11 -2.950766019202214351e-11 -2.830179018366757207e-11 -2.664825382431537138e-11 -2.445714045388719391e-11 -2.176566491937622559e-11 -1.872919002085078420e-11 -1.548028130686921668e-11 -1.214750032506611495e-11 -8.704328493640060980e-12 -4.931543632795440040e-12 -6.568937990777720875e-13 4.286307474972471098e-12 1.017359015951132674e-11 1.712405343845571257e-11 2.519659684040820677e-11 3.457053603644314385e-11 4.500307126587054605e-11 5.577387315154255605e-11 6.539425431075037208e-11 6.939399796373849556e-11 -2.292708008248851832e-10 -2.294178092286884167e-10 -2.293566497740597146e-10 -2.287626108655082988e-10 -2.271680624368282218e-10 -2.239593672642078703e-10 -2.183396310922626585e-10 -2.091362497734956479e-10 -1.952657639827601332e-10 -1.761019290928829608e-10 -1.516595568650302763e-10 -1.240726772308215756e-10 -9.587235107499945245e-11 -6.678332656744235405e-11 -3.494767015762894497e-11 1.932964462919060307e-12 4.674366374183287919e-11 1.010945639964027802e-10 1.661418687886227774e-10 2.441131047415822884e-10 3.338241027677175387e-10 4.297340100240515689e-10 5.185015991409452353e-10 5.569880308333394576e-10 -2.283491770222333499e-09 -2.288347806903000039e-09 -2.295144320498639992e-09 -2.301726518987003891e-09 -2.304299629998661001e-09 -2.296979480883951075e-09 -2.271672003154933125e-09 -2.216352512491637905e-09 -2.116623491851293193e-09 -1.958252703187932954e-09 -1.729802535411727479e-09 -1.444855138122504296e-09 -1.139856041510418326e-09 -8.308921854551506785e-10 -5.032569590782763451e-10 -1.270004265849228836e-10 3.333611684409768881e-10 8.989354485410130422e-10 1.585989888962837052e-09 2.422755036352170564e-09 3.401634844987333737e-09 4.466502726010153246e-09 5.469670792562178503e-09 5.913061748197216506e-09 -9.860794234624639262e-09 -9.892203694327700521e-09 -9.946679807786970921e-09 -1.001304791477666060e-08 -1.010110923544926752e-08 -1.015414869023502919e-08 -1.017710232526530563e-08 -1.008109025408413237e-08 -9.840656800072365096e-09 -9.330680332162241336e-09 -8.477107620929558738e-09 -7.227051831732436593e-09 -5.774855902803952012e-09 -4.346685130780079324e-09 -2.914212574144812297e-09 -1.288186710902954390e-09 7.647522564266979451e-10 3.329687653404070714e-09 6.581054452703635187e-09 1.067037090102492942e-08 1.577831282009061022e-08 2.184056062349169354e-08 2.878025579126891915e-08 3.633367053503124005e-08
